Name,Code,Unit,ItemType,VatRate,SdRate
Sugar,ITM00001,KG,raw,0,0
Wheat,ITM00002,KG,raw,0,0
Oil,ITM00003,KG,raw,0,0
Sugar,ITM00004,KG,raw,0,0
Oil,ITM00005,KG,raw,5,0
Flour,ITM00006,KG,raw,0,0
Flour,ITM00007,KG,raw,0,0
Rice,ITM00008,KG,raw,5,0
Wheat,ITM00009,KG,raw,0,0
Rice,ITM00010,KG,raw,0,0
Oil,ITM00011,KG,raw,5,0
Sugar,ITM00012,KG,raw,5,0
Salt,ITM00013,KG,raw,5,0
Sugar,ITM00014,KG,raw,5,0
Wheat,ITM00015,KG,raw,0,0
Oil,ITM00016,KG,raw,0,0
Rice,ITM00017,KG,raw,0,0
Wheat,ITM00018,KG,raw,5,0
Oil,ITM00019,KG,raw,5,0
Oil,ITM00020,KG,raw,0,0
Rice,ITM00021,KG,raw,5,0
Sugar,ITM00022,KG,raw,5,0
Rice,ITM00023,KG,raw,5,0
Flour,ITM00024,KG,raw,0,0
Sugar,ITM00025,KG,raw,0,0
Salt,ITM00026,KG,raw,0,0
Oil,ITM00027,KG,raw,0,0
Sugar,ITM00028,KG,raw,5,0
Oil,ITM00029,KG,raw,0,0
Oil,ITM00030,KG,raw,0,0
Salt,ITM00031,KG,raw,0,0
Wheat,ITM00032,KG,raw,5,0
Salt,ITM00033,KG,raw,0,0
Sugar,ITM00034,KG,raw,5,0
Rice,ITM00035,KG,raw,0,0
Sugar,ITM00036,KG,raw,0,0
Wheat,ITM00037,KG,raw,0,0
Salt,ITM00038,KG,raw,5,0
Rice,ITM00039,KG,raw,0,0
Rice,ITM00040,KG,raw,0,0
Oil,ITM00041,KG,raw,0,0
Salt,ITM00042,KG,raw,0,0
Wheat,ITM00043,KG,raw,5,0
Salt,ITM00044,KG,raw,5,0
Salt,ITM00045,KG,raw,5,0
Flour,ITM00046,KG,raw,5,0
Wheat,ITM00047,KG,raw,0,0
Salt,ITM00048,KG,raw,0,0
Wheat,ITM00049,KG,raw,5,0
Sugar,ITM00050,KG,raw,0,0
Flour,ITM00051,KG,raw,0,0
Wheat,ITM00052,KG,raw,5,0
Flour,ITM00053,KG,raw,0,0
Salt,ITM00054,KG,raw,0,0
Wheat,ITM00055,KG,raw,0,0
Wheat,ITM00056,KG,raw,0,0
Oil,ITM00057,KG,raw,5,0
Sugar,ITM00058,KG,raw,0,0
Sugar,ITM00059,KG,raw,5,0
Oil,ITM00060,KG,raw,0,0
Wheat,ITM00061,KG,raw,0,0
Oil,ITM00062,KG,raw,5,0
Oil,ITM00063,KG,raw,0,0
Sugar,ITM00064,KG,raw,0,0
Wheat,ITM00065,KG,raw,5,0
Wheat,ITM00066,KG,raw,5,0
Sugar,ITM00067,KG,raw,5,0
Oil,ITM00068,KG,raw,0,0
Salt,ITM00069,KG,raw,5,0
Sugar,ITM00070,KG,raw,0,0
Sugar,ITM00071,KG,raw,0,0
Sugar,ITM00072,KG,raw,0,0
Wheat,ITM00073,KG,raw,5,0
Oil,ITM00074,KG,raw,0,0
Salt,ITM00075,KG,raw,5,0
Oil,ITM00076,KG,raw,5,0
Rice,ITM00077,KG,raw,0,0
Sugar,ITM00078,KG,raw,5,0
Sugar,ITM00079,KG,raw,0,0
Wheat,ITM00080,KG,raw,5,0
Wheat,ITM00081,KG,raw,0,0
Rice,ITM00082,KG,raw,5,0
Sugar,ITM00083,KG,raw,0,0
Flour,ITM00084,KG,raw,0,0
Oil,ITM00085,KG,raw,5,0
Sugar,ITM00086,KG,raw,0,0
Oil,ITM00087,KG,raw,0,0
Flour,ITM00088,KG,raw,5,0
Rice,ITM00089,KG,raw,0,0
Rice,ITM00090,KG,raw,0,0
Oil,ITM00091,KG,raw,0,0
Rice,ITM00092,KG,raw,0,0
Rice,ITM00093,KG,raw,5,0
Sugar,ITM00094,KG,raw,5,0
Wheat,ITM00095,KG,raw,0,0
Rice,ITM00096,KG,raw,0,0
Oil,ITM00097,KG,raw,0,0
Rice,ITM00098,KG,raw,5,0
Flour,ITM00099,KG,raw,5,0
Wheat,ITM00100,KG,raw,0,0
Oil,ITM00101,KG,raw,0,0
Sugar,ITM00102,KG,raw,0,0
Sugar,ITM00103,KG,raw,5,0
Sugar,ITM00104,KG,raw,0,0
Oil,ITM00105,KG,raw,5,0
Salt,ITM00106,KG,raw,0,0
Salt,ITM00107,KG,raw,5,0
Flour,ITM00108,KG,raw,0,0
Salt,ITM00109,KG,raw,5,0
Sugar,ITM00110,KG,raw,5,0
Oil,ITM00111,KG,raw,0,0
Flour,ITM00112,KG,raw,0,0
Sugar,ITM00113,KG,raw,0,0
Oil,ITM00114,KG,raw,5,0
Wheat,ITM00115,KG,raw,5,0
Rice,ITM00116,KG,raw,0,0
Oil,ITM00117,KG,raw,5,0
Sugar,ITM00118,KG,raw,0,0
Wheat,ITM00119,KG,raw,5,0
Rice,ITM00120,KG,raw,5,0
Rice,ITM00121,KG,raw,5,0
Flour,ITM00122,KG,raw,5,0
Flour,ITM00123,KG,raw,5,0
Oil,ITM00124,KG,raw,0,0
Salt,ITM00125,KG,raw,5,0
Rice,ITM00126,KG,raw,0,0
Flour,ITM00127,KG,raw,0,0
Rice,ITM00128,KG,raw,5,0
Sugar,ITM00129,KG,raw,5,0
Oil,ITM00130,KG,raw,0,0
Flour,ITM00131,KG,raw,0,0
Sugar,ITM00132,KG,raw,5,0
Wheat,ITM00133,KG,raw,0,0
Wheat,ITM00134,KG,raw,0,0
Sugar,ITM00135,KG,raw,5,0
Oil,ITM00136,KG,raw,5,0
Wheat,ITM00137,KG,raw,5,0
Sugar,ITM00138,KG,raw,0,0
Oil,ITM00139,KG,raw,5,0
Salt,ITM00140,KG,raw,5,0
Oil,ITM00141,KG,raw,5,0
Rice,ITM00142,KG,raw,0,0
Wheat,ITM00143,KG,raw,5,0
Rice,ITM00144,KG,raw,5,0
Rice,ITM00145,KG,raw,5,0
Rice,ITM00146,KG,raw,5,0
Sugar,ITM00147,KG,raw,5,0
Wheat,ITM00148,KG,raw,5,0
Rice,ITM00149,KG,raw,0,0
Rice,ITM00150,KG,raw,5,0
Rice,ITM00151,KG,raw,5,0
Oil,ITM00152,KG,raw,0,0
Wheat,ITM00153,KG,raw,0,0
Oil,ITM00154,KG,raw,5,0
Flour,ITM00155,KG,raw,0,0
Salt,ITM00156,KG,raw,0,0
Sugar,ITM00157,KG,raw,5,0
Flour,ITM00158,KG,raw,0,0
Wheat,ITM00159,KG,raw,5,0
Flour,ITM00160,KG,raw,0,0
Flour,ITM00161,KG,raw,0,0
Rice,ITM00162,KG,raw,5,0
Oil,ITM00163,KG,raw,0,0
Salt,ITM00164,KG,raw,5,0
Rice,ITM00165,KG,raw,5,0
Rice,ITM00166,KG,raw,0,0
Salt,ITM00167,KG,raw,0,0
Wheat,ITM00168,KG,raw,5,0
Flour,ITM00169,KG,raw,5,0
Flour,ITM00170,KG,raw,5,0
Flour,ITM00171,KG,raw,5,0
Sugar,ITM00172,KG,raw,5,0
Flour,ITM00173,KG,raw,5,0
Wheat,ITM00174,KG,raw,5,0
Rice,ITM00175,KG,raw,0,0
Oil,ITM00176,KG,raw,0,0
Rice,ITM00177,KG,raw,5,0
Oil,ITM00178,KG,raw,5,0
Wheat,ITM00179,KG,raw,5,0
Wheat,ITM00180,KG,raw,5,0
Wheat,ITM00181,KG,raw,0,0
Flour,ITM00182,KG,raw,0,0
Oil,ITM00183,KG,raw,0,0
Salt,ITM00184,KG,raw,0,0
Rice,ITM00185,KG,raw,0,0
Salt,ITM00186,KG,raw,0,0
Wheat,ITM00187,KG,raw,5,0
Sugar,ITM00188,KG,raw,0,0
Oil,ITM00189,KG,raw,5,0
Sugar,ITM00190,KG,raw,5,0
Rice,ITM00191,KG,raw,5,0
Flour,ITM00192,KG,raw,0,0
Rice,ITM00193,KG,raw,0,0
Sugar,ITM00194,KG,raw,5,0
Sugar,ITM00195,KG,raw,0,0
Rice,ITM00196,KG,raw,5,0
Sugar,ITM00197,KG,raw,5,0
Salt,ITM00198,KG,raw,0,0
Sugar,ITM00199,KG,raw,5,0
Flour,ITM00200,KG,raw,5,0
Oil,ITM00201,KG,raw,0,0
Wheat,ITM00202,KG,raw,5,0
Flour,ITM00203,KG,raw,0,0
Sugar,ITM00204,KG,raw,5,0
Flour,ITM00205,KG,raw,5,0
Rice,ITM00206,KG,raw,0,0
Flour,ITM00207,KG,raw,0,0
Sugar,ITM00208,KG,raw,5,0
Wheat,ITM00209,KG,raw,5,0
Rice,ITM00210,KG,raw,0,0
Salt,ITM00211,KG,raw,0,0
Wheat,ITM00212,KG,raw,0,0
Rice,ITM00213,KG,raw,0,0
Wheat,ITM00214,KG,raw,5,0
Rice,ITM00215,KG,raw,0,0
Wheat,ITM00216,KG,raw,5,0
Flour,ITM00217,KG,raw,0,0
Rice,ITM00218,KG,raw,0,0
Oil,ITM00219,KG,raw,5,0
Wheat,ITM00220,KG,raw,0,0
Sugar,ITM00221,KG,raw,0,0
Rice,ITM00222,KG,raw,0,0
Rice,ITM00223,KG,raw,5,0
Salt,ITM00224,KG,raw,5,0
Sugar,ITM00225,KG,raw,5,0
Salt,ITM00226,KG,raw,0,0
Wheat,ITM00227,KG,raw,0,0
Sugar,ITM00228,KG,raw,5,0
Wheat,ITM00229,KG,raw,0,0
Sugar,ITM00230,KG,raw,0,0
Sugar,ITM00231,KG,raw,0,0
Salt,ITM00232,KG,raw,5,0
Oil,ITM00233,KG,raw,0,0
Flour,ITM00234,KG,raw,0,0
Salt,ITM00235,KG,raw,0,0
Rice,ITM00236,KG,raw,0,0
Oil,ITM00237,KG,raw,5,0
Sugar,ITM00238,KG,raw,5,0
Rice,ITM00239,KG,raw,0,0
Oil,ITM00240,KG,raw,0,0
Salt,ITM00241,KG,raw,0,0
Rice,ITM00242,KG,raw,5,0
Wheat,ITM00243,KG,raw,0,0
Oil,ITM00244,KG,raw,5,0
Sugar,ITM00245,KG,raw,5,0
Sugar,ITM00246,KG,raw,0,0
Rice,ITM00247,KG,raw,5,0
Sugar,ITM00248,KG,raw,0,0
Salt,ITM00249,KG,raw,5,0
Wheat,ITM00250,KG,raw,0,0
Salt,ITM00251,KG,raw,5,0
Flour,ITM00252,KG,raw,5,0
Oil,ITM00253,KG,raw,5,0
Salt,ITM00254,KG,raw,0,0
Rice,ITM00255,KG,raw,0,0
Wheat,ITM00256,KG,raw,0,0
Oil,ITM00257,KG,raw,0,0
Oil,ITM00258,KG,raw,0,0
Rice,ITM00259,KG,raw,0,0
Oil,ITM00260,KG,raw,0,0
Salt,ITM00261,KG,raw,5,0
Oil,ITM00262,KG,raw,0,0
Sugar,ITM00263,KG,raw,5,0
Sugar,ITM00264,KG,raw,0,0
Salt,ITM00265,KG,raw,0,0
Rice,ITM00266,KG,raw,5,0
Rice,ITM00267,KG,raw,5,0
Wheat,ITM00268,KG,raw,5,0
Salt,ITM00269,KG,raw,5,0
Rice,ITM00270,KG,raw,5,0
Sugar,ITM00271,KG,raw,5,0
Oil,ITM00272,KG,raw,0,0
Oil,ITM00273,KG,raw,0,0
Sugar,ITM00274,KG,raw,5,0
Salt,ITM00275,KG,raw,5,0
Flour,ITM00276,KG,raw,5,0
Wheat,ITM00277,KG,raw,0,0
Rice,ITM00278,KG,raw,5,0
Rice,ITM00279,KG,raw,0,0
Sugar,ITM00280,KG,raw,5,0
Wheat,ITM00281,KG,raw,5,0
Salt,ITM00282,KG,raw,5,0
Oil,ITM00283,KG,raw,5,0
Salt,ITM00284,KG,raw,0,0
Sugar,ITM00285,KG,raw,5,0
Rice,ITM00286,KG,raw,5,0
Wheat,ITM00287,KG,raw,5,0
Salt,ITM00288,KG,raw,0,0
Flour,ITM00289,KG,raw,5,0
Wheat,ITM00290,KG,raw,0,0
Rice,ITM00291,KG,raw,0,0
Sugar,ITM00292,KG,raw,5,0
Flour,ITM00293,KG,raw,5,0
Flour,ITM00294,KG,raw,5,0
Oil,ITM00295,KG,raw,0,0
Salt,ITM00296,KG,raw,5,0
Sugar,ITM00297,KG,raw,0,0
Salt,ITM00298,KG,raw,0,0
Salt,ITM00299,KG,raw,5,0
Flour,ITM00300,KG,raw,0,0
Oil,ITM00301,KG,raw,5,0
Rice,ITM00302,KG,raw,0,0
Rice,ITM00303,KG,raw,0,0
Wheat,ITM00304,KG,raw,5,0
Oil,ITM00305,KG,raw,0,0
Sugar,ITM00306,KG,raw,5,0
Wheat,ITM00307,KG,raw,5,0
Sugar,ITM00308,KG,raw,5,0
Sugar,ITM00309,KG,raw,5,0
Salt,ITM00310,KG,raw,5,0
Rice,ITM00311,KG,raw,0,0
Oil,ITM00312,KG,raw,5,0
Flour,ITM00313,KG,raw,5,0
Oil,ITM00314,KG,raw,0,0
Rice,ITM00315,KG,raw,5,0
Salt,ITM00316,KG,raw,5,0
Rice,ITM00317,KG,raw,0,0
Wheat,ITM00318,KG,raw,5,0
Sugar,ITM00319,KG,raw,0,0
Wheat,ITM00320,KG,raw,5,0
Oil,ITM00321,KG,raw,5,0
Flour,ITM00322,KG,raw,5,0
Wheat,ITM00323,KG,raw,0,0
Salt,ITM00324,KG,raw,5,0
Wheat,ITM00325,KG,raw,0,0
Sugar,ITM00326,KG,raw,5,0
Sugar,ITM00327,KG,raw,0,0
Wheat,ITM00328,KG,raw,0,0
Sugar,ITM00329,KG,raw,5,0
Salt,ITM00330,KG,raw,5,0
Rice,ITM00331,KG,raw,0,0
Oil,ITM00332,KG,raw,0,0
Oil,ITM00333,KG,raw,5,0
Rice,ITM00334,KG,raw,0,0
Rice,ITM00335,KG,raw,0,0
Sugar,ITM00336,KG,raw,5,0
Salt,ITM00337,KG,raw,5,0
Flour,ITM00338,KG,raw,0,0
Oil,ITM00339,KG,raw,5,0
Salt,ITM00340,KG,raw,5,0
Oil,ITM00341,KG,raw,0,0
Wheat,ITM00342,KG,raw,0,0
Oil,ITM00343,KG,raw,0,0
Wheat,ITM00344,KG,raw,5,0
Flour,ITM00345,KG,raw,0,0
Flour,ITM00346,KG,raw,5,0
Salt,ITM00347,KG,raw,5,0
Sugar,ITM00348,KG,raw,0,0
Flour,ITM00349,KG,raw,5,0
Sugar,ITM00350,KG,raw,0,0
Flour,ITM00351,KG,raw,0,0
Wheat,ITM00352,KG,raw,0,0
Sugar,ITM00353,KG,raw,0,0
Wheat,ITM00354,KG,raw,5,0
Wheat,ITM00355,KG,raw,0,0
Rice,ITM00356,KG,raw,0,0
Flour,ITM00357,KG,raw,5,0
Rice,ITM00358,KG,raw,5,0
Oil,ITM00359,KG,raw,5,0
Flour,ITM00360,KG,raw,5,0
Flour,ITM00361,KG,raw,5,0
Rice,ITM00362,KG,raw,0,0
Wheat,ITM00363,KG,raw,5,0
Salt,ITM00364,KG,raw,5,0
Sugar,ITM00365,KG,raw,5,0
Rice,ITM00366,KG,raw,0,0
Rice,ITM00367,KG,raw,0,0
Rice,ITM00368,KG,raw,0,0
Salt,ITM00369,KG,raw,0,0
Salt,ITM00370,KG,raw,5,0
Oil,ITM00371,KG,raw,5,0
Salt,ITM00372,KG,raw,5,0
Oil,ITM00373,KG,raw,5,0
Wheat,ITM00374,KG,raw,5,0
Rice,ITM00375,KG,raw,0,0
Flour,ITM00376,KG,raw,0,0
Salt,ITM00377,KG,raw,5,0
Flour,ITM00378,KG,raw,5,0
Sugar,ITM00379,KG,raw,0,0
Wheat,ITM00380,KG,raw,0,0
Sugar,ITM00381,KG,raw,5,0
Wheat,ITM00382,KG,raw,0,0
Oil,ITM00383,KG,raw,0,0
Oil,ITM00384,KG,raw,0,0
Salt,ITM00385,KG,raw,0,0
Wheat,ITM00386,KG,raw,0,0
Salt,ITM00387,KG,raw,5,0
Salt,ITM00388,KG,raw,5,0
Salt,ITM00389,KG,raw,0,0
Salt,ITM00390,KG,raw,5,0
Rice,ITM00391,KG,raw,5,0
Flour,ITM00392,KG,raw,0,0
Wheat,ITM00393,KG,raw,5,0
Sugar,ITM00394,KG,raw,5,0
Rice,ITM00395,KG,raw,0,0
Flour,ITM00396,KG,raw,0,0
Sugar,ITM00397,KG,raw,0,0
Salt,ITM00398,KG,raw,5,0
Flour,ITM00399,KG,raw,5,0
Rice,ITM00400,KG,raw,5,0
Wheat,ITM00401,KG,raw,0,0
Salt,ITM00402,KG,raw,0,0
Sugar,ITM00403,KG,raw,0,0
Oil,ITM00404,KG,raw,5,0
Flour,ITM00405,KG,raw,5,0
Sugar,ITM00406,KG,raw,5,0
Flour,ITM00407,KG,raw,5,0
Rice,ITM00408,KG,raw,5,0
Salt,ITM00409,KG,raw,0,0
Sugar,ITM00410,KG,raw,0,0
Wheat,ITM00411,KG,raw,0,0
Oil,ITM00412,KG,raw,5,0
Oil,ITM00413,KG,raw,0,0
Sugar,ITM00414,KG,raw,5,0
Wheat,ITM00415,KG,raw,5,0
Rice,ITM00416,KG,raw,0,0
Salt,ITM00417,KG,raw,5,0
Rice,ITM00418,KG,raw,0,0
Oil,ITM00419,KG,raw,5,0
Flour,ITM00420,KG,raw,0,0
Wheat,ITM00421,KG,raw,0,0
Wheat,ITM00422,KG,raw,0,0
Sugar,ITM00423,KG,raw,5,0
Wheat,ITM00424,KG,raw,0,0
Salt,ITM00425,KG,raw,0,0
Flour,ITM00426,KG,raw,5,0
Rice,ITM00427,KG,raw,0,0
Sugar,ITM00428,KG,raw,0,0
Rice,ITM00429,KG,raw,5,0
Wheat,ITM00430,KG,raw,5,0
Salt,ITM00431,KG,raw,5,0
Sugar,ITM00432,KG,raw,0,0
Oil,ITM00433,KG,raw,0,0
Flour,ITM00434,KG,raw,5,0
Oil,ITM00435,KG,raw,5,0
Sugar,ITM00436,KG,raw,0,0
Sugar,ITM00437,KG,raw,0,0
Flour,ITM00438,KG,raw,0,0
Flour,ITM00439,KG,raw,0,0
Flour,ITM00440,KG,raw,5,0
Salt,ITM00441,KG,raw,5,0
Wheat,ITM00442,KG,raw,0,0
Salt,ITM00443,KG,raw,0,0
Salt,ITM00444,KG,raw,0,0
Oil,ITM00445,KG,raw,0,0
Oil,ITM00446,KG,raw,0,0
Rice,ITM00447,KG,raw,0,0
Rice,ITM00448,KG,raw,5,0
Flour,ITM00449,KG,raw,0,0
Sugar,ITM00450,KG,raw,5,0
Wheat,ITM00451,KG,raw,0,0
Wheat,ITM00452,KG,raw,0,0
Rice,ITM00453,KG,raw,0,0
Rice,ITM00454,KG,raw,5,0
Rice,ITM00455,KG,raw,0,0
Sugar,ITM00456,KG,raw,5,0
Salt,ITM00457,KG,raw,0,0
Salt,ITM00458,KG,raw,5,0
Rice,ITM00459,KG,raw,0,0
Wheat,ITM00460,KG,raw,0,0
Oil,ITM00461,KG,raw,0,0
Sugar,ITM00462,KG,raw,0,0
Sugar,ITM00463,KG,raw,0,0
Sugar,ITM00464,KG,raw,5,0
Wheat,ITM00465,KG,raw,0,0
Sugar,ITM00466,KG,raw,0,0
Oil,ITM00467,KG,raw,0,0
Sugar,ITM00468,KG,raw,5,0
Sugar,ITM00469,KG,raw,0,0
Oil,ITM00470,KG,raw,0,0
Rice,ITM00471,KG,raw,0,0
Wheat,ITM00472,KG,raw,5,0
Oil,ITM00473,KG,raw,0,0
Oil,ITM00474,KG,raw,5,0
Oil,ITM00475,KG,raw,5,0
Wheat,ITM00476,KG,raw,0,0
Oil,ITM00477,KG,raw,5,0
Flour,ITM00478,KG,raw,5,0
Sugar,ITM00479,KG,raw,5,0
Flour,ITM00480,KG,raw,0,0
Salt,ITM00481,KG,raw,0,0
Sugar,ITM00482,KG,raw,5,0
Wheat,ITM00483,KG,raw,5,0
Rice,ITM00484,KG,raw,5,0
Oil,ITM00485,KG,raw,5,0
Sugar,ITM00486,KG,raw,0,0
Oil,ITM00487,KG,raw,0,0
Sugar,ITM00488,KG,raw,0,0
Oil,ITM00489,KG,raw,5,0
Rice,ITM00490,KG,raw,0,0
Salt,ITM00491,KG,raw,5,0
Sugar,ITM00492,KG,raw,5,0
Oil,ITM00493,KG,raw,0,0
Oil,ITM00494,KG,raw,5,0
Oil,ITM00495,KG,raw,5,0
Rice,ITM00496,KG,raw,0,0
Rice,ITM00497,KG,raw,0,0
Wheat,ITM00498,KG,raw,5,0
Salt,ITM00499,KG,raw,0,0
Flour,ITM00500,KG,raw,5,0
Oil,ITM00501,KG,raw,0,0
Rice,ITM00502,KG,raw,5,0
Sugar,ITM00503,KG,raw,0,0
Salt,ITM00504,KG,raw,5,0
Oil,ITM00505,KG,raw,0,0
Wheat,ITM00506,KG,raw,5,0
Rice,ITM00507,KG,raw,0,0
Flour,ITM00508,KG,raw,0,0
Oil,ITM00509,KG,raw,5,0
Oil,ITM00510,KG,raw,5,0
Rice,ITM00511,KG,raw,5,0
Wheat,ITM00512,KG,raw,5,0
Flour,ITM00513,KG,raw,5,0
Salt,ITM00514,KG,raw,0,0
Oil,ITM00515,KG,raw,5,0
Flour,ITM00516,KG,raw,0,0
Sugar,ITM00517,KG,raw,5,0
Salt,ITM00518,KG,raw,5,0
Flour,ITM00519,KG,raw,0,0
Flour,ITM00520,KG,raw,5,0
Sugar,ITM00521,KG,raw,0,0
Salt,ITM00522,KG,raw,0,0
Wheat,ITM00523,KG,raw,0,0
Sugar,ITM00524,KG,raw,0,0
Rice,ITM00525,KG,raw,0,0
Salt,ITM00526,KG,raw,5,0
Salt,ITM00527,KG,raw,5,0
Wheat,ITM00528,KG,raw,5,0
Rice,ITM00529,KG,raw,5,0
Oil,ITM00530,KG,raw,5,0
Flour,ITM00531,KG,raw,5,0
Rice,ITM00532,KG,raw,5,0
Sugar,ITM00533,KG,raw,5,0
Oil,ITM00534,KG,raw,5,0
Oil,ITM00535,KG,raw,0,0
Wheat,ITM00536,KG,raw,0,0
Rice,ITM00537,KG,raw,5,0
Wheat,ITM00538,KG,raw,0,0
Sugar,ITM00539,KG,raw,0,0
Wheat,ITM00540,KG,raw,0,0
Salt,ITM00541,KG,raw,0,0
Wheat,ITM00542,KG,raw,0,0
Flour,ITM00543,KG,raw,0,0
Wheat,ITM00544,KG,raw,5,0
Flour,ITM00545,KG,raw,0,0
Salt,ITM00546,KG,raw,5,0
Wheat,ITM00547,KG,raw,0,0
Sugar,ITM00548,KG,raw,0,0
Flour,ITM00549,KG,raw,0,0
Oil,ITM00550,KG,raw,5,0
Flour,ITM00551,KG,raw,0,0
Wheat,ITM00552,KG,raw,5,0
Oil,ITM00553,KG,raw,5,0
Oil,ITM00554,KG,raw,5,0
Sugar,ITM00555,KG,raw,0,0
Sugar,ITM00556,KG,raw,0,0
Wheat,ITM00557,KG,raw,0,0
Oil,ITM00558,KG,raw,0,0
Oil,ITM00559,KG,raw,0,0
Oil,ITM00560,KG,raw,0,0
Sugar,ITM00561,KG,raw,0,0
Sugar,ITM00562,KG,raw,0,0
Sugar,ITM00563,KG,raw,0,0
Oil,ITM00564,KG,raw,5,0
Oil,ITM00565,KG,raw,0,0
Oil,ITM00566,KG,raw,5,0
Rice,ITM00567,KG,raw,0,0
Wheat,ITM00568,KG,raw,5,0
Sugar,ITM00569,KG,raw,0,0
Salt,ITM00570,KG,raw,5,0
Sugar,ITM00571,KG,raw,0,0
Flour,ITM00572,KG,raw,5,0
Sugar,ITM00573,KG,raw,5,0
Flour,ITM00574,KG,raw,5,0
Flour,ITM00575,KG,raw,5,0
Sugar,ITM00576,KG,raw,0,0
Rice,ITM00577,KG,raw,5,0
Salt,ITM00578,KG,raw,5,0
Flour,ITM00579,KG,raw,5,0
Sugar,ITM00580,KG,raw,5,0
Sugar,ITM00581,KG,raw,0,0
Rice,ITM00582,KG,raw,0,0
Sugar,ITM00583,KG,raw,0,0
Rice,ITM00584,KG,raw,5,0
Sugar,ITM00585,KG,raw,0,0
Sugar,ITM00586,KG,raw,0,0
Flour,ITM00587,KG,raw,0,0
Sugar,ITM00588,KG,raw,0,0
Oil,ITM00589,KG,raw,0,0
Salt,ITM00590,KG,raw,5,0
Rice,ITM00591,KG,raw,5,0
Oil,ITM00592,KG,raw,5,0
Salt,ITM00593,KG,raw,5,0
Wheat,ITM00594,KG,raw,0,0
Rice,ITM00595,KG,raw,0,0
Oil,ITM00596,KG,raw,0,0
Salt,ITM00597,KG,raw,0,0
Sugar,ITM00598,KG,raw,0,0
Wheat,ITM00599,KG,raw,0,0
Salt,ITM00600,KG,raw,5,0
Sugar,ITM00601,KG,raw,0,0
Rice,ITM00602,KG,raw,0,0
Wheat,ITM00603,KG,raw,5,0
Oil,ITM00604,KG,raw,0,0
Oil,ITM00605,KG,raw,0,0
Rice,ITM00606,KG,raw,5,0
Oil,ITM00607,KG,raw,5,0
Sugar,ITM00608,KG,raw,0,0
Rice,ITM00609,KG,raw,5,0
Flour,ITM00610,KG,raw,5,0
Rice,ITM00611,KG,raw,5,0
Sugar,ITM00612,KG,raw,0,0
Wheat,ITM00613,KG,raw,5,0
Salt,ITM00614,KG,raw,0,0
Sugar,ITM00615,KG,raw,5,0
Wheat,ITM00616,KG,raw,5,0
Rice,ITM00617,KG,raw,5,0
Rice,ITM00618,KG,raw,0,0
Wheat,ITM00619,KG,raw,0,0
Sugar,ITM00620,KG,raw,0,0
Oil,ITM00621,KG,raw,5,0
Rice,ITM00622,KG,raw,0,0
Flour,ITM00623,KG,raw,0,0
Salt,ITM00624,KG,raw,5,0
Rice,ITM00625,KG,raw,0,0
Flour,ITM00626,KG,raw,0,0
Oil,ITM00627,KG,raw,0,0
Salt,ITM00628,KG,raw,5,0
Salt,ITM00629,KG,raw,5,0
Oil,ITM00630,KG,raw,0,0
Flour,ITM00631,KG,raw,5,0
Rice,ITM00632,KG,raw,5,0
Salt,ITM00633,KG,raw,0,0
Sugar,ITM00634,KG,raw,5,0
Sugar,ITM00635,KG,raw,5,0
Oil,ITM00636,KG,raw,0,0
Sugar,ITM00637,KG,raw,5,0
Rice,ITM00638,KG,raw,0,0
Wheat,ITM00639,KG,raw,0,0
Sugar,ITM00640,KG,raw,0,0
Salt,ITM00641,KG,raw,5,0
Wheat,ITM00642,KG,raw,5,0
Flour,ITM00643,KG,raw,5,0
Sugar,ITM00644,KG,raw,0,0
Sugar,ITM00645,KG,raw,0,0
Oil,ITM00646,KG,raw,0,0
Flour,ITM00647,KG,raw,0,0
Oil,ITM00648,KG,raw,5,0
Wheat,ITM00649,KG,raw,0,0
Rice,ITM00650,KG,raw,5,0
Flour,ITM00651,KG,raw,0,0
Rice,ITM00652,KG,raw,0,0
Flour,ITM00653,KG,raw,0,0
Wheat,ITM00654,KG,raw,5,0
Rice,ITM00655,KG,raw,0,0
Oil,ITM00656,KG,raw,0,0
Wheat,ITM00657,KG,raw,5,0
Salt,ITM00658,KG,raw,5,0
Wheat,ITM00659,KG,raw,0,0
Sugar,ITM00660,KG,raw,5,0
Sugar,ITM00661,KG,raw,5,0
Salt,ITM00662,KG,raw,5,0
Rice,ITM00663,KG,raw,0,0
Rice,ITM00664,KG,raw,0,0
Flour,ITM00665,KG,raw,5,0
Salt,ITM00666,KG,raw,5,0
Flour,ITM00667,KG,raw,0,0
Oil,ITM00668,KG,raw,0,0
Oil,ITM00669,KG,raw,0,0
Oil,ITM00670,KG,raw,0,0
Rice,ITM00671,KG,raw,5,0
Sugar,ITM00672,KG,raw,0,0
Wheat,ITM00673,KG,raw,0,0
Wheat,ITM00674,KG,raw,0,0
Flour,ITM00675,KG,raw,0,0
Oil,ITM00676,KG,raw,0,0
Oil,ITM00677,KG,raw,5,0
Rice,ITM00678,KG,raw,0,0
Rice,ITM00679,KG,raw,5,0
Rice,ITM00680,KG,raw,0,0
Oil,ITM00681,KG,raw,5,0
Sugar,ITM00682,KG,raw,0,0
Rice,ITM00683,KG,raw,5,0
Oil,ITM00684,KG,raw,0,0
Rice,ITM00685,KG,raw,5,0
Salt,ITM00686,KG,raw,5,0
Sugar,ITM00687,KG,raw,5,0
Oil,ITM00688,KG,raw,0,0
Sugar,ITM00689,KG,raw,5,0
Sugar,ITM00690,KG,raw,0,0
Rice,ITM00691,KG,raw,0,0
Sugar,ITM00692,KG,raw,5,0
Rice,ITM00693,KG,raw,0,0
Salt,ITM00694,KG,raw,5,0
Wheat,ITM00695,KG,raw,0,0
Rice,ITM00696,KG,raw,5,0
Flour,ITM00697,KG,raw,5,0
Flour,ITM00698,KG,raw,0,0
Wheat,ITM00699,KG,raw,0,0
Salt,ITM00700,KG,raw,5,0
Oil,ITM00701,KG,raw,5,0
Sugar,ITM00702,KG,raw,0,0
Sugar,ITM00703,KG,raw,5,0
Flour,ITM00704,KG,raw,0,0
Rice,ITM00705,KG,raw,0,0
Flour,ITM00706,KG,raw,0,0
Sugar,ITM00707,KG,raw,5,0
Sugar,ITM00708,KG,raw,5,0
Oil,ITM00709,KG,raw,5,0
Sugar,ITM00710,KG,raw,5,0
Wheat,ITM00711,KG,raw,5,0
Salt,ITM00712,KG,raw,5,0
Sugar,ITM00713,KG,raw,0,0
Salt,ITM00714,KG,raw,0,0
Wheat,ITM00715,KG,raw,5,0
Wheat,ITM00716,KG,raw,0,0
Oil,ITM00717,KG,raw,0,0
Salt,ITM00718,KG,raw,0,0
Rice,ITM00719,KG,raw,0,0
Salt,ITM00720,KG,raw,5,0
Salt,ITM00721,KG,raw,0,0
Wheat,ITM00722,KG,raw,5,0
Rice,ITM00723,KG,raw,0,0
Salt,ITM00724,KG,raw,0,0
Salt,ITM00725,KG,raw,0,0
Flour,ITM00726,KG,raw,5,0
Sugar,ITM00727,KG,raw,5,0
Rice,ITM00728,KG,raw,0,0
Flour,ITM00729,KG,raw,5,0
Oil,ITM00730,KG,raw,0,0
Flour,ITM00731,KG,raw,0,0
Wheat,ITM00732,KG,raw,0,0
Rice,ITM00733,KG,raw,0,0
Wheat,ITM00734,KG,raw,0,0
Flour,ITM00735,KG,raw,0,0
Wheat,ITM00736,KG,raw,5,0
Flour,ITM00737,KG,raw,5,0
Wheat,ITM00738,KG,raw,0,0
Wheat,ITM00739,KG,raw,0,0
Wheat,ITM00740,KG,raw,0,0
Wheat,ITM00741,KG,raw,5,0
Oil,ITM00742,KG,raw,0,0
Salt,ITM00743,KG,raw,0,0
Rice,ITM00744,KG,raw,0,0
Flour,ITM00745,KG,raw,0,0
Oil,ITM00746,KG,raw,0,0
Sugar,ITM00747,KG,raw,0,0
Oil,ITM00748,KG,raw,0,0
Wheat,ITM00749,KG,raw,0,0
Sugar,ITM00750,KG,raw,5,0
Salt,ITM00751,KG,raw,0,0
Sugar,ITM00752,KG,raw,0,0
Rice,ITM00753,KG,raw,0,0
Salt,ITM00754,KG,raw,5,0
Sugar,ITM00755,KG,raw,5,0
Flour,ITM00756,KG,raw,5,0
Salt,ITM00757,KG,raw,0,0
Wheat,ITM00758,KG,raw,0,0
Salt,ITM00759,KG,raw,0,0
Rice,ITM00760,KG,raw,5,0
Flour,ITM00761,KG,raw,0,0
Flour,ITM00762,KG,raw,0,0
Wheat,ITM00763,KG,raw,5,0
Rice,ITM00764,KG,raw,5,0
Oil,ITM00765,KG,raw,0,0
Salt,ITM00766,KG,raw,5,0
Sugar,ITM00767,KG,raw,0,0
Rice,ITM00768,KG,raw,0,0
Oil,ITM00769,KG,raw,5,0
Oil,ITM00770,KG,raw,5,0
Oil,ITM00771,KG,raw,5,0
Rice,ITM00772,KG,raw,5,0
Flour,ITM00773,KG,raw,5,0
Flour,ITM00774,KG,raw,0,0
Sugar,ITM00775,KG,raw,5,0
Salt,ITM00776,KG,raw,0,0
Rice,ITM00777,KG,raw,5,0
Rice,ITM00778,KG,raw,5,0
Oil,ITM00779,KG,raw,0,0
Flour,ITM00780,KG,raw,5,0
Rice,ITM00781,KG,raw,5,0
Wheat,ITM00782,KG,raw,5,0
Flour,ITM00783,KG,raw,5,0
Salt,ITM00784,KG,raw,5,0
Wheat,ITM00785,KG,raw,5,0
Salt,ITM00786,KG,raw,0,0
Oil,ITM00787,KG,raw,5,0
Sugar,ITM00788,KG,raw,0,0
Rice,ITM00789,KG,raw,0,0
Wheat,ITM00790,KG,raw,0,0
Flour,ITM00791,KG,raw,0,0
Sugar,ITM00792,KG,raw,0,0
Sugar,ITM00793,KG,raw,0,0
Sugar,ITM00794,KG,raw,5,0
Wheat,ITM00795,KG,raw,0,0
Sugar,ITM00796,KG,raw,0,0
Flour,ITM00797,KG,raw,0,0
Oil,ITM00798,KG,raw,5,0
Rice,ITM00799,KG,raw,0,0
Rice,ITM00800,KG,raw,0,0
Sugar,ITM00801,KG,raw,0,0
Rice,ITM00802,KG,raw,5,0
Sugar,ITM00803,KG,raw,0,0
Wheat,ITM00804,KG,raw,5,0
Flour,ITM00805,KG,raw,0,0
Salt,ITM00806,KG,raw,5,0
Rice,ITM00807,KG,raw,0,0
Wheat,ITM00808,KG,raw,0,0
Sugar,ITM00809,KG,raw,5,0
Flour,ITM00810,KG,raw,5,0
Oil,ITM00811,KG,raw,0,0
Wheat,ITM00812,KG,raw,5,0
Rice,ITM00813,KG,raw,0,0
Oil,ITM00814,KG,raw,5,0
Wheat,ITM00815,KG,raw,5,0
Oil,ITM00816,KG,raw,5,0
Salt,ITM00817,KG,raw,5,0
Oil,ITM00818,KG,raw,5,0
Flour,ITM00819,KG,raw,0,0
Sugar,ITM00820,KG,raw,0,0
Sugar,ITM00821,KG,raw,5,0
Wheat,ITM00822,KG,raw,5,0
Sugar,ITM00823,KG,raw,0,0
Salt,ITM00824,KG,raw,0,0
Rice,ITM00825,KG,raw,0,0
Wheat,ITM00826,KG,raw,0,0
Rice,ITM00827,KG,raw,5,0
Sugar,ITM00828,KG,raw,5,0
Wheat,ITM00829,KG,raw,5,0
Rice,ITM00830,KG,raw,0,0
Rice,ITM00831,KG,raw,5,0
Flour,ITM00832,KG,raw,5,0
Sugar,ITM00833,KG,raw,5,0
Rice,ITM00834,KG,raw,5,0
Salt,ITM00835,KG,raw,5,0
Salt,ITM00836,KG,raw,5,0
Salt,ITM00837,KG,raw,5,0
Wheat,ITM00838,KG,raw,0,0
Salt,ITM00839,KG,raw,0,0
Sugar,ITM00840,KG,raw,5,0
Salt,ITM00841,KG,raw,0,0
Wheat,ITM00842,KG,raw,0,0
Oil,ITM00843,KG,raw,5,0
Salt,ITM00844,KG,raw,5,0
Salt,ITM00845,KG,raw,5,0
Salt,ITM00846,KG,raw,0,0
Salt,ITM00847,KG,raw,0,0
Oil,ITM00848,KG,raw,5,0
Flour,ITM00849,KG,raw,5,0
Flour,ITM00850,KG,raw,5,0
Sugar,ITM00851,KG,raw,0,0
Flour,ITM00852,KG,raw,0,0
Wheat,ITM00853,KG,raw,5,0
Oil,ITM00854,KG,raw,5,0
Rice,ITM00855,KG,raw,5,0
Flour,ITM00856,KG,raw,0,0
Sugar,ITM00857,KG,raw,5,0
Sugar,ITM00858,KG,raw,0,0
Oil,ITM00859,KG,raw,0,0
Sugar,ITM00860,KG,raw,5,0
Sugar,ITM00861,KG,raw,5,0
Oil,ITM00862,KG,raw,0,0
Oil,ITM00863,KG,raw,0,0
Wheat,ITM00864,KG,raw,5,0
Oil,ITM00865,KG,raw,5,0
Rice,ITM00866,KG,raw,0,0
Oil,ITM00867,KG,raw,5,0
Wheat,ITM00868,KG,raw,0,0
Flour,ITM00869,KG,raw,5,0
Wheat,ITM00870,KG,raw,5,0
Salt,ITM00871,KG,raw,0,0
Salt,ITM00872,KG,raw,5,0
Rice,ITM00873,KG,raw,0,0
Sugar,ITM00874,KG,raw,5,0
Sugar,ITM00875,KG,raw,5,0
Rice,ITM00876,KG,raw,0,0
Rice,ITM00877,KG,raw,0,0
Salt,ITM00878,KG,raw,5,0
Sugar,ITM00879,KG,raw,5,0
Oil,ITM00880,KG,raw,5,0
Rice,ITM00881,KG,raw,0,0
Oil,ITM00882,KG,raw,5,0
Flour,ITM00883,KG,raw,0,0
Sugar,ITM00884,KG,raw,0,0
Oil,ITM00885,KG,raw,5,0
Sugar,ITM00886,KG,raw,5,0
Oil,ITM00887,KG,raw,0,0
Flour,ITM00888,KG,raw,5,0
Flour,ITM00889,KG,raw,0,0
Sugar,ITM00890,KG,raw,5,0
Salt,ITM00891,KG,raw,5,0
Oil,ITM00892,KG,raw,5,0
Rice,ITM00893,KG,raw,0,0
Sugar,ITM00894,KG,raw,0,0
Rice,ITM00895,KG,raw,0,0
Rice,ITM00896,KG,raw,0,0
Sugar,ITM00897,KG,raw,5,0
Wheat,ITM00898,KG,raw,5,0
Oil,ITM00899,KG,raw,0,0
Flour,ITM00900,KG,raw,0,0
Wheat,ITM00901,KG,raw,0,0
Wheat,ITM00902,KG,raw,0,0
Wheat,ITM00903,KG,raw,0,0
Rice,ITM00904,KG,raw,0,0
Flour,ITM00905,KG,raw,0,0
Flour,ITM00906,KG,raw,5,0
Flour,ITM00907,KG,raw,5,0
Oil,ITM00908,KG,raw,5,0
Wheat,ITM00909,KG,raw,0,0
Wheat,ITM00910,KG,raw,5,0
Rice,ITM00911,KG,raw,0,0
Oil,ITM00912,KG,raw,5,0
Flour,ITM00913,KG,raw,0,0
Wheat,ITM00914,KG,raw,5,0
Wheat,ITM00915,KG,raw,0,0
Flour,ITM00916,KG,raw,0,0
Wheat,ITM00917,KG,raw,5,0
Wheat,ITM00918,KG,raw,5,0
Flour,ITM00919,KG,raw,5,0
Rice,ITM00920,KG,raw,0,0
Rice,ITM00921,KG,raw,5,0
Oil,ITM00922,KG,raw,5,0
Wheat,ITM00923,KG,raw,0,0
Rice,ITM00924,KG,raw,0,0
Rice,ITM00925,KG,raw,0,0
Flour,ITM00926,KG,raw,0,0
Flour,ITM00927,KG,raw,5,0
Wheat,ITM00928,KG,raw,0,0
Wheat,ITM00929,KG,raw,0,0
Salt,ITM00930,KG,raw,0,0
Wheat,ITM00931,KG,raw,5,0
Wheat,ITM00932,KG,raw,5,0
Flour,ITM00933,KG,raw,0,0
Salt,ITM00934,KG,raw,0,0
Flour,ITM00935,KG,raw,5,0
Sugar,ITM00936,KG,raw,5,0
Oil,ITM00937,KG,raw,0,0
Flour,ITM00938,KG,raw,0,0
Sugar,ITM00939,KG,raw,5,0
Sugar,ITM00940,KG,raw,5,0
Wheat,ITM00941,KG,raw,0,0
Flour,ITM00942,KG,raw,5,0
Sugar,ITM00943,KG,raw,0,0
Rice,ITM00944,KG,raw,0,0
Salt,ITM00945,KG,raw,0,0
Rice,ITM00946,KG,raw,5,0
Oil,ITM00947,KG,raw,0,0
Wheat,ITM00948,KG,raw,5,0
Salt,ITM00949,KG,raw,5,0
Wheat,ITM00950,KG,raw,0,0
Wheat,ITM00951,KG,raw,5,0
Wheat,ITM00952,KG,raw,5,0
Flour,ITM00953,KG,raw,0,0
Wheat,ITM00954,KG,raw,5,0
Salt,ITM00955,KG,raw,5,0
Rice,ITM00956,KG,raw,5,0
Salt,ITM00957,KG,raw,0,0
Rice,ITM00958,KG,raw,0,0
Sugar,ITM00959,KG,raw,0,0
Oil,ITM00960,KG,raw,0,0
Salt,ITM00961,KG,raw,0,0
Oil,ITM00962,KG,raw,0,0
Wheat,ITM00963,KG,raw,0,0
Rice,ITM00964,KG,raw,0,0
Oil,ITM00965,KG,raw,5,0
Sugar,ITM00966,KG,raw,0,0
Salt,ITM00967,KG,raw,0,0
Salt,ITM00968,KG,raw,0,0
Salt,ITM00969,KG,raw,0,0
Rice,ITM00970,KG,raw,0,0
Flour,ITM00971,KG,raw,0,0
Flour,ITM00972,KG,raw,0,0
Salt,ITM00973,KG,raw,5,0
Sugar,ITM00974,KG,raw,5,0
Wheat,ITM00975,KG,raw,5,0
Flour,ITM00976,KG,raw,0,0
Salt,ITM00977,KG,raw,5,0
Oil,ITM00978,KG,raw,0,0
Sugar,ITM00979,KG,raw,0,0
Sugar,ITM00980,KG,raw,0,0
Sugar,ITM00981,KG,raw,0,0
Wheat,ITM00982,KG,raw,5,0
Sugar,ITM00983,KG,raw,0,0
Wheat,ITM00984,KG,raw,0,0
Rice,ITM00985,KG,raw,5,0
Rice,ITM00986,KG,raw,5,0
Salt,ITM00987,KG,raw,0,0
Wheat,ITM00988,KG,raw,5,0
Oil,ITM00989,KG,raw,0,0
Wheat,ITM00990,KG,raw,5,0
Sugar,ITM00991,KG,raw,5,0
Oil,ITM00992,KG,raw,0,0
Rice,ITM00993,KG,raw,0,0
Oil,ITM00994,KG,raw,0,0
Sugar,ITM00995,KG,raw,5,0
Sugar,ITM00996,KG,raw,5,0
Wheat,ITM00997,KG,raw,0,0
Sugar,ITM00998,KG,raw,0,0
Flour,ITM00999,KG,raw,0,0
Sugar,ITM01000,KG,raw,5,0
Sugar,ITM01001,KG,raw,0,0
Sugar,ITM01002,KG,raw,5,0
Oil,ITM01003,KG,raw,5,0
Oil,ITM01004,KG,raw,0,0
Rice,ITM01005,KG,raw,0,0
Salt,ITM01006,KG,raw,0,0
Flour,ITM01007,KG,raw,5,0
Wheat,ITM01008,KG,raw,0,0
Salt,ITM01009,KG,raw,5,0
Flour,ITM01010,KG,raw,0,0
Wheat,ITM01011,KG,raw,5,0
Wheat,ITM01012,KG,raw,5,0
Oil,ITM01013,KG,raw,5,0
Sugar,ITM01014,KG,raw,5,0
Salt,ITM01015,KG,raw,5,0
Flour,ITM01016,KG,raw,5,0
Sugar,ITM01017,KG,raw,0,0
Sugar,ITM01018,KG,raw,0,0
Oil,ITM01019,KG,raw,5,0
Salt,ITM01020,KG,raw,5,0
Wheat,ITM01021,KG,raw,5,0
Sugar,ITM01022,KG,raw,5,0
Oil,ITM01023,KG,raw,0,0
Sugar,ITM01024,KG,raw,0,0
Rice,ITM01025,KG,raw,5,0
Oil,ITM01026,KG,raw,5,0
Flour,ITM01027,KG,raw,5,0
Flour,ITM01028,KG,raw,5,0
Wheat,ITM01029,KG,raw,5,0
Oil,ITM01030,KG,raw,0,0
Wheat,ITM01031,KG,raw,0,0
Sugar,ITM01032,KG,raw,0,0
Oil,ITM01033,KG,raw,5,0
Rice,ITM01034,KG,raw,0,0
Wheat,ITM01035,KG,raw,5,0
Oil,ITM01036,KG,raw,5,0
Oil,ITM01037,KG,raw,0,0
Flour,ITM01038,KG,raw,5,0
Rice,ITM01039,KG,raw,0,0
Sugar,ITM01040,KG,raw,0,0
Flour,ITM01041,KG,raw,5,0
Wheat,ITM01042,KG,raw,0,0
Sugar,ITM01043,KG,raw,5,0
Salt,ITM01044,KG,raw,5,0
Sugar,ITM01045,KG,raw,0,0
Sugar,ITM01046,KG,raw,0,0
Sugar,ITM01047,KG,raw,0,0
Oil,ITM01048,KG,raw,5,0
Rice,ITM01049,KG,raw,5,0
Flour,ITM01050,KG,raw,5,0
Flour,ITM01051,KG,raw,5,0
Wheat,ITM01052,KG,raw,5,0
Oil,ITM01053,KG,raw,0,0
Oil,ITM01054,KG,raw,5,0
Wheat,ITM01055,KG,raw,0,0
Sugar,ITM01056,KG,raw,0,0
Flour,ITM01057,KG,raw,5,0
Flour,ITM01058,KG,raw,0,0
Rice,ITM01059,KG,raw,0,0
Rice,ITM01060,KG,raw,5,0
Salt,ITM01061,KG,raw,5,0
Rice,ITM01062,KG,raw,5,0
Rice,ITM01063,KG,raw,0,0
Flour,ITM01064,KG,raw,5,0
Rice,ITM01065,KG,raw,5,0
Rice,ITM01066,KG,raw,0,0
Wheat,ITM01067,KG,raw,0,0
Flour,ITM01068,KG,raw,5,0
Sugar,ITM01069,KG,raw,0,0
Sugar,ITM01070,KG,raw,5,0
Oil,ITM01071,KG,raw,0,0
Salt,ITM01072,KG,raw,5,0
Rice,ITM01073,KG,raw,0,0
Oil,ITM01074,KG,raw,0,0
Wheat,ITM01075,KG,raw,5,0
Oil,ITM01076,KG,raw,0,0
Sugar,ITM01077,KG,raw,5,0
Sugar,ITM01078,KG,raw,5,0
Oil,ITM01079,KG,raw,0,0
Salt,ITM01080,KG,raw,5,0
Flour,ITM01081,KG,raw,0,0
Flour,ITM01082,KG,raw,5,0
Sugar,ITM01083,KG,raw,5,0
Sugar,ITM01084,KG,raw,5,0
Wheat,ITM01085,KG,raw,5,0
Oil,ITM01086,KG,raw,0,0
Flour,ITM01087,KG,raw,5,0
Rice,ITM01088,KG,raw,0,0
Rice,ITM01089,KG,raw,0,0
Rice,ITM01090,KG,raw,5,0
Oil,ITM01091,KG,raw,0,0
Oil,ITM01092,KG,raw,0,0
Oil,ITM01093,KG,raw,5,0
Oil,ITM01094,KG,raw,5,0
Rice,ITM01095,KG,raw,5,0
Salt,ITM01096,KG,raw,5,0
Salt,ITM01097,KG,raw,5,0
Sugar,ITM01098,KG,raw,5,0
Wheat,ITM01099,KG,raw,0,0
Oil,ITM01100,KG,raw,5,0
Wheat,ITM01101,KG,raw,5,0
Salt,ITM01102,KG,raw,0,0
Sugar,ITM01103,KG,raw,5,0
Oil,ITM01104,KG,raw,5,0
Salt,ITM01105,KG,raw,5,0
Flour,ITM01106,KG,raw,5,0
Sugar,ITM01107,KG,raw,5,0
Flour,ITM01108,KG,raw,0,0
Salt,ITM01109,KG,raw,5,0
Sugar,ITM01110,KG,raw,0,0
Sugar,ITM01111,KG,raw,0,0
Sugar,ITM01112,KG,raw,5,0
Rice,ITM01113,KG,raw,0,0
Rice,ITM01114,KG,raw,5,0
Oil,ITM01115,KG,raw,0,0
Sugar,ITM01116,KG,raw,0,0
Sugar,ITM01117,KG,raw,0,0
Sugar,ITM01118,KG,raw,5,0
Rice,ITM01119,KG,raw,5,0
Salt,ITM01120,KG,raw,5,0
Flour,ITM01121,KG,raw,5,0
Salt,ITM01122,KG,raw,5,0
Wheat,ITM01123,KG,raw,0,0
Sugar,ITM01124,KG,raw,5,0
Rice,ITM01125,KG,raw,0,0
Wheat,ITM01126,KG,raw,5,0
Salt,ITM01127,KG,raw,0,0
Wheat,ITM01128,KG,raw,5,0
Oil,ITM01129,KG,raw,5,0
Salt,ITM01130,KG,raw,0,0
Wheat,ITM01131,KG,raw,5,0
Oil,ITM01132,KG,raw,5,0
Flour,ITM01133,KG,raw,5,0
Flour,ITM01134,KG,raw,5,0
Oil,ITM01135,KG,raw,5,0
Sugar,ITM01136,KG,raw,0,0
Sugar,ITM01137,KG,raw,0,0
Rice,ITM01138,KG,raw,5,0
Salt,ITM01139,KG,raw,5,0
Wheat,ITM01140,KG,raw,0,0
Oil,ITM01141,KG,raw,0,0
Sugar,ITM01142,KG,raw,5,0
Oil,ITM01143,KG,raw,0,0
Flour,ITM01144,KG,raw,5,0
Salt,ITM01145,KG,raw,5,0
Oil,ITM01146,KG,raw,5,0
Sugar,ITM01147,KG,raw,5,0
Wheat,ITM01148,KG,raw,0,0
Flour,ITM01149,KG,raw,0,0
Sugar,ITM01150,KG,raw,5,0
Salt,ITM01151,KG,raw,0,0
Wheat,ITM01152,KG,raw,5,0
Salt,ITM01153,KG,raw,0,0
Salt,ITM01154,KG,raw,5,0
Wheat,ITM01155,KG,raw,0,0
Wheat,ITM01156,KG,raw,5,0
Wheat,ITM01157,KG,raw,5,0
Flour,ITM01158,KG,raw,0,0
Salt,ITM01159,KG,raw,5,0
Rice,ITM01160,KG,raw,0,0
Wheat,ITM01161,KG,raw,0,0
Flour,ITM01162,KG,raw,5,0
Oil,ITM01163,KG,raw,5,0
Oil,ITM01164,KG,raw,0,0
Oil,ITM01165,KG,raw,5,0
Salt,ITM01166,KG,raw,5,0
Oil,ITM01167,KG,raw,0,0
Flour,ITM01168,KG,raw,5,0
Wheat,ITM01169,KG,raw,0,0
Wheat,ITM01170,KG,raw,0,0
Oil,ITM01171,KG,raw,5,0
Wheat,ITM01172,KG,raw,5,0
Salt,ITM01173,KG,raw,5,0
Flour,ITM01174,KG,raw,0,0
Flour,ITM01175,KG,raw,0,0
Oil,ITM01176,KG,raw,5,0
Flour,ITM01177,KG,raw,5,0
Flour,ITM01178,KG,raw,5,0
Sugar,ITM01179,KG,raw,5,0
Salt,ITM01180,KG,raw,5,0
Wheat,ITM01181,KG,raw,0,0
Wheat,ITM01182,KG,raw,0,0
Flour,ITM01183,KG,raw,0,0
Oil,ITM01184,KG,raw,0,0
Sugar,ITM01185,KG,raw,5,0
Rice,ITM01186,KG,raw,5,0
Salt,ITM01187,KG,raw,0,0
Sugar,ITM01188,KG,raw,5,0
Wheat,ITM01189,KG,raw,5,0
Sugar,ITM01190,KG,raw,0,0
Salt,ITM01191,KG,raw,5,0
Flour,ITM01192,KG,raw,5,0
Flour,ITM01193,KG,raw,0,0
Wheat,ITM01194,KG,raw,5,0
Salt,ITM01195,KG,raw,5,0
Flour,ITM01196,KG,raw,0,0
Oil,ITM01197,KG,raw,0,0
Rice,ITM01198,KG,raw,0,0
Flour,ITM01199,KG,raw,0,0
Oil,ITM01200,KG,raw,0,0
Rice,ITM01201,KG,raw,5,0
Salt,ITM01202,KG,raw,5,0
Flour,ITM01203,KG,raw,5,0
Sugar,ITM01204,KG,raw,0,0
Rice,ITM01205,KG,raw,0,0
Oil,ITM01206,KG,raw,5,0
Oil,ITM01207,KG,raw,0,0
Flour,ITM01208,KG,raw,0,0
Salt,ITM01209,KG,raw,5,0
Rice,ITM01210,KG,raw,5,0
Sugar,ITM01211,KG,raw,0,0
Salt,ITM01212,KG,raw,5,0
Wheat,ITM01213,KG,raw,0,0
Oil,ITM01214,KG,raw,0,0
Oil,ITM01215,KG,raw,0,0
Salt,ITM01216,KG,raw,5,0
Salt,ITM01217,KG,raw,5,0
Wheat,ITM01218,KG,raw,5,0
Rice,ITM01219,KG,raw,0,0
Sugar,ITM01220,KG,raw,0,0
Rice,ITM01221,KG,raw,0,0
Rice,ITM01222,KG,raw,5,0
Wheat,ITM01223,KG,raw,0,0
Oil,ITM01224,KG,raw,5,0
Oil,ITM01225,KG,raw,5,0
Sugar,ITM01226,KG,raw,5,0
Wheat,ITM01227,KG,raw,5,0
Sugar,ITM01228,KG,raw,0,0
Wheat,ITM01229,KG,raw,5,0
Flour,ITM01230,KG,raw,5,0
Wheat,ITM01231,KG,raw,0,0
Salt,ITM01232,KG,raw,0,0
Rice,ITM01233,KG,raw,0,0
Oil,ITM01234,KG,raw,5,0
Flour,ITM01235,KG,raw,5,0
Oil,ITM01236,KG,raw,0,0
Wheat,ITM01237,KG,raw,0,0
Oil,ITM01238,KG,raw,0,0
Rice,ITM01239,KG,raw,0,0
Flour,ITM01240,KG,raw,0,0
Sugar,ITM01241,KG,raw,5,0
Salt,ITM01242,KG,raw,0,0
Flour,ITM01243,KG,raw,0,0
Oil,ITM01244,KG,raw,5,0
Oil,ITM01245,KG,raw,5,0
Wheat,ITM01246,KG,raw,0,0
Wheat,ITM01247,KG,raw,0,0
Oil,ITM01248,KG,raw,5,0
Sugar,ITM01249,KG,raw,5,0
Rice,ITM01250,KG,raw,5,0
Rice,ITM01251,KG,raw,5,0
Sugar,ITM01252,KG,raw,0,0
Oil,ITM01253,KG,raw,0,0
Wheat,ITM01254,KG,raw,0,0
Flour,ITM01255,KG,raw,0,0
Sugar,ITM01256,KG,raw,0,0
Oil,ITM01257,KG,raw,5,0
Sugar,ITM01258,KG,raw,0,0
Oil,ITM01259,KG,raw,5,0
Rice,ITM01260,KG,raw,5,0
Rice,ITM01261,KG,raw,5,0
Rice,ITM01262,KG,raw,0,0
Rice,ITM01263,KG,raw,0,0
Wheat,ITM01264,KG,raw,5,0
Wheat,ITM01265,KG,raw,0,0
Oil,ITM01266,KG,raw,0,0
Salt,ITM01267,KG,raw,5,0
Salt,ITM01268,KG,raw,5,0
Rice,ITM01269,KG,raw,5,0
Wheat,ITM01270,KG,raw,5,0
Sugar,ITM01271,KG,raw,0,0
Wheat,ITM01272,KG,raw,0,0
Salt,ITM01273,KG,raw,5,0
Salt,ITM01274,KG,raw,0,0
Salt,ITM01275,KG,raw,5,0
Salt,ITM01276,KG,raw,0,0
Salt,ITM01277,KG,raw,5,0
Sugar,ITM01278,KG,raw,0,0
Salt,ITM01279,KG,raw,5,0
Rice,ITM01280,KG,raw,5,0
Rice,ITM01281,KG,raw,0,0
Salt,ITM01282,KG,raw,5,0
Wheat,ITM01283,KG,raw,5,0
Sugar,ITM01284,KG,raw,5,0
Oil,ITM01285,KG,raw,0,0
Oil,ITM01286,KG,raw,5,0
Flour,ITM01287,KG,raw,5,0
Oil,ITM01288,KG,raw,5,0
Rice,ITM01289,KG,raw,5,0
Sugar,ITM01290,KG,raw,5,0
Flour,ITM01291,KG,raw,0,0
Oil,ITM01292,KG,raw,0,0
Oil,ITM01293,KG,raw,5,0
Oil,ITM01294,KG,raw,0,0
Flour,ITM01295,KG,raw,5,0
Oil,ITM01296,KG,raw,5,0
Flour,ITM01297,KG,raw,5,0
Sugar,ITM01298,KG,raw,5,0
Wheat,ITM01299,KG,raw,0,0
Rice,ITM01300,KG,raw,5,0
Wheat,ITM01301,KG,raw,5,0
Wheat,ITM01302,KG,raw,0,0
Wheat,ITM01303,KG,raw,5,0
Flour,ITM01304,KG,raw,0,0
Flour,ITM01305,KG,raw,0,0
Rice,ITM01306,KG,raw,0,0
Flour,ITM01307,KG,raw,0,0
Wheat,ITM01308,KG,raw,0,0
Salt,ITM01309,KG,raw,0,0
Flour,ITM01310,KG,raw,5,0
Oil,ITM01311,KG,raw,0,0
Salt,ITM01312,KG,raw,0,0
Salt,ITM01313,KG,raw,0,0
Oil,ITM01314,KG,raw,0,0
Rice,ITM01315,KG,raw,5,0
Oil,ITM01316,KG,raw,0,0
Salt,ITM01317,KG,raw,5,0
Flour,ITM01318,KG,raw,5,0
Salt,ITM01319,KG,raw,5,0
Wheat,ITM01320,KG,raw,5,0
Rice,ITM01321,KG,raw,5,0
Flour,ITM01322,KG,raw,5,0
Wheat,ITM01323,KG,raw,5,0
Rice,ITM01324,KG,raw,0,0
Sugar,ITM01325,KG,raw,5,0
Salt,ITM01326,KG,raw,5,0
Rice,ITM01327,KG,raw,0,0
Oil,ITM01328,KG,raw,0,0
Salt,ITM01329,KG,raw,5,0
Rice,ITM01330,KG,raw,5,0
Wheat,ITM01331,KG,raw,0,0
Sugar,ITM01332,KG,raw,5,0
Oil,ITM01333,KG,raw,0,0
Sugar,ITM01334,KG,raw,0,0
Salt,ITM01335,KG,raw,0,0
Rice,ITM01336,KG,raw,0,0
Flour,ITM01337,KG,raw,0,0
Wheat,ITM01338,KG,raw,0,0
Sugar,ITM01339,KG,raw,5,0
Wheat,ITM01340,KG,raw,0,0
Salt,ITM01341,KG,raw,5,0
Flour,ITM01342,KG,raw,0,0
Wheat,ITM01343,KG,raw,5,0
Oil,ITM01344,KG,raw,0,0
Flour,ITM01345,KG,raw,5,0
Flour,ITM01346,KG,raw,0,0
Wheat,ITM01347,KG,raw,5,0
Flour,ITM01348,KG,raw,5,0
Flour,ITM01349,KG,raw,5,0
Wheat,ITM01350,KG,raw,0,0
Sugar,ITM01351,KG,raw,0,0
Wheat,ITM01352,KG,raw,0,0
Flour,ITM01353,KG,raw,5,0
Wheat,ITM01354,KG,raw,0,0
Sugar,ITM01355,KG,raw,0,0
Rice,ITM01356,KG,raw,5,0
Wheat,ITM01357,KG,raw,0,0
Salt,ITM01358,KG,raw,0,0
Flour,ITM01359,KG,raw,5,0
Oil,ITM01360,KG,raw,0,0
Wheat,ITM01361,KG,raw,5,0
Flour,ITM01362,KG,raw,0,0
Salt,ITM01363,KG,raw,5,0
Salt,ITM01364,KG,raw,0,0
Wheat,ITM01365,KG,raw,0,0
Sugar,ITM01366,KG,raw,5,0
Wheat,ITM01367,KG,raw,0,0
Rice,ITM01368,KG,raw,5,0
Sugar,ITM01369,KG,raw,5,0
Oil,ITM01370,KG,raw,5,0
Sugar,ITM01371,KG,raw,0,0
Wheat,ITM01372,KG,raw,0,0
Wheat,ITM01373,KG,raw,5,0
Rice,ITM01374,KG,raw,5,0
Salt,ITM01375,KG,raw,0,0
Salt,ITM01376,KG,raw,0,0
Salt,ITM01377,KG,raw,5,0
Oil,ITM01378,KG,raw,5,0
Rice,ITM01379,KG,raw,5,0
Sugar,ITM01380,KG,raw,5,0
Oil,ITM01381,KG,raw,0,0
Salt,ITM01382,KG,raw,5,0
Sugar,ITM01383,KG,raw,5,0
Wheat,ITM01384,KG,raw,5,0
Rice,ITM01385,KG,raw,5,0
Salt,ITM01386,KG,raw,0,0
Wheat,ITM01387,KG,raw,5,0
Salt,ITM01388,KG,raw,0,0
Salt,ITM01389,KG,raw,0,0
Rice,ITM01390,KG,raw,0,0
Wheat,ITM01391,KG,raw,5,0
Oil,ITM01392,KG,raw,0,0
Rice,ITM01393,KG,raw,5,0
Oil,ITM01394,KG,raw,0,0
Sugar,ITM01395,KG,raw,5,0
Sugar,ITM01396,KG,raw,0,0
Oil,ITM01397,KG,raw,5,0
Sugar,ITM01398,KG,raw,5,0
Sugar,ITM01399,KG,raw,0,0
Oil,ITM01400,KG,raw,5,0
Wheat,ITM01401,KG,raw,5,0
Salt,ITM01402,KG,raw,5,0
Oil,ITM01403,KG,raw,0,0
Flour,ITM01404,KG,raw,0,0
Sugar,ITM01405,KG,raw,0,0
Oil,ITM01406,KG,raw,0,0
Sugar,ITM01407,KG,raw,5,0
Salt,ITM01408,KG,raw,0,0
Oil,ITM01409,KG,raw,0,0
Salt,ITM01410,KG,raw,0,0
Flour,ITM01411,KG,raw,5,0
Oil,ITM01412,KG,raw,0,0
Rice,ITM01413,KG,raw,0,0
Flour,ITM01414,KG,raw,0,0
Sugar,ITM01415,KG,raw,0,0
Flour,ITM01416,KG,raw,5,0
Flour,ITM01417,KG,raw,0,0
Wheat,ITM01418,KG,raw,5,0
Salt,ITM01419,KG,raw,0,0
Rice,ITM01420,KG,raw,5,0
Oil,ITM01421,KG,raw,0,0
Flour,ITM01422,KG,raw,0,0
Rice,ITM01423,KG,raw,0,0
Wheat,ITM01424,KG,raw,0,0
Oil,ITM01425,KG,raw,5,0
Salt,ITM01426,KG,raw,5,0
Flour,ITM01427,KG,raw,0,0
Rice,ITM01428,KG,raw,5,0
Oil,ITM01429,KG,raw,0,0
Oil,ITM01430,KG,raw,5,0
Sugar,ITM01431,KG,raw,0,0
Wheat,ITM01432,KG,raw,5,0
Salt,ITM01433,KG,raw,0,0
Salt,ITM01434,KG,raw,5,0
Flour,ITM01435,KG,raw,5,0
Sugar,ITM01436,KG,raw,0,0
Rice,ITM01437,KG,raw,5,0
Flour,ITM01438,KG,raw,5,0
Salt,ITM01439,KG,raw,5,0
Sugar,ITM01440,KG,raw,0,0
Rice,ITM01441,KG,raw,5,0
Rice,ITM01442,KG,raw,5,0
Sugar,ITM01443,KG,raw,0,0
Sugar,ITM01444,KG,raw,0,0
Sugar,ITM01445,KG,raw,5,0
Sugar,ITM01446,KG,raw,0,0
Wheat,ITM01447,KG,raw,0,0
Salt,ITM01448,KG,raw,5,0
Rice,ITM01449,KG,raw,5,0
Salt,ITM01450,KG,raw,5,0
Oil,ITM01451,KG,raw,0,0
Salt,ITM01452,KG,raw,5,0
Wheat,ITM01453,KG,raw,0,0
Rice,ITM01454,KG,raw,5,0
Flour,ITM01455,KG,raw,0,0
Oil,ITM01456,KG,raw,0,0
Sugar,ITM01457,KG,raw,5,0
Rice,ITM01458,KG,raw,0,0
Wheat,ITM01459,KG,raw,0,0
Oil,ITM01460,KG,raw,5,0
Salt,ITM01461,KG,raw,0,0
Flour,ITM01462,KG,raw,5,0
Salt,ITM01463,KG,raw,5,0
Oil,ITM01464,KG,raw,5,0
Salt,ITM01465,KG,raw,0,0
Oil,ITM01466,KG,raw,0,0
Wheat,ITM01467,KG,raw,5,0
Flour,ITM01468,KG,raw,5,0
Flour,ITM01469,KG,raw,5,0
Wheat,ITM01470,KG,raw,5,0
Wheat,ITM01471,KG,raw,0,0
Wheat,ITM01472,KG,raw,5,0
Wheat,ITM01473,KG,raw,0,0
Oil,ITM01474,KG,raw,0,0
Wheat,ITM01475,KG,raw,0,0
Sugar,ITM01476,KG,raw,0,0
Sugar,ITM01477,KG,raw,0,0
Salt,ITM01478,KG,raw,5,0
Oil,ITM01479,KG,raw,0,0
Flour,ITM01480,KG,raw,0,0
Flour,ITM01481,KG,raw,0,0
Flour,ITM01482,KG,raw,5,0
Rice,ITM01483,KG,raw,5,0
Salt,ITM01484,KG,raw,0,0
Flour,ITM01485,KG,raw,0,0
Salt,ITM01486,KG,raw,0,0
Wheat,ITM01487,KG,raw,0,0
Wheat,ITM01488,KG,raw,5,0
Wheat,ITM01489,KG,raw,5,0
Wheat,ITM01490,KG,raw,5,0
Rice,ITM01491,KG,raw,0,0
Flour,ITM01492,KG,raw,5,0
Flour,ITM01493,KG,raw,0,0
Salt,ITM01494,KG,raw,0,0
Wheat,ITM01495,KG,raw,0,0
Wheat,ITM01496,KG,raw,5,0
Oil,ITM01497,KG,raw,0,0
Flour,ITM01498,KG,raw,5,0
Flour,ITM01499,KG,raw,0,0
Wheat,ITM01500,KG,raw,0,0
Wheat,ITM01501,KG,raw,0,0
Wheat,ITM01502,KG,raw,0,0
Flour,ITM01503,KG,raw,0,0
Sugar,ITM01504,KG,raw,0,0
Oil,ITM01505,KG,raw,0,0
Wheat,ITM01506,KG,raw,0,0
Sugar,ITM01507,KG,raw,5,0
Flour,ITM01508,KG,raw,5,0
Rice,ITM01509,KG,raw,0,0
Salt,ITM01510,KG,raw,0,0
Flour,ITM01511,KG,raw,5,0
Salt,ITM01512,KG,raw,5,0
Rice,ITM01513,KG,raw,0,0
Wheat,ITM01514,KG,raw,0,0
Sugar,ITM01515,KG,raw,5,0
Wheat,ITM01516,KG,raw,0,0
Sugar,ITM01517,KG,raw,5,0
Oil,ITM01518,KG,raw,5,0
Rice,ITM01519,KG,raw,0,0
Rice,ITM01520,KG,raw,0,0
Oil,ITM01521,KG,raw,5,0
Wheat,ITM01522,KG,raw,5,0
Flour,ITM01523,KG,raw,0,0
Salt,ITM01524,KG,raw,0,0
Rice,ITM01525,KG,raw,0,0
Rice,ITM01526,KG,raw,5,0
Oil,ITM01527,KG,raw,5,0
Flour,ITM01528,KG,raw,0,0
Flour,ITM01529,KG,raw,0,0
Sugar,ITM01530,KG,raw,5,0
Flour,ITM01531,KG,raw,5,0
Rice,ITM01532,KG,raw,0,0
Flour,ITM01533,KG,raw,5,0
Salt,ITM01534,KG,raw,0,0
Oil,ITM01535,KG,raw,5,0
Rice,ITM01536,KG,raw,5,0
Sugar,ITM01537,KG,raw,0,0
Wheat,ITM01538,KG,raw,5,0
Flour,ITM01539,KG,raw,0,0
Wheat,ITM01540,KG,raw,0,0
Flour,ITM01541,KG,raw,5,0
Flour,ITM01542,KG,raw,5,0
Sugar,ITM01543,KG,raw,0,0
Wheat,ITM01544,KG,raw,5,0
Rice,ITM01545,KG,raw,0,0
Rice,ITM01546,KG,raw,5,0
Rice,ITM01547,KG,raw,0,0
Flour,ITM01548,KG,raw,5,0
Sugar,ITM01549,KG,raw,5,0
Flour,ITM01550,KG,raw,5,0
Rice,ITM01551,KG,raw,5,0
Oil,ITM01552,KG,raw,5,0
Flour,ITM01553,KG,raw,5,0
Wheat,ITM01554,KG,raw,0,0
Salt,ITM01555,KG,raw,0,0
Flour,ITM01556,KG,raw,5,0
Rice,ITM01557,KG,raw,5,0
Sugar,ITM01558,KG,raw,5,0
Salt,ITM01559,KG,raw,5,0
Oil,ITM01560,KG,raw,5,0
Wheat,ITM01561,KG,raw,5,0
Oil,ITM01562,KG,raw,5,0
Flour,ITM01563,KG,raw,5,0
Flour,ITM01564,KG,raw,0,0
Salt,ITM01565,KG,raw,0,0
Sugar,ITM01566,KG,raw,0,0
Oil,ITM01567,KG,raw,0,0
Rice,ITM01568,KG,raw,0,0
Wheat,ITM01569,KG,raw,0,0
Wheat,ITM01570,KG,raw,5,0
Salt,ITM01571,KG,raw,5,0
Oil,ITM01572,KG,raw,0,0
Wheat,ITM01573,KG,raw,0,0
Oil,ITM01574,KG,raw,5,0
Rice,ITM01575,KG,raw,0,0
Flour,ITM01576,KG,raw,0,0
Flour,ITM01577,KG,raw,0,0
Wheat,ITM01578,KG,raw,5,0
Rice,ITM01579,KG,raw,5,0
Rice,ITM01580,KG,raw,5,0
Sugar,ITM01581,KG,raw,0,0
Oil,ITM01582,KG,raw,5,0
Flour,ITM01583,KG,raw,5,0
Flour,ITM01584,KG,raw,0,0
Wheat,ITM01585,KG,raw,0,0
Sugar,ITM01586,KG,raw,5,0
Oil,ITM01587,KG,raw,5,0
Sugar,ITM01588,KG,raw,5,0
Rice,ITM01589,KG,raw,0,0
Rice,ITM01590,KG,raw,0,0
Salt,ITM01591,KG,raw,5,0
Salt,ITM01592,KG,raw,5,0
Rice,ITM01593,KG,raw,0,0
Rice,ITM01594,KG,raw,5,0
Wheat,ITM01595,KG,raw,5,0
Flour,ITM01596,KG,raw,5,0
Flour,ITM01597,KG,raw,5,0
Wheat,ITM01598,KG,raw,5,0
Sugar,ITM01599,KG,raw,5,0
Rice,ITM01600,KG,raw,0,0
Flour,ITM01601,KG,raw,0,0
Sugar,ITM01602,KG,raw,0,0
Wheat,ITM01603,KG,raw,5,0
Sugar,ITM01604,KG,raw,0,0
Oil,ITM01605,KG,raw,0,0
Oil,ITM01606,KG,raw,5,0
Salt,ITM01607,KG,raw,5,0
Oil,ITM01608,KG,raw,5,0
Oil,ITM01609,KG,raw,0,0
Rice,ITM01610,KG,raw,5,0
Oil,ITM01611,KG,raw,5,0
Sugar,ITM01612,KG,raw,0,0
Flour,ITM01613,KG,raw,0,0
Flour,ITM01614,KG,raw,0,0
Sugar,ITM01615,KG,raw,5,0
Wheat,ITM01616,KG,raw,5,0
Salt,ITM01617,KG,raw,5,0
Sugar,ITM01618,KG,raw,0,0
Oil,ITM01619,KG,raw,0,0
Flour,ITM01620,KG,raw,0,0
Wheat,ITM01621,KG,raw,0,0
Sugar,ITM01622,KG,raw,5,0
Rice,ITM01623,KG,raw,5,0
Oil,ITM01624,KG,raw,5,0
Oil,ITM01625,KG,raw,5,0
Sugar,ITM01626,KG,raw,5,0
Wheat,ITM01627,KG,raw,0,0
Rice,ITM01628,KG,raw,0,0
Sugar,ITM01629,KG,raw,5,0
Flour,ITM01630,KG,raw,0,0
Salt,ITM01631,KG,raw,5,0
Flour,ITM01632,KG,raw,0,0
Rice,ITM01633,KG,raw,0,0
Rice,ITM01634,KG,raw,0,0
Sugar,ITM01635,KG,raw,0,0
Rice,ITM01636,KG,raw,0,0
Oil,ITM01637,KG,raw,5,0
Flour,ITM01638,KG,raw,5,0
Rice,ITM01639,KG,raw,5,0
Wheat,ITM01640,KG,raw,5,0
Sugar,ITM01641,KG,raw,0,0
Sugar,ITM01642,KG,raw,0,0
Wheat,ITM01643,KG,raw,5,0
Wheat,ITM01644,KG,raw,0,0
Oil,ITM01645,KG,raw,0,0
Flour,ITM01646,KG,raw,0,0
Salt,ITM01647,KG,raw,0,0
Flour,ITM01648,KG,raw,5,0
Flour,ITM01649,KG,raw,5,0
Flour,ITM01650,KG,raw,5,0
Salt,ITM01651,KG,raw,0,0
Salt,ITM01652,KG,raw,5,0
Oil,ITM01653,KG,raw,5,0
Sugar,ITM01654,KG,raw,5,0
Sugar,ITM01655,KG,raw,5,0
Wheat,ITM01656,KG,raw,0,0
Flour,ITM01657,KG,raw,0,0
Flour,ITM01658,KG,raw,5,0
Salt,ITM01659,KG,raw,0,0
Rice,ITM01660,KG,raw,5,0
Wheat,ITM01661,KG,raw,0,0
Rice,ITM01662,KG,raw,0,0
Oil,ITM01663,KG,raw,5,0
Wheat,ITM01664,KG,raw,0,0
Flour,ITM01665,KG,raw,5,0
Sugar,ITM01666,KG,raw,5,0
Salt,ITM01667,KG,raw,0,0
Rice,ITM01668,KG,raw,5,0
Wheat,ITM01669,KG,raw,0,0
Sugar,ITM01670,KG,raw,0,0
Salt,ITM01671,KG,raw,0,0
Rice,ITM01672,KG,raw,0,0
Sugar,ITM01673,KG,raw,5,0
Wheat,ITM01674,KG,raw,0,0
Flour,ITM01675,KG,raw,0,0
Oil,ITM01676,KG,raw,0,0
Sugar,ITM01677,KG,raw,5,0
Wheat,ITM01678,KG,raw,5,0
Salt,ITM01679,KG,raw,5,0
Salt,ITM01680,KG,raw,0,0
Flour,ITM01681,KG,raw,5,0
Sugar,ITM01682,KG,raw,5,0
Salt,ITM01683,KG,raw,0,0
Rice,ITM01684,KG,raw,0,0
Rice,ITM01685,KG,raw,0,0
Sugar,ITM01686,KG,raw,0,0
Oil,ITM01687,KG,raw,0,0
Sugar,ITM01688,KG,raw,0,0
Rice,ITM01689,KG,raw,5,0
Flour,ITM01690,KG,raw,0,0
Wheat,ITM01691,KG,raw,5,0
Sugar,ITM01692,KG,raw,0,0
Rice,ITM01693,KG,raw,5,0
Flour,ITM01694,KG,raw,0,0
Salt,ITM01695,KG,raw,0,0
Oil,ITM01696,KG,raw,0,0
Flour,ITM01697,KG,raw,0,0
Sugar,ITM01698,KG,raw,5,0
Salt,ITM01699,KG,raw,5,0
Wheat,ITM01700,KG,raw,0,0
Wheat,ITM01701,KG,raw,5,0
Flour,ITM01702,KG,raw,0,0
Sugar,ITM01703,KG,raw,0,0
Oil,ITM01704,KG,raw,0,0
Wheat,ITM01705,KG,raw,0,0
Salt,ITM01706,KG,raw,5,0
Flour,ITM01707,KG,raw,5,0
Wheat,ITM01708,KG,raw,5,0
Oil,ITM01709,KG,raw,5,0
Salt,ITM01710,KG,raw,5,0
Salt,ITM01711,KG,raw,0,0
Rice,ITM01712,KG,raw,0,0
Rice,ITM01713,KG,raw,5,0
Rice,ITM01714,KG,raw,0,0
Salt,ITM01715,KG,raw,0,0
Wheat,ITM01716,KG,raw,5,0
Rice,ITM01717,KG,raw,0,0
Salt,ITM01718,KG,raw,0,0
Wheat,ITM01719,KG,raw,0,0
Sugar,ITM01720,KG,raw,5,0
Salt,ITM01721,KG,raw,0,0
Rice,ITM01722,KG,raw,0,0
Sugar,ITM01723,KG,raw,5,0
Rice,ITM01724,KG,raw,5,0
Oil,ITM01725,KG,raw,0,0
Rice,ITM01726,KG,raw,0,0
Rice,ITM01727,KG,raw,5,0
Flour,ITM01728,KG,raw,0,0
Flour,ITM01729,KG,raw,0,0
Wheat,ITM01730,KG,raw,0,0
Rice,ITM01731,KG,raw,5,0
Rice,ITM01732,KG,raw,5,0
Sugar,ITM01733,KG,raw,5,0
Wheat,ITM01734,KG,raw,5,0
Salt,ITM01735,KG,raw,0,0
Oil,ITM01736,KG,raw,0,0
Sugar,ITM01737,KG,raw,5,0
Flour,ITM01738,KG,raw,0,0
Salt,ITM01739,KG,raw,5,0
Sugar,ITM01740,KG,raw,0,0
Sugar,ITM01741,KG,raw,5,0
Wheat,ITM01742,KG,raw,5,0
Sugar,ITM01743,KG,raw,0,0
Sugar,ITM01744,KG,raw,5,0
Flour,ITM01745,KG,raw,5,0
Sugar,ITM01746,KG,raw,0,0
Flour,ITM01747,KG,raw,0,0
Rice,ITM01748,KG,raw,0,0
Sugar,ITM01749,KG,raw,5,0
Oil,ITM01750,KG,raw,5,0
Sugar,ITM01751,KG,raw,5,0
Rice,ITM01752,KG,raw,0,0
Rice,ITM01753,KG,raw,5,0
Sugar,ITM01754,KG,raw,5,0
Rice,ITM01755,KG,raw,0,0
Salt,ITM01756,KG,raw,0,0
Oil,ITM01757,KG,raw,0,0
Wheat,ITM01758,KG,raw,5,0
Flour,ITM01759,KG,raw,5,0
Wheat,ITM01760,KG,raw,5,0
Flour,ITM01761,KG,raw,5,0
Sugar,ITM01762,KG,raw,0,0
Rice,ITM01763,KG,raw,5,0
Flour,ITM01764,KG,raw,5,0
Wheat,ITM01765,KG,raw,0,0
Salt,ITM01766,KG,raw,0,0
Sugar,ITM01767,KG,raw,5,0
Rice,ITM01768,KG,raw,0,0
Oil,ITM01769,KG,raw,5,0
Salt,ITM01770,KG,raw,5,0
Wheat,ITM01771,KG,raw,5,0
Wheat,ITM01772,KG,raw,0,0
Wheat,ITM01773,KG,raw,5,0
Salt,ITM01774,KG,raw,0,0
Rice,ITM01775,KG,raw,0,0
Flour,ITM01776,KG,raw,5,0
Salt,ITM01777,KG,raw,5,0
Oil,ITM01778,KG,raw,0,0
Sugar,ITM01779,KG,raw,5,0
Salt,ITM01780,KG,raw,5,0
Rice,ITM01781,KG,raw,5,0
Wheat,ITM01782,KG,raw,0,0
Flour,ITM01783,KG,raw,5,0
Rice,ITM01784,KG,raw,5,0
Rice,ITM01785,KG,raw,5,0
Wheat,ITM01786,KG,raw,0,0
Salt,ITM01787,KG,raw,0,0
Oil,ITM01788,KG,raw,0,0
Rice,ITM01789,KG,raw,0,0
Flour,ITM01790,KG,raw,0,0
Oil,ITM01791,KG,raw,5,0
Salt,ITM01792,KG,raw,5,0
Wheat,ITM01793,KG,raw,0,0
Oil,ITM01794,KG,raw,0,0
Flour,ITM01795,KG,raw,5,0
Sugar,ITM01796,KG,raw,0,0
Rice,ITM01797,KG,raw,0,0
Oil,ITM01798,KG,raw,0,0
Wheat,ITM01799,KG,raw,5,0
Wheat,ITM01800,KG,raw,0,0
Wheat,ITM01801,KG,raw,0,0
Sugar,ITM01802,KG,raw,0,0
Rice,ITM01803,KG,raw,5,0
Rice,ITM01804,KG,raw,5,0
Flour,ITM01805,KG,raw,5,0
Sugar,ITM01806,KG,raw,5,0
Salt,ITM01807,KG,raw,0,0
Salt,ITM01808,KG,raw,0,0
Rice,ITM01809,KG,raw,5,0
Rice,ITM01810,KG,raw,5,0
Flour,ITM01811,KG,raw,5,0
Flour,ITM01812,KG,raw,5,0
Flour,ITM01813,KG,raw,5,0
Flour,ITM01814,KG,raw,0,0
Rice,ITM01815,KG,raw,0,0
Oil,ITM01816,KG,raw,5,0
Oil,ITM01817,KG,raw,5,0
Flour,ITM01818,KG,raw,0,0
Flour,ITM01819,KG,raw,5,0
Salt,ITM01820,KG,raw,0,0
Wheat,ITM01821,KG,raw,5,0
Sugar,ITM01822,KG,raw,5,0
Oil,ITM01823,KG,raw,5,0
Salt,ITM01824,KG,raw,5,0
Oil,ITM01825,KG,raw,0,0
Salt,ITM01826,KG,raw,0,0
Salt,ITM01827,KG,raw,0,0
Sugar,ITM01828,KG,raw,5,0
Flour,ITM01829,KG,raw,5,0
Oil,ITM01830,KG,raw,5,0
Flour,ITM01831,KG,raw,0,0
Sugar,ITM01832,KG,raw,0,0
Wheat,ITM01833,KG,raw,0,0
Salt,ITM01834,KG,raw,5,0
Wheat,ITM01835,KG,raw,5,0
Flour,ITM01836,KG,raw,5,0
Rice,ITM01837,KG,raw,5,0
Oil,ITM01838,KG,raw,5,0
Salt,ITM01839,KG,raw,5,0
Flour,ITM01840,KG,raw,5,0
Flour,ITM01841,KG,raw,5,0
Salt,ITM01842,KG,raw,0,0
Wheat,ITM01843,KG,raw,0,0
Wheat,ITM01844,KG,raw,0,0
Wheat,ITM01845,KG,raw,0,0
Wheat,ITM01846,KG,raw,5,0
Salt,ITM01847,KG,raw,5,0
Sugar,ITM01848,KG,raw,0,0
Salt,ITM01849,KG,raw,5,0
Rice,ITM01850,KG,raw,5,0
Salt,ITM01851,KG,raw,0,0
Flour,ITM01852,KG,raw,5,0
Wheat,ITM01853,KG,raw,5,0
Rice,ITM01854,KG,raw,5,0
Oil,ITM01855,KG,raw,5,0
Salt,ITM01856,KG,raw,5,0
Salt,ITM01857,KG,raw,5,0
Flour,ITM01858,KG,raw,5,0
Sugar,ITM01859,KG,raw,0,0
Oil,ITM01860,KG,raw,5,0
Oil,ITM01861,KG,raw,0,0
Rice,ITM01862,KG,raw,5,0
Salt,ITM01863,KG,raw,0,0
Wheat,ITM01864,KG,raw,0,0
Rice,ITM01865,KG,raw,0,0
Salt,ITM01866,KG,raw,5,0
Oil,ITM01867,KG,raw,5,0
Wheat,ITM01868,KG,raw,0,0
Rice,ITM01869,KG,raw,5,0
Wheat,ITM01870,KG,raw,5,0
Sugar,ITM01871,KG,raw,5,0
Rice,ITM01872,KG,raw,0,0
Flour,ITM01873,KG,raw,5,0
Wheat,ITM01874,KG,raw,0,0
Rice,ITM01875,KG,raw,5,0
Wheat,ITM01876,KG,raw,0,0
Flour,ITM01877,KG,raw,5,0
Oil,ITM01878,KG,raw,0,0
Wheat,ITM01879,KG,raw,5,0
Sugar,ITM01880,KG,raw,5,0
Rice,ITM01881,KG,raw,5,0
Flour,ITM01882,KG,raw,0,0
Rice,ITM01883,KG,raw,5,0
Sugar,ITM01884,KG,raw,5,0
Salt,ITM01885,KG,raw,5,0
Sugar,ITM01886,KG,raw,5,0
Sugar,ITM01887,KG,raw,0,0
Rice,ITM01888,KG,raw,0,0
Rice,ITM01889,KG,raw,5,0
Rice,ITM01890,KG,raw,0,0
Sugar,ITM01891,KG,raw,0,0
Salt,ITM01892,KG,raw,0,0
Sugar,ITM01893,KG,raw,5,0
Sugar,ITM01894,KG,raw,5,0
Rice,ITM01895,KG,raw,5,0
Salt,ITM01896,KG,raw,5,0
Rice,ITM01897,KG,raw,5,0
Wheat,ITM01898,KG,raw,0,0
Wheat,ITM01899,KG,raw,5,0
Salt,ITM01900,KG,raw,5,0
Rice,ITM01901,KG,raw,5,0
Wheat,ITM01902,KG,raw,5,0
Sugar,ITM01903,KG,raw,5,0
Sugar,ITM01904,KG,raw,5,0
Rice,ITM01905,KG,raw,0,0
Oil,ITM01906,KG,raw,0,0
Oil,ITM01907,KG,raw,5,0
Rice,ITM01908,KG,raw,0,0
Salt,ITM01909,KG,raw,0,0
Flour,ITM01910,KG,raw,5,0
Wheat,ITM01911,KG,raw,0,0
Oil,ITM01912,KG,raw,5,0
Wheat,ITM01913,KG,raw,5,0
Salt,ITM01914,KG,raw,0,0
Salt,ITM01915,KG,raw,0,0
Rice,ITM01916,KG,raw,5,0
Sugar,ITM01917,KG,raw,0,0
Rice,ITM01918,KG,raw,0,0
Oil,ITM01919,KG,raw,5,0
Wheat,ITM01920,KG,raw,5,0
Oil,ITM01921,KG,raw,5,0
Rice,ITM01922,KG,raw,5,0
Salt,ITM01923,KG,raw,0,0
Flour,ITM01924,KG,raw,0,0
Salt,ITM01925,KG,raw,5,0
Rice,ITM01926,KG,raw,5,0
Oil,ITM01927,KG,raw,0,0
Sugar,ITM01928,KG,raw,5,0
Salt,ITM01929,KG,raw,0,0
Rice,ITM01930,KG,raw,5,0
Rice,ITM01931,KG,raw,5,0
Wheat,ITM01932,KG,raw,0,0
Rice,ITM01933,KG,raw,5,0
Oil,ITM01934,KG,raw,0,0
Flour,ITM01935,KG,raw,0,0
Salt,ITM01936,KG,raw,5,0
Salt,ITM01937,KG,raw,0,0
Salt,ITM01938,KG,raw,0,0
Flour,ITM01939,KG,raw,0,0
Rice,ITM01940,KG,raw,0,0
Flour,ITM01941,KG,raw,0,0
Wheat,ITM01942,KG,raw,5,0
Salt,ITM01943,KG,raw,5,0
Sugar,ITM01944,KG,raw,0,0
Sugar,ITM01945,KG,raw,0,0
Rice,ITM01946,KG,raw,0,0
Oil,ITM01947,KG,raw,5,0
Sugar,ITM01948,KG,raw,5,0
Sugar,ITM01949,KG,raw,5,0
Sugar,ITM01950,KG,raw,5,0
Salt,ITM01951,KG,raw,5,0
Sugar,ITM01952,KG,raw,5,0
Oil,ITM01953,KG,raw,0,0
Rice,ITM01954,KG,raw,5,0
Rice,ITM01955,KG,raw,0,0
Sugar,ITM01956,KG,raw,5,0
Salt,ITM01957,KG,raw,0,0
Oil,ITM01958,KG,raw,0,0
Salt,ITM01959,KG,raw,5,0
Wheat,ITM01960,KG,raw,5,0
Wheat,ITM01961,KG,raw,0,0
Sugar,ITM01962,KG,raw,0,0
Rice,ITM01963,KG,raw,0,0
Salt,ITM01964,KG,raw,0,0
Flour,ITM01965,KG,raw,5,0
Sugar,ITM01966,KG,raw,5,0
Sugar,ITM01967,KG,raw,5,0
Sugar,ITM01968,KG,raw,5,0
Flour,ITM01969,KG,raw,0,0
Wheat,ITM01970,KG,raw,5,0
Flour,ITM01971,KG,raw,0,0
Oil,ITM01972,KG,raw,0,0
Sugar,ITM01973,KG,raw,0,0
Flour,ITM01974,KG,raw,0,0
Wheat,ITM01975,KG,raw,0,0
Oil,ITM01976,KG,raw,0,0
Sugar,ITM01977,KG,raw,5,0
Salt,ITM01978,KG,raw,5,0
Oil,ITM01979,KG,raw,0,0
Flour,ITM01980,KG,raw,5,0
Oil,ITM01981,KG,raw,0,0
Flour,ITM01982,KG,raw,5,0
Flour,ITM01983,KG,raw,0,0
Wheat,ITM01984,KG,raw,0,0
Rice,ITM01985,KG,raw,0,0
Oil,ITM01986,KG,raw,0,0
Oil,ITM01987,KG,raw,5,0
Rice,ITM01988,KG,raw,0,0
Wheat,ITM01989,KG,raw,0,0
Salt,ITM01990,KG,raw,0,0
Sugar,ITM01991,KG,raw,5,0
Salt,ITM01992,KG,raw,5,0
Salt,ITM01993,KG,raw,5,0
Sugar,ITM01994,KG,raw,0,0
Flour,ITM01995,KG,raw,0,0
Oil,ITM01996,KG,raw,5,0
Oil,ITM01997,KG,raw,0,0
Oil,ITM01998,KG,raw,0,0
Sugar,ITM01999,KG,raw,0,0
Flour,ITM02000,KG,raw,5,0
Rice,ITM02001,KG,raw,0,0
Salt,ITM02002,KG,raw,5,0
Flour,ITM02003,KG,raw,0,0
Sugar,ITM02004,KG,raw,0,0
Rice,ITM02005,KG,raw,5,0
Oil,ITM02006,KG,raw,0,0
Wheat,ITM02007,KG,raw,5,0
Salt,ITM02008,KG,raw,5,0
Salt,ITM02009,KG,raw,0,0
Oil,ITM02010,KG,raw,0,0
Sugar,ITM02011,KG,raw,0,0
Oil,ITM02012,KG,raw,0,0
Rice,ITM02013,KG,raw,0,0
Wheat,ITM02014,KG,raw,5,0
Flour,ITM02015,KG,raw,5,0
Oil,ITM02016,KG,raw,5,0
Sugar,ITM02017,KG,raw,0,0
Oil,ITM02018,KG,raw,0,0
Rice,ITM02019,KG,raw,5,0
Flour,ITM02020,KG,raw,0,0
Rice,ITM02021,KG,raw,5,0
Rice,ITM02022,KG,raw,5,0
Flour,ITM02023,KG,raw,0,0
Sugar,ITM02024,KG,raw,0,0
Rice,ITM02025,KG,raw,0,0
Rice,ITM02026,KG,raw,5,0
Flour,ITM02027,KG,raw,0,0
Rice,ITM02028,KG,raw,5,0
Oil,ITM02029,KG,raw,5,0
Sugar,ITM02030,KG,raw,5,0
Rice,ITM02031,KG,raw,0,0
Rice,ITM02032,KG,raw,5,0
Wheat,ITM02033,KG,raw,5,0
Salt,ITM02034,KG,raw,5,0
Flour,ITM02035,KG,raw,5,0
Salt,ITM02036,KG,raw,0,0
Flour,ITM02037,KG,raw,5,0
Wheat,ITM02038,KG,raw,5,0
Salt,ITM02039,KG,raw,0,0
Flour,ITM02040,KG,raw,5,0
Flour,ITM02041,KG,raw,5,0
Rice,ITM02042,KG,raw,5,0
Rice,ITM02043,KG,raw,5,0
Salt,ITM02044,KG,raw,5,0
Rice,ITM02045,KG,raw,0,0
Wheat,ITM02046,KG,raw,0,0
Oil,ITM02047,KG,raw,5,0
Flour,ITM02048,KG,raw,5,0
Wheat,ITM02049,KG,raw,0,0
Wheat,ITM02050,KG,raw,0,0
Sugar,ITM02051,KG,raw,5,0
Salt,ITM02052,KG,raw,5,0
Wheat,ITM02053,KG,raw,5,0
Sugar,ITM02054,KG,raw,5,0
Salt,ITM02055,KG,raw,0,0
Flour,ITM02056,KG,raw,0,0
Oil,ITM02057,KG,raw,0,0
Salt,ITM02058,KG,raw,5,0
Flour,ITM02059,KG,raw,5,0
Flour,ITM02060,KG,raw,5,0
Salt,ITM02061,KG,raw,0,0
Sugar,ITM02062,KG,raw,5,0
Wheat,ITM02063,KG,raw,5,0
Salt,ITM02064,KG,raw,5,0
Salt,ITM02065,KG,raw,5,0
Flour,ITM02066,KG,raw,0,0
Oil,ITM02067,KG,raw,5,0
Sugar,ITM02068,KG,raw,5,0
Oil,ITM02069,KG,raw,5,0
Rice,ITM02070,KG,raw,5,0
Rice,ITM02071,KG,raw,0,0
Salt,ITM02072,KG,raw,0,0
Oil,ITM02073,KG,raw,5,0
Flour,ITM02074,KG,raw,5,0
Oil,ITM02075,KG,raw,0,0
Sugar,ITM02076,KG,raw,0,0
Rice,ITM02077,KG,raw,0,0
Rice,ITM02078,KG,raw,0,0
Oil,ITM02079,KG,raw,5,0
Rice,ITM02080,KG,raw,0,0
Salt,ITM02081,KG,raw,0,0
Sugar,ITM02082,KG,raw,0,0
Flour,ITM02083,KG,raw,5,0
Oil,ITM02084,KG,raw,0,0
Oil,ITM02085,KG,raw,5,0
Flour,ITM02086,KG,raw,0,0
Wheat,ITM02087,KG,raw,5,0
Oil,ITM02088,KG,raw,5,0
Flour,ITM02089,KG,raw,0,0
Salt,ITM02090,KG,raw,0,0
Oil,ITM02091,KG,raw,5,0
Wheat,ITM02092,KG,raw,0,0
Oil,ITM02093,KG,raw,0,0
Rice,ITM02094,KG,raw,0,0
Rice,ITM02095,KG,raw,0,0
Wheat,ITM02096,KG,raw,5,0
Salt,ITM02097,KG,raw,5,0
Rice,ITM02098,KG,raw,0,0
Wheat,ITM02099,KG,raw,5,0
Sugar,ITM02100,KG,raw,5,0
Wheat,ITM02101,KG,raw,5,0
Salt,ITM02102,KG,raw,5,0
Sugar,ITM02103,KG,raw,5,0
Rice,ITM02104,KG,raw,5,0
Rice,ITM02105,KG,raw,5,0
Flour,ITM02106,KG,raw,0,0
Sugar,ITM02107,KG,raw,0,0
Rice,ITM02108,KG,raw,0,0
Flour,ITM02109,KG,raw,5,0
Sugar,ITM02110,KG,raw,5,0
Wheat,ITM02111,KG,raw,5,0
Sugar,ITM02112,KG,raw,0,0
Sugar,ITM02113,KG,raw,5,0
Rice,ITM02114,KG,raw,0,0
Flour,ITM02115,KG,raw,5,0
Flour,ITM02116,KG,raw,0,0
Sugar,ITM02117,KG,raw,5,0
Salt,ITM02118,KG,raw,5,0
Flour,ITM02119,KG,raw,0,0
Wheat,ITM02120,KG,raw,0,0
Sugar,ITM02121,KG,raw,5,0
Wheat,ITM02122,KG,raw,0,0
Salt,ITM02123,KG,raw,0,0
Flour,ITM02124,KG,raw,0,0
Oil,ITM02125,KG,raw,5,0
Rice,ITM02126,KG,raw,0,0
Flour,ITM02127,KG,raw,5,0
Rice,ITM02128,KG,raw,0,0
Rice,ITM02129,KG,raw,0,0
Flour,ITM02130,KG,raw,0,0
Oil,ITM02131,KG,raw,5,0
Flour,ITM02132,KG,raw,5,0
Salt,ITM02133,KG,raw,5,0
Sugar,ITM02134,KG,raw,0,0
Salt,ITM02135,KG,raw,0,0
Rice,ITM02136,KG,raw,5,0
Wheat,ITM02137,KG,raw,5,0
Rice,ITM02138,KG,raw,0,0
Rice,ITM02139,KG,raw,0,0
Salt,ITM02140,KG,raw,0,0
Wheat,ITM02141,KG,raw,5,0
Oil,ITM02142,KG,raw,0,0
Salt,ITM02143,KG,raw,0,0
Flour,ITM02144,KG,raw,0,0
Rice,ITM02145,KG,raw,5,0
Rice,ITM02146,KG,raw,5,0
Wheat,ITM02147,KG,raw,0,0
Salt,ITM02148,KG,raw,0,0
Sugar,ITM02149,KG,raw,5,0
Wheat,ITM02150,KG,raw,5,0
Wheat,ITM02151,KG,raw,0,0
Flour,ITM02152,KG,raw,5,0
Salt,ITM02153,KG,raw,5,0
Oil,ITM02154,KG,raw,5,0
Salt,ITM02155,KG,raw,0,0
Salt,ITM02156,KG,raw,5,0
Wheat,ITM02157,KG,raw,0,0
Flour,ITM02158,KG,raw,5,0
Flour,ITM02159,KG,raw,0,0
Sugar,ITM02160,KG,raw,5,0
Salt,ITM02161,KG,raw,5,0
Salt,ITM02162,KG,raw,0,0
Salt,ITM02163,KG,raw,5,0
Flour,ITM02164,KG,raw,0,0
Rice,ITM02165,KG,raw,5,0
Flour,ITM02166,KG,raw,5,0
Salt,ITM02167,KG,raw,0,0
Oil,ITM02168,KG,raw,0,0
Rice,ITM02169,KG,raw,0,0
Flour,ITM02170,KG,raw,5,0
Wheat,ITM02171,KG,raw,5,0
Flour,ITM02172,KG,raw,5,0
Sugar,ITM02173,KG,raw,0,0
Rice,ITM02174,KG,raw,0,0
Flour,ITM02175,KG,raw,5,0
Sugar,ITM02176,KG,raw,0,0
Flour,ITM02177,KG,raw,5,0
Salt,ITM02178,KG,raw,5,0
Rice,ITM02179,KG,raw,5,0
Rice,ITM02180,KG,raw,0,0
Flour,ITM02181,KG,raw,0,0
Sugar,ITM02182,KG,raw,0,0
Sugar,ITM02183,KG,raw,5,0
Flour,ITM02184,KG,raw,5,0
Wheat,ITM02185,KG,raw,5,0
Flour,ITM02186,KG,raw,5,0
Salt,ITM02187,KG,raw,0,0
Sugar,ITM02188,KG,raw,0,0
Rice,ITM02189,KG,raw,5,0
Rice,ITM02190,KG,raw,5,0
Wheat,ITM02191,KG,raw,0,0
Flour,ITM02192,KG,raw,5,0
Salt,ITM02193,KG,raw,0,0
Flour,ITM02194,KG,raw,5,0
Wheat,ITM02195,KG,raw,5,0
Sugar,ITM02196,KG,raw,0,0
Wheat,ITM02197,KG,raw,5,0
Wheat,ITM02198,KG,raw,5,0
Wheat,ITM02199,KG,raw,0,0
Salt,ITM02200,KG,raw,0,0
Sugar,ITM02201,KG,raw,5,0
Flour,ITM02202,KG,raw,0,0
Wheat,ITM02203,KG,raw,5,0
Wheat,ITM02204,KG,raw,5,0
Flour,ITM02205,KG,raw,5,0
Salt,ITM02206,KG,raw,5,0
Wheat,ITM02207,KG,raw,0,0
Sugar,ITM02208,KG,raw,5,0
Rice,ITM02209,KG,raw,5,0
Oil,ITM02210,KG,raw,5,0
Wheat,ITM02211,KG,raw,5,0
Wheat,ITM02212,KG,raw,0,0
Rice,ITM02213,KG,raw,0,0
Salt,ITM02214,KG,raw,5,0
Oil,ITM02215,KG,raw,5,0
Wheat,ITM02216,KG,raw,0,0
Oil,ITM02217,KG,raw,5,0
Salt,ITM02218,KG,raw,0,0
Sugar,ITM02219,KG,raw,0,0
Flour,ITM02220,KG,raw,0,0
Rice,ITM02221,KG,raw,5,0
Flour,ITM02222,KG,raw,5,0
Rice,ITM02223,KG,raw,5,0
Salt,ITM02224,KG,raw,5,0
Rice,ITM02225,KG,raw,5,0
Wheat,ITM02226,KG,raw,0,0
Flour,ITM02227,KG,raw,0,0
Oil,ITM02228,KG,raw,5,0
Flour,ITM02229,KG,raw,0,0
Sugar,ITM02230,KG,raw,0,0
Wheat,ITM02231,KG,raw,5,0
Wheat,ITM02232,KG,raw,0,0
Rice,ITM02233,KG,raw,5,0
Sugar,ITM02234,KG,raw,0,0
Wheat,ITM02235,KG,raw,0,0
Wheat,ITM02236,KG,raw,5,0
Wheat,ITM02237,KG,raw,5,0
Rice,ITM02238,KG,raw,0,0
Wheat,ITM02239,KG,raw,5,0
Rice,ITM02240,KG,raw,0,0
Rice,ITM02241,KG,raw,0,0
Rice,ITM02242,KG,raw,5,0
Salt,ITM02243,KG,raw,5,0
Oil,ITM02244,KG,raw,5,0
Wheat,ITM02245,KG,raw,0,0
Oil,ITM02246,KG,raw,0,0
Flour,ITM02247,KG,raw,0,0
Flour,ITM02248,KG,raw,5,0
Flour,ITM02249,KG,raw,5,0
Oil,ITM02250,KG,raw,5,0
Salt,ITM02251,KG,raw,5,0
Rice,ITM02252,KG,raw,5,0
Wheat,ITM02253,KG,raw,5,0
Salt,ITM02254,KG,raw,5,0
Sugar,ITM02255,KG,raw,5,0
Sugar,ITM02256,KG,raw,5,0
Flour,ITM02257,KG,raw,0,0
Rice,ITM02258,KG,raw,0,0
Wheat,ITM02259,KG,raw,5,0
Salt,ITM02260,KG,raw,0,0
Oil,ITM02261,KG,raw,0,0
Rice,ITM02262,KG,raw,5,0
Flour,ITM02263,KG,raw,5,0
Oil,ITM02264,KG,raw,0,0
Oil,ITM02265,KG,raw,5,0
Wheat,ITM02266,KG,raw,5,0
Wheat,ITM02267,KG,raw,0,0
Sugar,ITM02268,KG,raw,5,0
Wheat,ITM02269,KG,raw,5,0
Rice,ITM02270,KG,raw,0,0
Flour,ITM02271,KG,raw,5,0
Flour,ITM02272,KG,raw,0,0
Rice,ITM02273,KG,raw,0,0
Wheat,ITM02274,KG,raw,0,0
Sugar,ITM02275,KG,raw,0,0
Rice,ITM02276,KG,raw,5,0
Salt,ITM02277,KG,raw,0,0
Oil,ITM02278,KG,raw,5,0
Rice,ITM02279,KG,raw,0,0
Sugar,ITM02280,KG,raw,0,0
Sugar,ITM02281,KG,raw,0,0
Oil,ITM02282,KG,raw,5,0
Salt,ITM02283,KG,raw,0,0
Flour,ITM02284,KG,raw,0,0
Sugar,ITM02285,KG,raw,0,0
Sugar,ITM02286,KG,raw,0,0
Salt,ITM02287,KG,raw,0,0
Sugar,ITM02288,KG,raw,0,0
Rice,ITM02289,KG,raw,5,0
Rice,ITM02290,KG,raw,0,0
Flour,ITM02291,KG,raw,0,0
Oil,ITM02292,KG,raw,0,0
Sugar,ITM02293,KG,raw,0,0
Sugar,ITM02294,KG,raw,0,0
Wheat,ITM02295,KG,raw,5,0
Flour,ITM02296,KG,raw,5,0
Wheat,ITM02297,KG,raw,0,0
Wheat,ITM02298,KG,raw,0,0
Wheat,ITM02299,KG,raw,0,0
Sugar,ITM02300,KG,raw,5,0
Sugar,ITM02301,KG,raw,0,0
Wheat,ITM02302,KG,raw,5,0
Rice,ITM02303,KG,raw,0,0
Salt,ITM02304,KG,raw,5,0
Sugar,ITM02305,KG,raw,0,0
Flour,ITM02306,KG,raw,0,0
Sugar,ITM02307,KG,raw,5,0
Oil,ITM02308,KG,raw,0,0
Wheat,ITM02309,KG,raw,5,0
Salt,ITM02310,KG,raw,0,0
Rice,ITM02311,KG,raw,0,0
Sugar,ITM02312,KG,raw,0,0
Flour,ITM02313,KG,raw,0,0
Oil,ITM02314,KG,raw,5,0
Oil,ITM02315,KG,raw,5,0
Oil,ITM02316,KG,raw,5,0
Wheat,ITM02317,KG,raw,5,0
Sugar,ITM02318,KG,raw,5,0
Salt,ITM02319,KG,raw,0,0
Oil,ITM02320,KG,raw,5,0
Sugar,ITM02321,KG,raw,5,0
Oil,ITM02322,KG,raw,0,0
Flour,ITM02323,KG,raw,0,0
Oil,ITM02324,KG,raw,5,0
Sugar,ITM02325,KG,raw,5,0
Flour,ITM02326,KG,raw,5,0
Oil,ITM02327,KG,raw,0,0
Rice,ITM02328,KG,raw,0,0
Oil,ITM02329,KG,raw,0,0
Sugar,ITM02330,KG,raw,5,0
Rice,ITM02331,KG,raw,0,0
Oil,ITM02332,KG,raw,0,0
Salt,ITM02333,KG,raw,5,0
Sugar,ITM02334,KG,raw,5,0
Rice,ITM02335,KG,raw,5,0
Rice,ITM02336,KG,raw,0,0
Oil,ITM02337,KG,raw,0,0
Sugar,ITM02338,KG,raw,0,0
Rice,ITM02339,KG,raw,5,0
Sugar,ITM02340,KG,raw,0,0
Sugar,ITM02341,KG,raw,5,0
Oil,ITM02342,KG,raw,5,0
Wheat,ITM02343,KG,raw,5,0
Salt,ITM02344,KG,raw,0,0
Wheat,ITM02345,KG,raw,0,0
Oil,ITM02346,KG,raw,0,0
Wheat,ITM02347,KG,raw,0,0
Sugar,ITM02348,KG,raw,5,0
Rice,ITM02349,KG,raw,0,0
Rice,ITM02350,KG,raw,0,0
Sugar,ITM02351,KG,raw,5,0
Sugar,ITM02352,KG,raw,0,0
Oil,ITM02353,KG,raw,0,0
Flour,ITM02354,KG,raw,5,0
Flour,ITM02355,KG,raw,5,0
Oil,ITM02356,KG,raw,0,0
Sugar,ITM02357,KG,raw,5,0
Flour,ITM02358,KG,raw,5,0
Salt,ITM02359,KG,raw,0,0
Sugar,ITM02360,KG,raw,0,0
Wheat,ITM02361,KG,raw,0,0
Flour,ITM02362,KG,raw,5,0
Wheat,ITM02363,KG,raw,0,0
Flour,ITM02364,KG,raw,0,0
Flour,ITM02365,KG,raw,0,0
Wheat,ITM02366,KG,raw,5,0
Oil,ITM02367,KG,raw,5,0
Sugar,ITM02368,KG,raw,0,0
Flour,ITM02369,KG,raw,0,0
Salt,ITM02370,KG,raw,5,0
Oil,ITM02371,KG,raw,0,0
Salt,ITM02372,KG,raw,0,0
Salt,ITM02373,KG,raw,5,0
Wheat,ITM02374,KG,raw,0,0
Oil,ITM02375,KG,raw,5,0
Wheat,ITM02376,KG,raw,0,0
Rice,ITM02377,KG,raw,0,0
Sugar,ITM02378,KG,raw,5,0
Rice,ITM02379,KG,raw,5,0
Wheat,ITM02380,KG,raw,0,0
Flour,ITM02381,KG,raw,5,0
Salt,ITM02382,KG,raw,0,0
Oil,ITM02383,KG,raw,0,0
Rice,ITM02384,KG,raw,0,0
Oil,ITM02385,KG,raw,5,0
Flour,ITM02386,KG,raw,0,0
Flour,ITM02387,KG,raw,5,0
Rice,ITM02388,KG,raw,5,0
Flour,ITM02389,KG,raw,5,0
Oil,ITM02390,KG,raw,0,0
Rice,ITM02391,KG,raw,5,0
Oil,ITM02392,KG,raw,0,0
Sugar,ITM02393,KG,raw,0,0
Wheat,ITM02394,KG,raw,5,0
Rice,ITM02395,KG,raw,5,0
Flour,ITM02396,KG,raw,5,0
Oil,ITM02397,KG,raw,5,0
Salt,ITM02398,KG,raw,0,0
Flour,ITM02399,KG,raw,0,0
Wheat,ITM02400,KG,raw,5,0
Sugar,ITM02401,KG,raw,0,0
Flour,ITM02402,KG,raw,5,0
Oil,ITM02403,KG,raw,0,0
Sugar,ITM02404,KG,raw,0,0
Sugar,ITM02405,KG,raw,5,0
Rice,ITM02406,KG,raw,0,0
Rice,ITM02407,KG,raw,0,0
Wheat,ITM02408,KG,raw,5,0
Sugar,ITM02409,KG,raw,5,0
Wheat,ITM02410,KG,raw,5,0
Oil,ITM02411,KG,raw,0,0
Wheat,ITM02412,KG,raw,5,0
Flour,ITM02413,KG,raw,5,0
Sugar,ITM02414,KG,raw,0,0
Wheat,ITM02415,KG,raw,0,0
Sugar,ITM02416,KG,raw,0,0
Wheat,ITM02417,KG,raw,5,0
Salt,ITM02418,KG,raw,0,0
Wheat,ITM02419,KG,raw,0,0
Sugar,ITM02420,KG,raw,5,0
Salt,ITM02421,KG,raw,5,0
Wheat,ITM02422,KG,raw,0,0
Salt,ITM02423,KG,raw,5,0
Wheat,ITM02424,KG,raw,5,0
Rice,ITM02425,KG,raw,5,0
Rice,ITM02426,KG,raw,0,0
Oil,ITM02427,KG,raw,5,0
Salt,ITM02428,KG,raw,5,0
Flour,ITM02429,KG,raw,5,0
Flour,ITM02430,KG,raw,5,0
Rice,ITM02431,KG,raw,5,0
Sugar,ITM02432,KG,raw,5,0
Sugar,ITM02433,KG,raw,0,0
Rice,ITM02434,KG,raw,5,0
Flour,ITM02435,KG,raw,0,0
Salt,ITM02436,KG,raw,5,0
Sugar,ITM02437,KG,raw,5,0
Oil,ITM02438,KG,raw,5,0
Wheat,ITM02439,KG,raw,5,0
Sugar,ITM02440,KG,raw,0,0
Rice,ITM02441,KG,raw,5,0
Sugar,ITM02442,KG,raw,0,0
Salt,ITM02443,KG,raw,5,0
Sugar,ITM02444,KG,raw,5,0
Rice,ITM02445,KG,raw,0,0
Rice,ITM02446,KG,raw,0,0
Rice,ITM02447,KG,raw,0,0
Salt,ITM02448,KG,raw,5,0
Wheat,ITM02449,KG,raw,0,0
Wheat,ITM02450,KG,raw,5,0
Rice,ITM02451,KG,raw,0,0
Rice,ITM02452,KG,raw,0,0
Sugar,ITM02453,KG,raw,5,0
Sugar,ITM02454,KG,raw,0,0
Rice,ITM02455,KG,raw,0,0
Sugar,ITM02456,KG,raw,5,0
Rice,ITM02457,KG,raw,5,0
Sugar,ITM02458,KG,raw,5,0
Oil,ITM02459,KG,raw,5,0
Salt,ITM02460,KG,raw,0,0
Oil,ITM02461,KG,raw,0,0
Wheat,ITM02462,KG,raw,0,0
Oil,ITM02463,KG,raw,5,0
Oil,ITM02464,KG,raw,0,0
Salt,ITM02465,KG,raw,5,0
Sugar,ITM02466,KG,raw,0,0
Oil,ITM02467,KG,raw,5,0
Wheat,ITM02468,KG,raw,0,0
Rice,ITM02469,KG,raw,0,0
Salt,ITM02470,KG,raw,5,0
Sugar,ITM02471,KG,raw,0,0
Wheat,ITM02472,KG,raw,5,0
Wheat,ITM02473,KG,raw,0,0
Sugar,ITM02474,KG,raw,0,0
Sugar,ITM02475,KG,raw,5,0
Oil,ITM02476,KG,raw,0,0
Sugar,ITM02477,KG,raw,0,0
Oil,ITM02478,KG,raw,5,0
Oil,ITM02479,KG,raw,0,0
Salt,ITM02480,KG,raw,0,0
Flour,ITM02481,KG,raw,5,0
Oil,ITM02482,KG,raw,5,0
Salt,ITM02483,KG,raw,0,0
Wheat,ITM02484,KG,raw,5,0
Wheat,ITM02485,KG,raw,0,0
Rice,ITM02486,KG,raw,5,0
Flour,ITM02487,KG,raw,5,0
Flour,ITM02488,KG,raw,0,0
Salt,ITM02489,KG,raw,5,0
Sugar,ITM02490,KG,raw,0,0
Sugar,ITM02491,KG,raw,5,0
Sugar,ITM02492,KG,raw,5,0
Wheat,ITM02493,KG,raw,0,0
Flour,ITM02494,KG,raw,5,0
Rice,ITM02495,KG,raw,0,0
Sugar,ITM02496,KG,raw,5,0
Wheat,ITM02497,KG,raw,5,0
Rice,ITM02498,KG,raw,0,0
Rice,ITM02499,KG,raw,5,0
Oil,ITM02500,KG,raw,5,0
Rice,ITM02501,KG,raw,5,0
Rice,ITM02502,KG,raw,0,0
Salt,ITM02503,KG,raw,0,0
Wheat,ITM02504,KG,raw,5,0
Sugar,ITM02505,KG,raw,0,0
Salt,ITM02506,KG,raw,0,0
Wheat,ITM02507,KG,raw,5,0
Wheat,ITM02508,KG,raw,0,0
Sugar,ITM02509,KG,raw,5,0
Rice,ITM02510,KG,raw,5,0
Wheat,ITM02511,KG,raw,0,0
Sugar,ITM02512,KG,raw,0,0
Sugar,ITM02513,KG,raw,0,0
Salt,ITM02514,KG,raw,5,0
Sugar,ITM02515,KG,raw,5,0
Salt,ITM02516,KG,raw,5,0
Sugar,ITM02517,KG,raw,0,0
Rice,ITM02518,KG,raw,0,0
Salt,ITM02519,KG,raw,0,0
Salt,ITM02520,KG,raw,5,0
Wheat,ITM02521,KG,raw,5,0
Wheat,ITM02522,KG,raw,5,0
Sugar,ITM02523,KG,raw,0,0
Sugar,ITM02524,KG,raw,0,0
Rice,ITM02525,KG,raw,5,0
Flour,ITM02526,KG,raw,5,0
Wheat,ITM02527,KG,raw,0,0
Flour,ITM02528,KG,raw,0,0
Wheat,ITM02529,KG,raw,0,0
Salt,ITM02530,KG,raw,5,0
Oil,ITM02531,KG,raw,0,0
Sugar,ITM02532,KG,raw,0,0
Oil,ITM02533,KG,raw,5,0
Salt,ITM02534,KG,raw,0,0
Salt,ITM02535,KG,raw,0,0
Rice,ITM02536,KG,raw,0,0
Flour,ITM02537,KG,raw,0,0
Wheat,ITM02538,KG,raw,0,0
Oil,ITM02539,KG,raw,5,0
Oil,ITM02540,KG,raw,5,0
Rice,ITM02541,KG,raw,5,0
Oil,ITM02542,KG,raw,0,0
Sugar,ITM02543,KG,raw,5,0
Oil,ITM02544,KG,raw,5,0
Rice,ITM02545,KG,raw,5,0
Sugar,ITM02546,KG,raw,0,0
Sugar,ITM02547,KG,raw,0,0
Wheat,ITM02548,KG,raw,0,0
Salt,ITM02549,KG,raw,0,0
Flour,ITM02550,KG,raw,0,0
Oil,ITM02551,KG,raw,5,0
Sugar,ITM02552,KG,raw,0,0
Oil,ITM02553,KG,raw,5,0
Flour,ITM02554,KG,raw,0,0
Salt,ITM02555,KG,raw,5,0
Sugar,ITM02556,KG,raw,5,0
Rice,ITM02557,KG,raw,0,0
Sugar,ITM02558,KG,raw,5,0
Oil,ITM02559,KG,raw,0,0
Sugar,ITM02560,KG,raw,5,0
Sugar,ITM02561,KG,raw,0,0
Wheat,ITM02562,KG,raw,0,0
Rice,ITM02563,KG,raw,5,0
Sugar,ITM02564,KG,raw,5,0
Wheat,ITM02565,KG,raw,0,0
Salt,ITM02566,KG,raw,0,0
Flour,ITM02567,KG,raw,0,0
Oil,ITM02568,KG,raw,0,0
Flour,ITM02569,KG,raw,5,0
Wheat,ITM02570,KG,raw,0,0
Salt,ITM02571,KG,raw,5,0
Salt,ITM02572,KG,raw,5,0
Rice,ITM02573,KG,raw,5,0
Oil,ITM02574,KG,raw,5,0
Sugar,ITM02575,KG,raw,5,0
Sugar,ITM02576,KG,raw,0,0
Sugar,ITM02577,KG,raw,0,0
Salt,ITM02578,KG,raw,5,0
Salt,ITM02579,KG,raw,0,0
Flour,ITM02580,KG,raw,5,0
Flour,ITM02581,KG,raw,0,0
Oil,ITM02582,KG,raw,5,0
Salt,ITM02583,KG,raw,0,0
Salt,ITM02584,KG,raw,0,0
Salt,ITM02585,KG,raw,0,0
Salt,ITM02586,KG,raw,5,0
Sugar,ITM02587,KG,raw,5,0
Salt,ITM02588,KG,raw,5,0
Salt,ITM02589,KG,raw,0,0
Rice,ITM02590,KG,raw,5,0
Salt,ITM02591,KG,raw,0,0
Oil,ITM02592,KG,raw,0,0
Rice,ITM02593,KG,raw,5,0
Oil,ITM02594,KG,raw,0,0
Oil,ITM02595,KG,raw,5,0
Rice,ITM02596,KG,raw,5,0
Rice,ITM02597,KG,raw,0,0
Oil,ITM02598,KG,raw,0,0
Wheat,ITM02599,KG,raw,5,0
Wheat,ITM02600,KG,raw,0,0
Oil,ITM02601,KG,raw,0,0
Salt,ITM02602,KG,raw,5,0
Flour,ITM02603,KG,raw,5,0
Flour,ITM02604,KG,raw,0,0
Wheat,ITM02605,KG,raw,0,0
Wheat,ITM02606,KG,raw,5,0
Oil,ITM02607,KG,raw,0,0
Wheat,ITM02608,KG,raw,0,0
Salt,ITM02609,KG,raw,0,0
Wheat,ITM02610,KG,raw,5,0
Flour,ITM02611,KG,raw,5,0
Rice,ITM02612,KG,raw,5,0
Wheat,ITM02613,KG,raw,5,0
Rice,ITM02614,KG,raw,5,0
Rice,ITM02615,KG,raw,5,0
Rice,ITM02616,KG,raw,0,0
Salt,ITM02617,KG,raw,0,0
Sugar,ITM02618,KG,raw,5,0
Flour,ITM02619,KG,raw,5,0
Flour,ITM02620,KG,raw,5,0
Wheat,ITM02621,KG,raw,5,0
Oil,ITM02622,KG,raw,0,0
Flour,ITM02623,KG,raw,5,0
Flour,ITM02624,KG,raw,5,0
Wheat,ITM02625,KG,raw,5,0
Rice,ITM02626,KG,raw,5,0
Oil,ITM02627,KG,raw,0,0
Oil,ITM02628,KG,raw,0,0
Oil,ITM02629,KG,raw,0,0
Sugar,ITM02630,KG,raw,5,0
Salt,ITM02631,KG,raw,5,0
Rice,ITM02632,KG,raw,5,0
Sugar,ITM02633,KG,raw,5,0
Wheat,ITM02634,KG,raw,0,0
Sugar,ITM02635,KG,raw,0,0
Sugar,ITM02636,KG,raw,0,0
Salt,ITM02637,KG,raw,5,0
Rice,ITM02638,KG,raw,5,0
Salt,ITM02639,KG,raw,0,0
Flour,ITM02640,KG,raw,5,0
Flour,ITM02641,KG,raw,5,0
Wheat,ITM02642,KG,raw,0,0
Flour,ITM02643,KG,raw,0,0
Flour,ITM02644,KG,raw,5,0
Sugar,ITM02645,KG,raw,5,0
Salt,ITM02646,KG,raw,5,0
Flour,ITM02647,KG,raw,5,0
Flour,ITM02648,KG,raw,0,0
Oil,ITM02649,KG,raw,5,0
Salt,ITM02650,KG,raw,0,0
Rice,ITM02651,KG,raw,0,0
Flour,ITM02652,KG,raw,0,0
Rice,ITM02653,KG,raw,0,0
Oil,ITM02654,KG,raw,5,0
Flour,ITM02655,KG,raw,0,0
Salt,ITM02656,KG,raw,0,0
Sugar,ITM02657,KG,raw,5,0
Wheat,ITM02658,KG,raw,5,0
Sugar,ITM02659,KG,raw,0,0
Oil,ITM02660,KG,raw,5,0
Rice,ITM02661,KG,raw,0,0
Flour,ITM02662,KG,raw,0,0
Wheat,ITM02663,KG,raw,5,0
Sugar,ITM02664,KG,raw,5,0
Oil,ITM02665,KG,raw,5,0
Rice,ITM02666,KG,raw,0,0
Salt,ITM02667,KG,raw,0,0
Oil,ITM02668,KG,raw,5,0
Rice,ITM02669,KG,raw,0,0
Salt,ITM02670,KG,raw,0,0
Salt,ITM02671,KG,raw,0,0
Salt,ITM02672,KG,raw,5,0
Salt,ITM02673,KG,raw,0,0
Sugar,ITM02674,KG,raw,0,0
Wheat,ITM02675,KG,raw,5,0
Flour,ITM02676,KG,raw,5,0
Salt,ITM02677,KG,raw,5,0
Salt,ITM02678,KG,raw,5,0
Rice,ITM02679,KG,raw,0,0
Oil,ITM02680,KG,raw,5,0
Oil,ITM02681,KG,raw,5,0
Rice,ITM02682,KG,raw,5,0
Salt,ITM02683,KG,raw,0,0
Rice,ITM02684,KG,raw,0,0
Rice,ITM02685,KG,raw,5,0
Wheat,ITM02686,KG,raw,0,0
Salt,ITM02687,KG,raw,5,0
Flour,ITM02688,KG,raw,0,0
Flour,ITM02689,KG,raw,5,0
Oil,ITM02690,KG,raw,0,0
Rice,ITM02691,KG,raw,5,0
Oil,ITM02692,KG,raw,0,0
Oil,ITM02693,KG,raw,5,0
Oil,ITM02694,KG,raw,5,0
Wheat,ITM02695,KG,raw,0,0
Rice,ITM02696,KG,raw,0,0
Flour,ITM02697,KG,raw,0,0
Sugar,ITM02698,KG,raw,0,0
Rice,ITM02699,KG,raw,0,0
Flour,ITM02700,KG,raw,0,0
Oil,ITM02701,KG,raw,5,0
Sugar,ITM02702,KG,raw,5,0
Rice,ITM02703,KG,raw,5,0
Flour,ITM02704,KG,raw,0,0
Oil,ITM02705,KG,raw,5,0
Wheat,ITM02706,KG,raw,5,0
Sugar,ITM02707,KG,raw,5,0
Sugar,ITM02708,KG,raw,0,0
Flour,ITM02709,KG,raw,0,0
Rice,ITM02710,KG,raw,0,0
Oil,ITM02711,KG,raw,0,0
Wheat,ITM02712,KG,raw,5,0
Wheat,ITM02713,KG,raw,0,0
Wheat,ITM02714,KG,raw,5,0
Sugar,ITM02715,KG,raw,0,0
Flour,ITM02716,KG,raw,5,0
Oil,ITM02717,KG,raw,0,0
Salt,ITM02718,KG,raw,0,0
Sugar,ITM02719,KG,raw,0,0
Salt,ITM02720,KG,raw,5,0
Oil,ITM02721,KG,raw,0,0
Wheat,ITM02722,KG,raw,5,0
Wheat,ITM02723,KG,raw,0,0
Salt,ITM02724,KG,raw,0,0
Oil,ITM02725,KG,raw,0,0
Oil,ITM02726,KG,raw,0,0
Flour,ITM02727,KG,raw,0,0
Oil,ITM02728,KG,raw,5,0
Salt,ITM02729,KG,raw,5,0
Wheat,ITM02730,KG,raw,0,0
Salt,ITM02731,KG,raw,5,0
Salt,ITM02732,KG,raw,5,0
Oil,ITM02733,KG,raw,5,0
Salt,ITM02734,KG,raw,5,0
Sugar,ITM02735,KG,raw,5,0
Sugar,ITM02736,KG,raw,5,0
Oil,ITM02737,KG,raw,0,0
Oil,ITM02738,KG,raw,5,0
Oil,ITM02739,KG,raw,5,0
Salt,ITM02740,KG,raw,5,0
Sugar,ITM02741,KG,raw,0,0
Flour,ITM02742,KG,raw,0,0
Sugar,ITM02743,KG,raw,0,0
Rice,ITM02744,KG,raw,5,0
Wheat,ITM02745,KG,raw,0,0
Flour,ITM02746,KG,raw,5,0
Sugar,ITM02747,KG,raw,0,0
Salt,ITM02748,KG,raw,5,0
Salt,ITM02749,KG,raw,0,0
Oil,ITM02750,KG,raw,0,0
Sugar,ITM02751,KG,raw,0,0
Flour,ITM02752,KG,raw,0,0
Sugar,ITM02753,KG,raw,0,0
Flour,ITM02754,KG,raw,5,0
Sugar,ITM02755,KG,raw,0,0
Salt,ITM02756,KG,raw,5,0
Flour,ITM02757,KG,raw,5,0
Oil,ITM02758,KG,raw,0,0
Flour,ITM02759,KG,raw,5,0
Wheat,ITM02760,KG,raw,0,0
Rice,ITM02761,KG,raw,5,0
Salt,ITM02762,KG,raw,0,0
Wheat,ITM02763,KG,raw,5,0
Salt,ITM02764,KG,raw,0,0
Salt,ITM02765,KG,raw,5,0
Wheat,ITM02766,KG,raw,0,0
Salt,ITM02767,KG,raw,0,0
Oil,ITM02768,KG,raw,0,0
Flour,ITM02769,KG,raw,5,0
Sugar,ITM02770,KG,raw,0,0
Flour,ITM02771,KG,raw,0,0
Flour,ITM02772,KG,raw,5,0
Salt,ITM02773,KG,raw,5,0
Salt,ITM02774,KG,raw,0,0
Salt,ITM02775,KG,raw,0,0
Salt,ITM02776,KG,raw,0,0
Flour,ITM02777,KG,raw,0,0
Wheat,ITM02778,KG,raw,5,0
Rice,ITM02779,KG,raw,0,0
Rice,ITM02780,KG,raw,5,0
Wheat,ITM02781,KG,raw,5,0
Salt,ITM02782,KG,raw,5,0
Rice,ITM02783,KG,raw,0,0
Oil,ITM02784,KG,raw,5,0
Oil,ITM02785,KG,raw,0,0
Sugar,ITM02786,KG,raw,5,0
Flour,ITM02787,KG,raw,5,0
Rice,ITM02788,KG,raw,5,0
Sugar,ITM02789,KG,raw,0,0
Flour,ITM02790,KG,raw,0,0
Oil,ITM02791,KG,raw,0,0
Salt,ITM02792,KG,raw,5,0
Sugar,ITM02793,KG,raw,5,0
Sugar,ITM02794,KG,raw,0,0
Rice,ITM02795,KG,raw,0,0
Sugar,ITM02796,KG,raw,5,0
Salt,ITM02797,KG,raw,5,0
Wheat,ITM02798,KG,raw,5,0
Rice,ITM02799,KG,raw,0,0
Salt,ITM02800,KG,raw,0,0
Wheat,ITM02801,KG,raw,5,0
Sugar,ITM02802,KG,raw,0,0
Flour,ITM02803,KG,raw,5,0
Sugar,ITM02804,KG,raw,0,0
Rice,ITM02805,KG,raw,5,0
Flour,ITM02806,KG,raw,0,0
Oil,ITM02807,KG,raw,5,0
Rice,ITM02808,KG,raw,0,0
Wheat,ITM02809,KG,raw,0,0
Oil,ITM02810,KG,raw,0,0
Rice,ITM02811,KG,raw,5,0
Oil,ITM02812,KG,raw,5,0
Oil,ITM02813,KG,raw,5,0
Oil,ITM02814,KG,raw,0,0
Oil,ITM02815,KG,raw,5,0
Salt,ITM02816,KG,raw,0,0
Flour,ITM02817,KG,raw,5,0
Sugar,ITM02818,KG,raw,5,0
Flour,ITM02819,KG,raw,0,0
Wheat,ITM02820,KG,raw,0,0
Sugar,ITM02821,KG,raw,0,0
Salt,ITM02822,KG,raw,0,0
Salt,ITM02823,KG,raw,5,0
Rice,ITM02824,KG,raw,0,0
Salt,ITM02825,KG,raw,0,0
Salt,ITM02826,KG,raw,5,0
Rice,ITM02827,KG,raw,0,0
Flour,ITM02828,KG,raw,0,0
Rice,ITM02829,KG,raw,5,0
Sugar,ITM02830,KG,raw,0,0
Sugar,ITM02831,KG,raw,5,0
Rice,ITM02832,KG,raw,0,0
Salt,ITM02833,KG,raw,5,0
Wheat,ITM02834,KG,raw,0,0
Wheat,ITM02835,KG,raw,0,0
Sugar,ITM02836,KG,raw,5,0
Rice,ITM02837,KG,raw,5,0
Flour,ITM02838,KG,raw,0,0
Rice,ITM02839,KG,raw,0,0
Rice,ITM02840,KG,raw,0,0
Flour,ITM02841,KG,raw,5,0
Sugar,ITM02842,KG,raw,5,0
Rice,ITM02843,KG,raw,0,0
Sugar,ITM02844,KG,raw,0,0
Sugar,ITM02845,KG,raw,0,0
Sugar,ITM02846,KG,raw,0,0
Flour,ITM02847,KG,raw,5,0
Rice,ITM02848,KG,raw,5,0
Flour,ITM02849,KG,raw,5,0
Oil,ITM02850,KG,raw,0,0
Flour,ITM02851,KG,raw,5,0
Wheat,ITM02852,KG,raw,0,0
Wheat,ITM02853,KG,raw,5,0
Sugar,ITM02854,KG,raw,0,0
Rice,ITM02855,KG,raw,5,0
Rice,ITM02856,KG,raw,5,0
Oil,ITM02857,KG,raw,0,0
Flour,ITM02858,KG,raw,0,0
Wheat,ITM02859,KG,raw,5,0
Sugar,ITM02860,KG,raw,5,0
Salt,ITM02861,KG,raw,5,0
Wheat,ITM02862,KG,raw,5,0
Rice,ITM02863,KG,raw,5,0
Flour,ITM02864,KG,raw,5,0
Oil,ITM02865,KG,raw,5,0
Sugar,ITM02866,KG,raw,0,0
Wheat,ITM02867,KG,raw,5,0
Oil,ITM02868,KG,raw,0,0
Oil,ITM02869,KG,raw,0,0
Wheat,ITM02870,KG,raw,0,0
Flour,ITM02871,KG,raw,5,0
Sugar,ITM02872,KG,raw,5,0
Wheat,ITM02873,KG,raw,5,0
Wheat,ITM02874,KG,raw,5,0
Flour,ITM02875,KG,raw,0,0
Flour,ITM02876,KG,raw,0,0
Rice,ITM02877,KG,raw,5,0
Oil,ITM02878,KG,raw,0,0
Salt,ITM02879,KG,raw,5,0
Oil,ITM02880,KG,raw,5,0
Sugar,ITM02881,KG,raw,0,0
Sugar,ITM02882,KG,raw,5,0
Sugar,ITM02883,KG,raw,0,0
Salt,ITM02884,KG,raw,5,0
Flour,ITM02885,KG,raw,5,0
Oil,ITM02886,KG,raw,0,0
Sugar,ITM02887,KG,raw,5,0
Rice,ITM02888,KG,raw,0,0
Oil,ITM02889,KG,raw,5,0
Wheat,ITM02890,KG,raw,0,0
Salt,ITM02891,KG,raw,5,0
Sugar,ITM02892,KG,raw,5,0
Salt,ITM02893,KG,raw,0,0
Sugar,ITM02894,KG,raw,5,0
Oil,ITM02895,KG,raw,0,0
Rice,ITM02896,KG,raw,5,0
Salt,ITM02897,KG,raw,0,0
Flour,ITM02898,KG,raw,5,0
Flour,ITM02899,KG,raw,0,0
Oil,ITM02900,KG,raw,0,0
Rice,ITM02901,KG,raw,5,0
Oil,ITM02902,KG,raw,0,0
Wheat,ITM02903,KG,raw,0,0
Wheat,ITM02904,KG,raw,0,0
Flour,ITM02905,KG,raw,0,0
Sugar,ITM02906,KG,raw,0,0
Oil,ITM02907,KG,raw,5,0
Oil,ITM02908,KG,raw,5,0
Flour,ITM02909,KG,raw,5,0
Oil,ITM02910,KG,raw,5,0
Sugar,ITM02911,KG,raw,0,0
Rice,ITM02912,KG,raw,5,0
Sugar,ITM02913,KG,raw,0,0
Salt,ITM02914,KG,raw,0,0
Salt,ITM02915,KG,raw,5,0
Salt,ITM02916,KG,raw,0,0
Flour,ITM02917,KG,raw,5,0
Rice,ITM02918,KG,raw,0,0
Salt,ITM02919,KG,raw,0,0
Rice,ITM02920,KG,raw,5,0
Sugar,ITM02921,KG,raw,5,0
Oil,ITM02922,KG,raw,5,0
Sugar,ITM02923,KG,raw,5,0
Rice,ITM02924,KG,raw,0,0
Salt,ITM02925,KG,raw,5,0
Sugar,ITM02926,KG,raw,0,0
Wheat,ITM02927,KG,raw,0,0
Wheat,ITM02928,KG,raw,5,0
Wheat,ITM02929,KG,raw,5,0
Wheat,ITM02930,KG,raw,0,0
Salt,ITM02931,KG,raw,0,0
Sugar,ITM02932,KG,raw,0,0
Rice,ITM02933,KG,raw,5,0
Sugar,ITM02934,KG,raw,0,0
Salt,ITM02935,KG,raw,5,0
Sugar,ITM02936,KG,raw,0,0
Rice,ITM02937,KG,raw,0,0
Oil,ITM02938,KG,raw,5,0
Rice,ITM02939,KG,raw,5,0
Oil,ITM02940,KG,raw,5,0
Salt,ITM02941,KG,raw,5,0
Salt,ITM02942,KG,raw,5,0
Sugar,ITM02943,KG,raw,5,0
Oil,ITM02944,KG,raw,5,0
Salt,ITM02945,KG,raw,0,0
Wheat,ITM02946,KG,raw,0,0
Flour,ITM02947,KG,raw,5,0
Flour,ITM02948,KG,raw,0,0
Wheat,ITM02949,KG,raw,5,0
Oil,ITM02950,KG,raw,5,0
Oil,ITM02951,KG,raw,5,0
Flour,ITM02952,KG,raw,0,0
Salt,ITM02953,KG,raw,0,0
Salt,ITM02954,KG,raw,0,0
Wheat,ITM02955,KG,raw,5,0
Rice,ITM02956,KG,raw,0,0
Rice,ITM02957,KG,raw,0,0
Wheat,ITM02958,KG,raw,5,0
Rice,ITM02959,KG,raw,5,0
Salt,ITM02960,KG,raw,5,0
Oil,ITM02961,KG,raw,5,0
Oil,ITM02962,KG,raw,5,0
Oil,ITM02963,KG,raw,5,0
Salt,ITM02964,KG,raw,5,0
Flour,ITM02965,KG,raw,0,0
Rice,ITM02966,KG,raw,5,0
Rice,ITM02967,KG,raw,0,0
Salt,ITM02968,KG,raw,5,0
Flour,ITM02969,KG,raw,5,0
Wheat,ITM02970,KG,raw,5,0
Rice,ITM02971,KG,raw,5,0
Flour,ITM02972,KG,raw,5,0
Oil,ITM02973,KG,raw,5,0
Wheat,ITM02974,KG,raw,5,0
Oil,ITM02975,KG,raw,0,0
Sugar,ITM02976,KG,raw,5,0
Flour,ITM02977,KG,raw,5,0
Oil,ITM02978,KG,raw,5,0
Rice,ITM02979,KG,raw,0,0
Flour,ITM02980,KG,raw,5,0
Flour,ITM02981,KG,raw,5,0
Flour,ITM02982,KG,raw,0,0
Salt,ITM02983,KG,raw,5,0
Rice,ITM02984,KG,raw,5,0
Oil,ITM02985,KG,raw,0,0
Salt,ITM02986,KG,raw,0,0
Sugar,ITM02987,KG,raw,0,0
Wheat,ITM02988,KG,raw,5,0
Sugar,ITM02989,KG,raw,5,0
Salt,ITM02990,KG,raw,0,0
Rice,ITM02991,KG,raw,0,0
Wheat,ITM02992,KG,raw,5,0
Sugar,ITM02993,KG,raw,5,0
Flour,ITM02994,KG,raw,5,0
Oil,ITM02995,KG,raw,5,0
Rice,ITM02996,KG,raw,0,0
Sugar,ITM02997,KG,raw,0,0
Flour,ITM02998,KG,raw,0,0
Sugar,ITM02999,KG,raw,5,0
Wheat,ITM03000,KG,raw,5,0
Salt,ITM03001,KG,raw,5,0
Sugar,ITM03002,KG,raw,5,0
Salt,ITM03003,KG,raw,5,0
Sugar,ITM03004,KG,raw,5,0
Rice,ITM03005,KG,raw,5,0
Rice,ITM03006,KG,raw,5,0
Salt,ITM03007,KG,raw,0,0
Flour,ITM03008,KG,raw,5,0
Salt,ITM03009,KG,raw,5,0
Sugar,ITM03010,KG,raw,0,0
Rice,ITM03011,KG,raw,5,0
Rice,ITM03012,KG,raw,5,0
Flour,ITM03013,KG,raw,5,0
Sugar,ITM03014,KG,raw,5,0
Wheat,ITM03015,KG,raw,5,0
Oil,ITM03016,KG,raw,5,0
Rice,ITM03017,KG,raw,5,0
Oil,ITM03018,KG,raw,0,0
Flour,ITM03019,KG,raw,5,0
Rice,ITM03020,KG,raw,5,0
Sugar,ITM03021,KG,raw,5,0
Flour,ITM03022,KG,raw,5,0
Wheat,ITM03023,KG,raw,0,0
Oil,ITM03024,KG,raw,5,0
Rice,ITM03025,KG,raw,0,0
Salt,ITM03026,KG,raw,0,0
Flour,ITM03027,KG,raw,0,0
Sugar,ITM03028,KG,raw,0,0
Salt,ITM03029,KG,raw,0,0
Sugar,ITM03030,KG,raw,0,0
Oil,ITM03031,KG,raw,5,0
Rice,ITM03032,KG,raw,5,0
Rice,ITM03033,KG,raw,0,0
Rice,ITM03034,KG,raw,5,0
Wheat,ITM03035,KG,raw,5,0
Oil,ITM03036,KG,raw,5,0
Wheat,ITM03037,KG,raw,5,0
Oil,ITM03038,KG,raw,5,0
Salt,ITM03039,KG,raw,5,0
Sugar,ITM03040,KG,raw,0,0
Wheat,ITM03041,KG,raw,5,0
Sugar,ITM03042,KG,raw,0,0
Sugar,ITM03043,KG,raw,5,0
Wheat,ITM03044,KG,raw,0,0
Sugar,ITM03045,KG,raw,0,0
Wheat,ITM03046,KG,raw,5,0
Oil,ITM03047,KG,raw,5,0
Salt,ITM03048,KG,raw,0,0
Oil,ITM03049,KG,raw,0,0
Sugar,ITM03050,KG,raw,0,0
Salt,ITM03051,KG,raw,5,0
Salt,ITM03052,KG,raw,0,0
Wheat,ITM03053,KG,raw,0,0
Wheat,ITM03054,KG,raw,5,0
Sugar,ITM03055,KG,raw,5,0
Salt,ITM03056,KG,raw,0,0
Salt,ITM03057,KG,raw,0,0
Rice,ITM03058,KG,raw,0,0
Rice,ITM03059,KG,raw,5,0
Wheat,ITM03060,KG,raw,0,0
Flour,ITM03061,KG,raw,5,0
Sugar,ITM03062,KG,raw,0,0
Oil,ITM03063,KG,raw,5,0
Flour,ITM03064,KG,raw,5,0
Rice,ITM03065,KG,raw,5,0
Salt,ITM03066,KG,raw,0,0
Sugar,ITM03067,KG,raw,0,0
Oil,ITM03068,KG,raw,5,0
Flour,ITM03069,KG,raw,5,0
Rice,ITM03070,KG,raw,0,0
Salt,ITM03071,KG,raw,0,0
Sugar,ITM03072,KG,raw,0,0
Salt,ITM03073,KG,raw,0,0
Oil,ITM03074,KG,raw,5,0
Sugar,ITM03075,KG,raw,5,0
Rice,ITM03076,KG,raw,5,0
Sugar,ITM03077,KG,raw,5,0
Rice,ITM03078,KG,raw,5,0
Oil,ITM03079,KG,raw,5,0
Rice,ITM03080,KG,raw,5,0
Sugar,ITM03081,KG,raw,0,0
Rice,ITM03082,KG,raw,0,0
Salt,ITM03083,KG,raw,0,0
Wheat,ITM03084,KG,raw,0,0
Oil,ITM03085,KG,raw,0,0
Flour,ITM03086,KG,raw,0,0
Salt,ITM03087,KG,raw,5,0
Salt,ITM03088,KG,raw,0,0
Salt,ITM03089,KG,raw,5,0
Wheat,ITM03090,KG,raw,5,0
Rice,ITM03091,KG,raw,0,0
Wheat,ITM03092,KG,raw,0,0
Flour,ITM03093,KG,raw,0,0
Flour,ITM03094,KG,raw,5,0
Sugar,ITM03095,KG,raw,0,0
Sugar,ITM03096,KG,raw,0,0
Sugar,ITM03097,KG,raw,0,0
Oil,ITM03098,KG,raw,0,0
Flour,ITM03099,KG,raw,5,0
Sugar,ITM03100,KG,raw,5,0
Wheat,ITM03101,KG,raw,5,0
Flour,ITM03102,KG,raw,0,0
Rice,ITM03103,KG,raw,0,0
Oil,ITM03104,KG,raw,5,0
Rice,ITM03105,KG,raw,0,0
Rice,ITM03106,KG,raw,0,0
Sugar,ITM03107,KG,raw,0,0
Sugar,ITM03108,KG,raw,5,0
Flour,ITM03109,KG,raw,5,0
Flour,ITM03110,KG,raw,0,0
Rice,ITM03111,KG,raw,0,0
Sugar,ITM03112,KG,raw,0,0
Flour,ITM03113,KG,raw,0,0
Sugar,ITM03114,KG,raw,0,0
Salt,ITM03115,KG,raw,5,0
Salt,ITM03116,KG,raw,5,0
Wheat,ITM03117,KG,raw,5,0
Rice,ITM03118,KG,raw,0,0
Salt,ITM03119,KG,raw,0,0
Wheat,ITM03120,KG,raw,0,0
Sugar,ITM03121,KG,raw,0,0
Wheat,ITM03122,KG,raw,5,0
Rice,ITM03123,KG,raw,0,0
Rice,ITM03124,KG,raw,0,0
Wheat,ITM03125,KG,raw,5,0
Oil,ITM03126,KG,raw,0,0
Rice,ITM03127,KG,raw,0,0
Sugar,ITM03128,KG,raw,5,0
Rice,ITM03129,KG,raw,0,0
Sugar,ITM03130,KG,raw,5,0
Sugar,ITM03131,KG,raw,5,0
Rice,ITM03132,KG,raw,0,0
Sugar,ITM03133,KG,raw,0,0
Rice,ITM03134,KG,raw,0,0
Sugar,ITM03135,KG,raw,5,0
Wheat,ITM03136,KG,raw,5,0
Oil,ITM03137,KG,raw,0,0
Oil,ITM03138,KG,raw,0,0
Salt,ITM03139,KG,raw,5,0
Sugar,ITM03140,KG,raw,0,0
Oil,ITM03141,KG,raw,0,0
Wheat,ITM03142,KG,raw,0,0
Oil,ITM03143,KG,raw,5,0
Sugar,ITM03144,KG,raw,5,0
Salt,ITM03145,KG,raw,5,0
Salt,ITM03146,KG,raw,0,0
Oil,ITM03147,KG,raw,0,0
Sugar,ITM03148,KG,raw,0,0
Flour,ITM03149,KG,raw,5,0
Oil,ITM03150,KG,raw,0,0
Rice,ITM03151,KG,raw,0,0
Oil,ITM03152,KG,raw,5,0
Wheat,ITM03153,KG,raw,5,0
Oil,ITM03154,KG,raw,5,0
Flour,ITM03155,KG,raw,5,0
Oil,ITM03156,KG,raw,0,0
Salt,ITM03157,KG,raw,0,0
Flour,ITM03158,KG,raw,5,0
Sugar,ITM03159,KG,raw,5,0
Oil,ITM03160,KG,raw,5,0
Rice,ITM03161,KG,raw,5,0
Salt,ITM03162,KG,raw,5,0
Oil,ITM03163,KG,raw,0,0
Flour,ITM03164,KG,raw,0,0
Sugar,ITM03165,KG,raw,5,0
Rice,ITM03166,KG,raw,0,0
Oil,ITM03167,KG,raw,0,0
Salt,ITM03168,KG,raw,5,0
Oil,ITM03169,KG,raw,5,0
Flour,ITM03170,KG,raw,5,0
Oil,ITM03171,KG,raw,0,0
Sugar,ITM03172,KG,raw,5,0
Oil,ITM03173,KG,raw,0,0
Flour,ITM03174,KG,raw,0,0
Oil,ITM03175,KG,raw,5,0
Rice,ITM03176,KG,raw,5,0
Wheat,ITM03177,KG,raw,0,0
Flour,ITM03178,KG,raw,5,0
Oil,ITM03179,KG,raw,0,0
Oil,ITM03180,KG,raw,0,0
Flour,ITM03181,KG,raw,5,0
Oil,ITM03182,KG,raw,0,0
Salt,ITM03183,KG,raw,5,0
Flour,ITM03184,KG,raw,0,0
Oil,ITM03185,KG,raw,0,0
Oil,ITM03186,KG,raw,0,0
Wheat,ITM03187,KG,raw,5,0
Sugar,ITM03188,KG,raw,0,0
Oil,ITM03189,KG,raw,0,0
Sugar,ITM03190,KG,raw,5,0
Wheat,ITM03191,KG,raw,0,0
Wheat,ITM03192,KG,raw,0,0
Rice,ITM03193,KG,raw,5,0
Sugar,ITM03194,KG,raw,5,0
Sugar,ITM03195,KG,raw,5,0
Sugar,ITM03196,KG,raw,5,0
Salt,ITM03197,KG,raw,5,0
Flour,ITM03198,KG,raw,0,0
Salt,ITM03199,KG,raw,0,0
Flour,ITM03200,KG,raw,5,0
Flour,ITM03201,KG,raw,0,0
Salt,ITM03202,KG,raw,5,0
Oil,ITM03203,KG,raw,0,0
Rice,ITM03204,KG,raw,0,0
Flour,ITM03205,KG,raw,5,0
Oil,ITM03206,KG,raw,0,0
Salt,ITM03207,KG,raw,0,0
Flour,ITM03208,KG,raw,5,0
Salt,ITM03209,KG,raw,0,0
Wheat,ITM03210,KG,raw,5,0
Oil,ITM03211,KG,raw,0,0
Wheat,ITM03212,KG,raw,0,0
Rice,ITM03213,KG,raw,5,0
Flour,ITM03214,KG,raw,0,0
Sugar,ITM03215,KG,raw,5,0
Wheat,ITM03216,KG,raw,5,0
Wheat,ITM03217,KG,raw,0,0
Salt,ITM03218,KG,raw,5,0
Flour,ITM03219,KG,raw,5,0
Oil,ITM03220,KG,raw,0,0
Oil,ITM03221,KG,raw,5,0
Rice,ITM03222,KG,raw,0,0
Rice,ITM03223,KG,raw,5,0
Salt,ITM03224,KG,raw,5,0
Sugar,ITM03225,KG,raw,0,0
Rice,ITM03226,KG,raw,5,0
Wheat,ITM03227,KG,raw,0,0
Sugar,ITM03228,KG,raw,0,0
Wheat,ITM03229,KG,raw,5,0
Flour,ITM03230,KG,raw,0,0
Oil,ITM03231,KG,raw,0,0
Flour,ITM03232,KG,raw,5,0
Flour,ITM03233,KG,raw,0,0
Flour,ITM03234,KG,raw,0,0
Flour,ITM03235,KG,raw,5,0
Oil,ITM03236,KG,raw,5,0
Flour,ITM03237,KG,raw,0,0
Wheat,ITM03238,KG,raw,5,0
Rice,ITM03239,KG,raw,5,0
Salt,ITM03240,KG,raw,0,0
Sugar,ITM03241,KG,raw,5,0
Sugar,ITM03242,KG,raw,5,0
Flour,ITM03243,KG,raw,0,0
Rice,ITM03244,KG,raw,0,0
Sugar,ITM03245,KG,raw,5,0
Salt,ITM03246,KG,raw,5,0
Wheat,ITM03247,KG,raw,0,0
Sugar,ITM03248,KG,raw,5,0
Wheat,ITM03249,KG,raw,0,0
Oil,ITM03250,KG,raw,5,0
Rice,ITM03251,KG,raw,5,0
Wheat,ITM03252,KG,raw,0,0
Sugar,ITM03253,KG,raw,5,0
Wheat,ITM03254,KG,raw,5,0
Oil,ITM03255,KG,raw,5,0
Salt,ITM03256,KG,raw,5,0
Oil,ITM03257,KG,raw,0,0
Oil,ITM03258,KG,raw,5,0
Rice,ITM03259,KG,raw,5,0
Salt,ITM03260,KG,raw,0,0
Salt,ITM03261,KG,raw,5,0
Oil,ITM03262,KG,raw,5,0
Salt,ITM03263,KG,raw,5,0
Rice,ITM03264,KG,raw,0,0
Salt,ITM03265,KG,raw,0,0
Salt,ITM03266,KG,raw,0,0
Wheat,ITM03267,KG,raw,0,0
Sugar,ITM03268,KG,raw,5,0
Sugar,ITM03269,KG,raw,5,0
Salt,ITM03270,KG,raw,5,0
Sugar,ITM03271,KG,raw,0,0
Wheat,ITM03272,KG,raw,5,0
Salt,ITM03273,KG,raw,0,0
Rice,ITM03274,KG,raw,0,0
Sugar,ITM03275,KG,raw,0,0
Rice,ITM03276,KG,raw,5,0
Oil,ITM03277,KG,raw,5,0
Wheat,ITM03278,KG,raw,0,0
Wheat,ITM03279,KG,raw,5,0
Sugar,ITM03280,KG,raw,0,0
Salt,ITM03281,KG,raw,0,0
Oil,ITM03282,KG,raw,0,0
Oil,ITM03283,KG,raw,5,0
Oil,ITM03284,KG,raw,0,0
Oil,ITM03285,KG,raw,5,0
Wheat,ITM03286,KG,raw,5,0
Salt,ITM03287,KG,raw,0,0
Rice,ITM03288,KG,raw,5,0
Rice,ITM03289,KG,raw,5,0
Flour,ITM03290,KG,raw,5,0
Wheat,ITM03291,KG,raw,0,0
Salt,ITM03292,KG,raw,5,0
Wheat,ITM03293,KG,raw,5,0
Oil,ITM03294,KG,raw,0,0
Oil,ITM03295,KG,raw,0,0
Wheat,ITM03296,KG,raw,0,0
Wheat,ITM03297,KG,raw,5,0
Flour,ITM03298,KG,raw,0,0
Sugar,ITM03299,KG,raw,5,0
Sugar,ITM03300,KG,raw,0,0
Salt,ITM03301,KG,raw,0,0
Sugar,ITM03302,KG,raw,0,0
Wheat,ITM03303,KG,raw,5,0
Salt,ITM03304,KG,raw,5,0
Flour,ITM03305,KG,raw,0,0
Wheat,ITM03306,KG,raw,0,0
Oil,ITM03307,KG,raw,5,0
Rice,ITM03308,KG,raw,5,0
Flour,ITM03309,KG,raw,5,0
Oil,ITM03310,KG,raw,5,0
Rice,ITM03311,KG,raw,5,0
Sugar,ITM03312,KG,raw,5,0
Flour,ITM03313,KG,raw,5,0
Flour,ITM03314,KG,raw,5,0
Oil,ITM03315,KG,raw,5,0
Rice,ITM03316,KG,raw,5,0
Rice,ITM03317,KG,raw,0,0
Wheat,ITM03318,KG,raw,5,0
Sugar,ITM03319,KG,raw,0,0
Salt,ITM03320,KG,raw,0,0
Sugar,ITM03321,KG,raw,0,0
Flour,ITM03322,KG,raw,5,0
Oil,ITM03323,KG,raw,5,0
Rice,ITM03324,KG,raw,5,0
Wheat,ITM03325,KG,raw,0,0
Sugar,ITM03326,KG,raw,5,0
Flour,ITM03327,KG,raw,5,0
Flour,ITM03328,KG,raw,5,0
Sugar,ITM03329,KG,raw,0,0
Flour,ITM03330,KG,raw,0,0
Sugar,ITM03331,KG,raw,5,0
Rice,ITM03332,KG,raw,0,0
Wheat,ITM03333,KG,raw,5,0
Wheat,ITM03334,KG,raw,5,0
Sugar,ITM03335,KG,raw,0,0
Salt,ITM03336,KG,raw,5,0
Rice,ITM03337,KG,raw,5,0
Flour,ITM03338,KG,raw,0,0
Oil,ITM03339,KG,raw,5,0
Wheat,ITM03340,KG,raw,5,0
Oil,ITM03341,KG,raw,5,0
Rice,ITM03342,KG,raw,0,0
Sugar,ITM03343,KG,raw,0,0
Rice,ITM03344,KG,raw,5,0
Wheat,ITM03345,KG,raw,5,0
Salt,ITM03346,KG,raw,0,0
Sugar,ITM03347,KG,raw,0,0
Flour,ITM03348,KG,raw,0,0
Sugar,ITM03349,KG,raw,0,0
Wheat,ITM03350,KG,raw,5,0
Sugar,ITM03351,KG,raw,5,0
Salt,ITM03352,KG,raw,5,0
Flour,ITM03353,KG,raw,5,0
Flour,ITM03354,KG,raw,0,0
Wheat,ITM03355,KG,raw,0,0
Sugar,ITM03356,KG,raw,0,0
Rice,ITM03357,KG,raw,0,0
Wheat,ITM03358,KG,raw,0,0
Rice,ITM03359,KG,raw,0,0
Flour,ITM03360,KG,raw,0,0
Oil,ITM03361,KG,raw,5,0
Rice,ITM03362,KG,raw,0,0
Wheat,ITM03363,KG,raw,0,0
Flour,ITM03364,KG,raw,5,0
Oil,ITM03365,KG,raw,5,0
Wheat,ITM03366,KG,raw,5,0
Sugar,ITM03367,KG,raw,0,0
Flour,ITM03368,KG,raw,5,0
Rice,ITM03369,KG,raw,0,0
Wheat,ITM03370,KG,raw,0,0
Oil,ITM03371,KG,raw,0,0
Oil,ITM03372,KG,raw,5,0
Sugar,ITM03373,KG,raw,5,0
Rice,ITM03374,KG,raw,0,0
Rice,ITM03375,KG,raw,5,0
Sugar,ITM03376,KG,raw,5,0
Wheat,ITM03377,KG,raw,0,0
Salt,ITM03378,KG,raw,5,0
Salt,ITM03379,KG,raw,5,0
Sugar,ITM03380,KG,raw,0,0
Rice,ITM03381,KG,raw,0,0
Oil,ITM03382,KG,raw,0,0
Flour,ITM03383,KG,raw,0,0
Oil,ITM03384,KG,raw,0,0
Wheat,ITM03385,KG,raw,0,0
Sugar,ITM03386,KG,raw,5,0
Wheat,ITM03387,KG,raw,0,0
Flour,ITM03388,KG,raw,0,0
Sugar,ITM03389,KG,raw,5,0
Salt,ITM03390,KG,raw,5,0
Wheat,ITM03391,KG,raw,0,0
Oil,ITM03392,KG,raw,5,0
Rice,ITM03393,KG,raw,5,0
Salt,ITM03394,KG,raw,5,0
Wheat,ITM03395,KG,raw,5,0
Wheat,ITM03396,KG,raw,0,0
Wheat,ITM03397,KG,raw,0,0
Oil,ITM03398,KG,raw,5,0
Salt,ITM03399,KG,raw,5,0
Rice,ITM03400,KG,raw,5,0
Sugar,ITM03401,KG,raw,0,0
Sugar,ITM03402,KG,raw,5,0
Salt,ITM03403,KG,raw,0,0
Oil,ITM03404,KG,raw,5,0
Sugar,ITM03405,KG,raw,0,0
Salt,ITM03406,KG,raw,0,0
Salt,ITM03407,KG,raw,0,0
Salt,ITM03408,KG,raw,5,0
Salt,ITM03409,KG,raw,5,0
Oil,ITM03410,KG,raw,5,0
Wheat,ITM03411,KG,raw,5,0
Sugar,ITM03412,KG,raw,5,0
Salt,ITM03413,KG,raw,5,0
Wheat,ITM03414,KG,raw,5,0
Salt,ITM03415,KG,raw,5,0
Sugar,ITM03416,KG,raw,5,0
Salt,ITM03417,KG,raw,0,0
Oil,ITM03418,KG,raw,0,0
Salt,ITM03419,KG,raw,0,0
Sugar,ITM03420,KG,raw,5,0
Rice,ITM03421,KG,raw,5,0
Oil,ITM03422,KG,raw,0,0
Oil,ITM03423,KG,raw,5,0
Sugar,ITM03424,KG,raw,0,0
Oil,ITM03425,KG,raw,5,0
Salt,ITM03426,KG,raw,0,0
Oil,ITM03427,KG,raw,0,0
Sugar,ITM03428,KG,raw,5,0
Salt,ITM03429,KG,raw,0,0
Oil,ITM03430,KG,raw,0,0
Flour,ITM03431,KG,raw,0,0
Salt,ITM03432,KG,raw,0,0
Salt,ITM03433,KG,raw,0,0
Rice,ITM03434,KG,raw,5,0
Sugar,ITM03435,KG,raw,0,0
Rice,ITM03436,KG,raw,5,0
Wheat,ITM03437,KG,raw,0,0
Oil,ITM03438,KG,raw,5,0
Sugar,ITM03439,KG,raw,5,0
Flour,ITM03440,KG,raw,0,0
Wheat,ITM03441,KG,raw,5,0
Oil,ITM03442,KG,raw,0,0
Salt,ITM03443,KG,raw,0,0
Rice,ITM03444,KG,raw,0,0
Flour,ITM03445,KG,raw,0,0
Rice,ITM03446,KG,raw,5,0
Sugar,ITM03447,KG,raw,5,0
Sugar,ITM03448,KG,raw,5,0
Rice,ITM03449,KG,raw,5,0
Sugar,ITM03450,KG,raw,0,0
Sugar,ITM03451,KG,raw,0,0
Flour,ITM03452,KG,raw,0,0
Salt,ITM03453,KG,raw,5,0
Salt,ITM03454,KG,raw,5,0
Wheat,ITM03455,KG,raw,0,0
Sugar,ITM03456,KG,raw,0,0
Sugar,ITM03457,KG,raw,0,0
Salt,ITM03458,KG,raw,5,0
Rice,ITM03459,KG,raw,0,0
Sugar,ITM03460,KG,raw,5,0
Rice,ITM03461,KG,raw,0,0
Rice,ITM03462,KG,raw,0,0
Oil,ITM03463,KG,raw,0,0
Flour,ITM03464,KG,raw,5,0
Wheat,ITM03465,KG,raw,5,0
Salt,ITM03466,KG,raw,0,0
Salt,ITM03467,KG,raw,0,0
Rice,ITM03468,KG,raw,0,0
Oil,ITM03469,KG,raw,0,0
Wheat,ITM03470,KG,raw,5,0
Sugar,ITM03471,KG,raw,5,0
Flour,ITM03472,KG,raw,5,0
Salt,ITM03473,KG,raw,5,0
Salt,ITM03474,KG,raw,0,0
Flour,ITM03475,KG,raw,5,0
Oil,ITM03476,KG,raw,0,0
Oil,ITM03477,KG,raw,5,0
Flour,ITM03478,KG,raw,0,0
Sugar,ITM03479,KG,raw,5,0
Sugar,ITM03480,KG,raw,5,0
Oil,ITM03481,KG,raw,5,0
Flour,ITM03482,KG,raw,0,0
Salt,ITM03483,KG,raw,0,0
Sugar,ITM03484,KG,raw,5,0
Salt,ITM03485,KG,raw,5,0
Salt,ITM03486,KG,raw,0,0
Rice,ITM03487,KG,raw,0,0
Wheat,ITM03488,KG,raw,0,0
Wheat,ITM03489,KG,raw,5,0
Oil,ITM03490,KG,raw,5,0
Rice,ITM03491,KG,raw,0,0
Sugar,ITM03492,KG,raw,0,0
Wheat,ITM03493,KG,raw,5,0
Salt,ITM03494,KG,raw,5,0
Wheat,ITM03495,KG,raw,0,0
Flour,ITM03496,KG,raw,0,0
Salt,ITM03497,KG,raw,5,0
Rice,ITM03498,KG,raw,0,0
Rice,ITM03499,KG,raw,0,0
Rice,ITM03500,KG,raw,0,0
Flour,ITM03501,KG,raw,5,0
Wheat,ITM03502,KG,raw,5,0
Flour,ITM03503,KG,raw,0,0
Wheat,ITM03504,KG,raw,5,0
Oil,ITM03505,KG,raw,0,0
Rice,ITM03506,KG,raw,0,0
Flour,ITM03507,KG,raw,0,0
Salt,ITM03508,KG,raw,5,0
Wheat,ITM03509,KG,raw,0,0
Rice,ITM03510,KG,raw,0,0
Flour,ITM03511,KG,raw,5,0
Rice,ITM03512,KG,raw,5,0
Flour,ITM03513,KG,raw,5,0
Rice,ITM03514,KG,raw,0,0
Flour,ITM03515,KG,raw,5,0
Sugar,ITM03516,KG,raw,5,0
Rice,ITM03517,KG,raw,0,0
Salt,ITM03518,KG,raw,0,0
Salt,ITM03519,KG,raw,0,0
Oil,ITM03520,KG,raw,0,0
Rice,ITM03521,KG,raw,5,0
Wheat,ITM03522,KG,raw,0,0
Wheat,ITM03523,KG,raw,0,0
Sugar,ITM03524,KG,raw,5,0
Oil,ITM03525,KG,raw,0,0
Oil,ITM03526,KG,raw,0,0
Flour,ITM03527,KG,raw,5,0
Wheat,ITM03528,KG,raw,5,0
Oil,ITM03529,KG,raw,0,0
Salt,ITM03530,KG,raw,5,0
Wheat,ITM03531,KG,raw,0,0
Rice,ITM03532,KG,raw,5,0
Sugar,ITM03533,KG,raw,5,0
Salt,ITM03534,KG,raw,0,0
Rice,ITM03535,KG,raw,5,0
Salt,ITM03536,KG,raw,5,0
Rice,ITM03537,KG,raw,5,0
Oil,ITM03538,KG,raw,0,0
Rice,ITM03539,KG,raw,0,0
Oil,ITM03540,KG,raw,0,0
Rice,ITM03541,KG,raw,0,0
Rice,ITM03542,KG,raw,0,0
Salt,ITM03543,KG,raw,0,0
Salt,ITM03544,KG,raw,5,0
Flour,ITM03545,KG,raw,0,0
Oil,ITM03546,KG,raw,0,0
Sugar,ITM03547,KG,raw,0,0
Rice,ITM03548,KG,raw,5,0
Salt,ITM03549,KG,raw,0,0
Flour,ITM03550,KG,raw,5,0
Rice,ITM03551,KG,raw,5,0
Rice,ITM03552,KG,raw,5,0
Salt,ITM03553,KG,raw,5,0
Flour,ITM03554,KG,raw,5,0
Rice,ITM03555,KG,raw,0,0
Flour,ITM03556,KG,raw,5,0
Flour,ITM03557,KG,raw,0,0
Salt,ITM03558,KG,raw,0,0
Rice,ITM03559,KG,raw,0,0
Rice,ITM03560,KG,raw,5,0
Sugar,ITM03561,KG,raw,5,0
Flour,ITM03562,KG,raw,0,0
Salt,ITM03563,KG,raw,0,0
Rice,ITM03564,KG,raw,5,0
Rice,ITM03565,KG,raw,0,0
Rice,ITM03566,KG,raw,0,0
Wheat,ITM03567,KG,raw,5,0
Salt,ITM03568,KG,raw,5,0
Sugar,ITM03569,KG,raw,0,0
Flour,ITM03570,KG,raw,0,0
Wheat,ITM03571,KG,raw,5,0
Wheat,ITM03572,KG,raw,0,0
Oil,ITM03573,KG,raw,0,0
Salt,ITM03574,KG,raw,0,0
Flour,ITM03575,KG,raw,5,0
Salt,ITM03576,KG,raw,0,0
Oil,ITM03577,KG,raw,5,0
Salt,ITM03578,KG,raw,5,0
Salt,ITM03579,KG,raw,0,0
Oil,ITM03580,KG,raw,0,0
Flour,ITM03581,KG,raw,0,0
Sugar,ITM03582,KG,raw,0,0
Wheat,ITM03583,KG,raw,5,0
Oil,ITM03584,KG,raw,0,0
Oil,ITM03585,KG,raw,0,0
Salt,ITM03586,KG,raw,0,0
Salt,ITM03587,KG,raw,5,0
Salt,ITM03588,KG,raw,0,0
Rice,ITM03589,KG,raw,0,0
Wheat,ITM03590,KG,raw,0,0
Wheat,ITM03591,KG,raw,5,0
Salt,ITM03592,KG,raw,0,0
Flour,ITM03593,KG,raw,0,0
Salt,ITM03594,KG,raw,0,0
Salt,ITM03595,KG,raw,0,0
Oil,ITM03596,KG,raw,0,0
Flour,ITM03597,KG,raw,5,0
Wheat,ITM03598,KG,raw,0,0
Rice,ITM03599,KG,raw,5,0
Oil,ITM03600,KG,raw,5,0
Sugar,ITM03601,KG,raw,5,0
Oil,ITM03602,KG,raw,0,0
Flour,ITM03603,KG,raw,0,0
Sugar,ITM03604,KG,raw,0,0
Wheat,ITM03605,KG,raw,5,0
Rice,ITM03606,KG,raw,0,0
Salt,ITM03607,KG,raw,5,0
Salt,ITM03608,KG,raw,0,0
Flour,ITM03609,KG,raw,0,0
Salt,ITM03610,KG,raw,5,0
Flour,ITM03611,KG,raw,0,0
Rice,ITM03612,KG,raw,5,0
Oil,ITM03613,KG,raw,5,0
Salt,ITM03614,KG,raw,5,0
Rice,ITM03615,KG,raw,0,0
Wheat,ITM03616,KG,raw,5,0
Flour,ITM03617,KG,raw,0,0
Rice,ITM03618,KG,raw,0,0
Salt,ITM03619,KG,raw,5,0
Wheat,ITM03620,KG,raw,5,0
Sugar,ITM03621,KG,raw,0,0
Rice,ITM03622,KG,raw,0,0
Salt,ITM03623,KG,raw,0,0
Flour,ITM03624,KG,raw,0,0
Salt,ITM03625,KG,raw,5,0
Rice,ITM03626,KG,raw,5,0
Wheat,ITM03627,KG,raw,0,0
Salt,ITM03628,KG,raw,0,0
Oil,ITM03629,KG,raw,5,0
Oil,ITM03630,KG,raw,5,0
Flour,ITM03631,KG,raw,0,0
Rice,ITM03632,KG,raw,0,0
Sugar,ITM03633,KG,raw,5,0
Sugar,ITM03634,KG,raw,0,0
Sugar,ITM03635,KG,raw,0,0
Salt,ITM03636,KG,raw,5,0
Wheat,ITM03637,KG,raw,5,0
Wheat,ITM03638,KG,raw,0,0
Rice,ITM03639,KG,raw,5,0
Sugar,ITM03640,KG,raw,5,0
Oil,ITM03641,KG,raw,0,0
Flour,ITM03642,KG,raw,0,0
Salt,ITM03643,KG,raw,5,0
Rice,ITM03644,KG,raw,0,0
Sugar,ITM03645,KG,raw,0,0
Sugar,ITM03646,KG,raw,0,0
Oil,ITM03647,KG,raw,5,0
Oil,ITM03648,KG,raw,0,0
Oil,ITM03649,KG,raw,5,0
Oil,ITM03650,KG,raw,5,0
Flour,ITM03651,KG,raw,5,0
Sugar,ITM03652,KG,raw,5,0
Rice,ITM03653,KG,raw,0,0
Rice,ITM03654,KG,raw,0,0
Rice,ITM03655,KG,raw,5,0
Sugar,ITM03656,KG,raw,5,0
Salt,ITM03657,KG,raw,5,0
Salt,ITM03658,KG,raw,0,0
Flour,ITM03659,KG,raw,5,0
Flour,ITM03660,KG,raw,0,0
Flour,ITM03661,KG,raw,5,0
Salt,ITM03662,KG,raw,5,0
Wheat,ITM03663,KG,raw,5,0
Sugar,ITM03664,KG,raw,5,0
Salt,ITM03665,KG,raw,5,0
Sugar,ITM03666,KG,raw,5,0
Rice,ITM03667,KG,raw,0,0
Wheat,ITM03668,KG,raw,0,0
Rice,ITM03669,KG,raw,0,0
Salt,ITM03670,KG,raw,5,0
Flour,ITM03671,KG,raw,0,0
Flour,ITM03672,KG,raw,0,0
Salt,ITM03673,KG,raw,0,0
Flour,ITM03674,KG,raw,0,0
Wheat,ITM03675,KG,raw,5,0
Flour,ITM03676,KG,raw,0,0
Rice,ITM03677,KG,raw,5,0
Salt,ITM03678,KG,raw,0,0
Wheat,ITM03679,KG,raw,5,0
Oil,ITM03680,KG,raw,5,0
Rice,ITM03681,KG,raw,5,0
Flour,ITM03682,KG,raw,0,0
Salt,ITM03683,KG,raw,5,0
Sugar,ITM03684,KG,raw,5,0
Sugar,ITM03685,KG,raw,0,0
Oil,ITM03686,KG,raw,0,0
Sugar,ITM03687,KG,raw,0,0
Flour,ITM03688,KG,raw,0,0
Oil,ITM03689,KG,raw,5,0
Oil,ITM03690,KG,raw,5,0
Oil,ITM03691,KG,raw,0,0
Flour,ITM03692,KG,raw,5,0
Salt,ITM03693,KG,raw,5,0
Sugar,ITM03694,KG,raw,0,0
Rice,ITM03695,KG,raw,5,0
Flour,ITM03696,KG,raw,5,0
Wheat,ITM03697,KG,raw,0,0
Flour,ITM03698,KG,raw,5,0
Oil,ITM03699,KG,raw,0,0
Oil,ITM03700,KG,raw,0,0
Wheat,ITM03701,KG,raw,0,0
Sugar,ITM03702,KG,raw,0,0
Oil,ITM03703,KG,raw,5,0
Salt,ITM03704,KG,raw,5,0
Wheat,ITM03705,KG,raw,5,0
Sugar,ITM03706,KG,raw,0,0
Wheat,ITM03707,KG,raw,0,0
Sugar,ITM03708,KG,raw,0,0
Salt,ITM03709,KG,raw,5,0
Salt,ITM03710,KG,raw,0,0
Oil,ITM03711,KG,raw,0,0
Salt,ITM03712,KG,raw,5,0
Oil,ITM03713,KG,raw,0,0
Sugar,ITM03714,KG,raw,0,0
Salt,ITM03715,KG,raw,5,0
Rice,ITM03716,KG,raw,0,0
Salt,ITM03717,KG,raw,5,0
Wheat,ITM03718,KG,raw,5,0
Flour,ITM03719,KG,raw,5,0
Oil,ITM03720,KG,raw,0,0
Flour,ITM03721,KG,raw,0,0
Rice,ITM03722,KG,raw,0,0
Sugar,ITM03723,KG,raw,5,0
Oil,ITM03724,KG,raw,5,0
Sugar,ITM03725,KG,raw,5,0
Oil,ITM03726,KG,raw,5,0
Salt,ITM03727,KG,raw,0,0
Sugar,ITM03728,KG,raw,5,0
Wheat,ITM03729,KG,raw,5,0
Salt,ITM03730,KG,raw,0,0
Wheat,ITM03731,KG,raw,5,0
Salt,ITM03732,KG,raw,5,0
Salt,ITM03733,KG,raw,5,0
Wheat,ITM03734,KG,raw,5,0
Sugar,ITM03735,KG,raw,5,0
Salt,ITM03736,KG,raw,0,0
Flour,ITM03737,KG,raw,5,0
Oil,ITM03738,KG,raw,0,0
Flour,ITM03739,KG,raw,5,0
Wheat,ITM03740,KG,raw,5,0
Wheat,ITM03741,KG,raw,0,0
Oil,ITM03742,KG,raw,0,0
Sugar,ITM03743,KG,raw,0,0
Flour,ITM03744,KG,raw,0,0
Oil,ITM03745,KG,raw,0,0
Salt,ITM03746,KG,raw,0,0
Oil,ITM03747,KG,raw,5,0
Oil,ITM03748,KG,raw,0,0
Flour,ITM03749,KG,raw,5,0
Wheat,ITM03750,KG,raw,0,0
Sugar,ITM03751,KG,raw,0,0
Sugar,ITM03752,KG,raw,5,0
Oil,ITM03753,KG,raw,5,0
Rice,ITM03754,KG,raw,5,0
Rice,ITM03755,KG,raw,5,0
Sugar,ITM03756,KG,raw,0,0
Sugar,ITM03757,KG,raw,0,0
Flour,ITM03758,KG,raw,0,0
Wheat,ITM03759,KG,raw,5,0
Wheat,ITM03760,KG,raw,5,0
Rice,ITM03761,KG,raw,0,0
Oil,ITM03762,KG,raw,5,0
Flour,ITM03763,KG,raw,0,0
Flour,ITM03764,KG,raw,0,0
Rice,ITM03765,KG,raw,0,0
Oil,ITM03766,KG,raw,0,0
Oil,ITM03767,KG,raw,5,0
Wheat,ITM03768,KG,raw,5,0
Oil,ITM03769,KG,raw,0,0
Rice,ITM03770,KG,raw,5,0
Salt,ITM03771,KG,raw,0,0
Sugar,ITM03772,KG,raw,0,0
Flour,ITM03773,KG,raw,0,0
Oil,ITM03774,KG,raw,5,0
Flour,ITM03775,KG,raw,5,0
Sugar,ITM03776,KG,raw,5,0
Wheat,ITM03777,KG,raw,5,0
Salt,ITM03778,KG,raw,0,0
Wheat,ITM03779,KG,raw,0,0
Oil,ITM03780,KG,raw,5,0
Flour,ITM03781,KG,raw,0,0
Salt,ITM03782,KG,raw,0,0
Flour,ITM03783,KG,raw,0,0
Salt,ITM03784,KG,raw,5,0
Sugar,ITM03785,KG,raw,5,0
Sugar,ITM03786,KG,raw,0,0
Wheat,ITM03787,KG,raw,0,0
Oil,ITM03788,KG,raw,0,0
Oil,ITM03789,KG,raw,0,0
Sugar,ITM03790,KG,raw,5,0
Salt,ITM03791,KG,raw,5,0
Wheat,ITM03792,KG,raw,0,0
Salt,ITM03793,KG,raw,0,0
Flour,ITM03794,KG,raw,5,0
Wheat,ITM03795,KG,raw,0,0
Wheat,ITM03796,KG,raw,5,0
Oil,ITM03797,KG,raw,5,0
Flour,ITM03798,KG,raw,0,0
Rice,ITM03799,KG,raw,5,0
Sugar,ITM03800,KG,raw,0,0
Flour,ITM03801,KG,raw,0,0
Flour,ITM03802,KG,raw,5,0
Rice,ITM03803,KG,raw,5,0
Oil,ITM03804,KG,raw,5,0
Flour,ITM03805,KG,raw,0,0
Rice,ITM03806,KG,raw,0,0
Sugar,ITM03807,KG,raw,5,0
Flour,ITM03808,KG,raw,5,0
Oil,ITM03809,KG,raw,5,0
Flour,ITM03810,KG,raw,0,0
Wheat,ITM03811,KG,raw,0,0
Wheat,ITM03812,KG,raw,0,0
Sugar,ITM03813,KG,raw,0,0
Oil,ITM03814,KG,raw,0,0
Oil,ITM03815,KG,raw,0,0
Flour,ITM03816,KG,raw,5,0
Oil,ITM03817,KG,raw,5,0
Rice,ITM03818,KG,raw,0,0
Flour,ITM03819,KG,raw,0,0
Flour,ITM03820,KG,raw,0,0
Salt,ITM03821,KG,raw,0,0
Sugar,ITM03822,KG,raw,5,0
Oil,ITM03823,KG,raw,0,0
Rice,ITM03824,KG,raw,5,0
Flour,ITM03825,KG,raw,0,0
Oil,ITM03826,KG,raw,5,0
Sugar,ITM03827,KG,raw,0,0
Oil,ITM03828,KG,raw,5,0
Salt,ITM03829,KG,raw,5,0
Salt,ITM03830,KG,raw,5,0
Salt,ITM03831,KG,raw,0,0
Oil,ITM03832,KG,raw,0,0
Flour,ITM03833,KG,raw,5,0
Oil,ITM03834,KG,raw,0,0
Salt,ITM03835,KG,raw,0,0
Wheat,ITM03836,KG,raw,5,0
Sugar,ITM03837,KG,raw,5,0
Wheat,ITM03838,KG,raw,0,0
Rice,ITM03839,KG,raw,5,0
Flour,ITM03840,KG,raw,5,0
Flour,ITM03841,KG,raw,0,0
Sugar,ITM03842,KG,raw,0,0
Flour,ITM03843,KG,raw,5,0
Salt,ITM03844,KG,raw,0,0
Flour,ITM03845,KG,raw,5,0
Salt,ITM03846,KG,raw,0,0
Salt,ITM03847,KG,raw,5,0
Rice,ITM03848,KG,raw,0,0
Salt,ITM03849,KG,raw,0,0
Rice,ITM03850,KG,raw,0,0
Rice,ITM03851,KG,raw,5,0
Sugar,ITM03852,KG,raw,5,0
Salt,ITM03853,KG,raw,5,0
Rice,ITM03854,KG,raw,0,0
Flour,ITM03855,KG,raw,5,0
Rice,ITM03856,KG,raw,5,0
Salt,ITM03857,KG,raw,5,0
Oil,ITM03858,KG,raw,5,0
Oil,ITM03859,KG,raw,0,0
Rice,ITM03860,KG,raw,5,0
Flour,ITM03861,KG,raw,5,0
Rice,ITM03862,KG,raw,5,0
Flour,ITM03863,KG,raw,0,0
Oil,ITM03864,KG,raw,5,0
Oil,ITM03865,KG,raw,5,0
Salt,ITM03866,KG,raw,5,0
Oil,ITM03867,KG,raw,0,0
Oil,ITM03868,KG,raw,0,0
Oil,ITM03869,KG,raw,5,0
Rice,ITM03870,KG,raw,0,0
Flour,ITM03871,KG,raw,0,0
Flour,ITM03872,KG,raw,5,0
Flour,ITM03873,KG,raw,0,0
Sugar,ITM03874,KG,raw,5,0
Flour,ITM03875,KG,raw,5,0
Sugar,ITM03876,KG,raw,5,0
Sugar,ITM03877,KG,raw,5,0
Flour,ITM03878,KG,raw,5,0
Flour,ITM03879,KG,raw,0,0
Oil,ITM03880,KG,raw,0,0
Oil,ITM03881,KG,raw,0,0
Wheat,ITM03882,KG,raw,0,0
Flour,ITM03883,KG,raw,5,0
Wheat,ITM03884,KG,raw,0,0
Salt,ITM03885,KG,raw,0,0
Rice,ITM03886,KG,raw,0,0
Rice,ITM03887,KG,raw,5,0
Rice,ITM03888,KG,raw,5,0
Rice,ITM03889,KG,raw,5,0
Sugar,ITM03890,KG,raw,0,0
Flour,ITM03891,KG,raw,5,0
Oil,ITM03892,KG,raw,5,0
Sugar,ITM03893,KG,raw,5,0
Rice,ITM03894,KG,raw,5,0
Oil,ITM03895,KG,raw,5,0
Sugar,ITM03896,KG,raw,0,0
Flour,ITM03897,KG,raw,5,0
Flour,ITM03898,KG,raw,0,0
Rice,ITM03899,KG,raw,0,0
Wheat,ITM03900,KG,raw,0,0
Oil,ITM03901,KG,raw,5,0
Oil,ITM03902,KG,raw,5,0
Flour,ITM03903,KG,raw,0,0
Rice,ITM03904,KG,raw,0,0
Flour,ITM03905,KG,raw,5,0
Wheat,ITM03906,KG,raw,0,0
Flour,ITM03907,KG,raw,5,0
Oil,ITM03908,KG,raw,0,0
Oil,ITM03909,KG,raw,5,0
Flour,ITM03910,KG,raw,0,0
Salt,ITM03911,KG,raw,5,0
Rice,ITM03912,KG,raw,5,0
Wheat,ITM03913,KG,raw,0,0
Sugar,ITM03914,KG,raw,5,0
Wheat,ITM03915,KG,raw,5,0
Sugar,ITM03916,KG,raw,5,0
Flour,ITM03917,KG,raw,5,0
Oil,ITM03918,KG,raw,5,0
Rice,ITM03919,KG,raw,0,0
Sugar,ITM03920,KG,raw,0,0
Rice,ITM03921,KG,raw,5,0
Rice,ITM03922,KG,raw,0,0
Salt,ITM03923,KG,raw,0,0
Flour,ITM03924,KG,raw,5,0
Rice,ITM03925,KG,raw,5,0
Wheat,ITM03926,KG,raw,0,0
Sugar,ITM03927,KG,raw,0,0
Wheat,ITM03928,KG,raw,5,0
Flour,ITM03929,KG,raw,5,0
Rice,ITM03930,KG,raw,5,0
Sugar,ITM03931,KG,raw,0,0
Flour,ITM03932,KG,raw,0,0
Sugar,ITM03933,KG,raw,5,0
Rice,ITM03934,KG,raw,5,0
Oil,ITM03935,KG,raw,0,0
Wheat,ITM03936,KG,raw,5,0
Sugar,ITM03937,KG,raw,5,0
Salt,ITM03938,KG,raw,0,0
Oil,ITM03939,KG,raw,5,0
Oil,ITM03940,KG,raw,0,0
Oil,ITM03941,KG,raw,0,0
Sugar,ITM03942,KG,raw,0,0
Flour,ITM03943,KG,raw,0,0
Flour,ITM03944,KG,raw,0,0
Salt,ITM03945,KG,raw,5,0
Wheat,ITM03946,KG,raw,5,0
Salt,ITM03947,KG,raw,5,0
Rice,ITM03948,KG,raw,5,0
Sugar,ITM03949,KG,raw,5,0
Flour,ITM03950,KG,raw,5,0
Flour,ITM03951,KG,raw,0,0
Rice,ITM03952,KG,raw,5,0
Rice,ITM03953,KG,raw,0,0
Sugar,ITM03954,KG,raw,0,0
Flour,ITM03955,KG,raw,0,0
Sugar,ITM03956,KG,raw,5,0
Salt,ITM03957,KG,raw,5,0
Rice,ITM03958,KG,raw,0,0
Sugar,ITM03959,KG,raw,5,0
Salt,ITM03960,KG,raw,0,0
Oil,ITM03961,KG,raw,0,0
Flour,ITM03962,KG,raw,0,0
Salt,ITM03963,KG,raw,5,0
Salt,ITM03964,KG,raw,5,0
Wheat,ITM03965,KG,raw,5,0
Sugar,ITM03966,KG,raw,0,0
Sugar,ITM03967,KG,raw,0,0
Wheat,ITM03968,KG,raw,5,0
Salt,ITM03969,KG,raw,0,0
Sugar,ITM03970,KG,raw,5,0
Oil,ITM03971,KG,raw,5,0
Wheat,ITM03972,KG,raw,5,0
Flour,ITM03973,KG,raw,0,0
Wheat,ITM03974,KG,raw,0,0
Sugar,ITM03975,KG,raw,0,0
Salt,ITM03976,KG,raw,5,0
Flour,ITM03977,KG,raw,0,0
Sugar,ITM03978,KG,raw,0,0
Oil,ITM03979,KG,raw,5,0
Salt,ITM03980,KG,raw,5,0
Flour,ITM03981,KG,raw,0,0
Sugar,ITM03982,KG,raw,0,0
Sugar,ITM03983,KG,raw,0,0
Sugar,ITM03984,KG,raw,5,0
Sugar,ITM03985,KG,raw,0,0
Rice,ITM03986,KG,raw,5,0
Oil,ITM03987,KG,raw,5,0
Oil,ITM03988,KG,raw,5,0
Oil,ITM03989,KG,raw,5,0
Oil,ITM03990,KG,raw,0,0
Sugar,ITM03991,KG,raw,5,0
Sugar,ITM03992,KG,raw,5,0
Rice,ITM03993,KG,raw,5,0
Flour,ITM03994,KG,raw,5,0
Flour,ITM03995,KG,raw,0,0
Rice,ITM03996,KG,raw,0,0
Salt,ITM03997,KG,raw,5,0
Wheat,ITM03998,KG,raw,0,0
Oil,ITM03999,KG,raw,5,0
Rice,ITM04000,KG,raw,0,0
Wheat,ITM04001,KG,raw,5,0
Rice,ITM04002,KG,raw,0,0
Rice,ITM04003,KG,raw,5,0
Sugar,ITM04004,KG,raw,5,0
Oil,ITM04005,KG,raw,5,0
Flour,ITM04006,KG,raw,5,0
Sugar,ITM04007,KG,raw,5,0
Rice,ITM04008,KG,raw,0,0
Rice,ITM04009,KG,raw,0,0
Wheat,ITM04010,KG,raw,5,0
Oil,ITM04011,KG,raw,0,0
Wheat,ITM04012,KG,raw,0,0
Wheat,ITM04013,KG,raw,0,0
Flour,ITM04014,KG,raw,5,0
Wheat,ITM04015,KG,raw,5,0
Rice,ITM04016,KG,raw,0,0
Wheat,ITM04017,KG,raw,5,0
Oil,ITM04018,KG,raw,0,0
Flour,ITM04019,KG,raw,5,0
Sugar,ITM04020,KG,raw,0,0
Wheat,ITM04021,KG,raw,0,0
Flour,ITM04022,KG,raw,0,0
Oil,ITM04023,KG,raw,0,0
Rice,ITM04024,KG,raw,0,0
Oil,ITM04025,KG,raw,5,0
Rice,ITM04026,KG,raw,5,0
Sugar,ITM04027,KG,raw,5,0
Oil,ITM04028,KG,raw,5,0
Oil,ITM04029,KG,raw,0,0
Sugar,ITM04030,KG,raw,0,0
Wheat,ITM04031,KG,raw,5,0
Wheat,ITM04032,KG,raw,0,0
Sugar,ITM04033,KG,raw,5,0
Rice,ITM04034,KG,raw,0,0
Flour,ITM04035,KG,raw,5,0
Salt,ITM04036,KG,raw,0,0
Salt,ITM04037,KG,raw,5,0
Wheat,ITM04038,KG,raw,5,0
Oil,ITM04039,KG,raw,0,0
Oil,ITM04040,KG,raw,5,0
Oil,ITM04041,KG,raw,5,0
Flour,ITM04042,KG,raw,5,0
Wheat,ITM04043,KG,raw,5,0
Sugar,ITM04044,KG,raw,5,0
Sugar,ITM04045,KG,raw,0,0
Sugar,ITM04046,KG,raw,5,0
Rice,ITM04047,KG,raw,5,0
Rice,ITM04048,KG,raw,5,0
Sugar,ITM04049,KG,raw,0,0
Salt,ITM04050,KG,raw,5,0
Wheat,ITM04051,KG,raw,0,0
Oil,ITM04052,KG,raw,5,0
Wheat,ITM04053,KG,raw,5,0
Sugar,ITM04054,KG,raw,5,0
Sugar,ITM04055,KG,raw,5,0
Salt,ITM04056,KG,raw,0,0
Oil,ITM04057,KG,raw,0,0
Flour,ITM04058,KG,raw,0,0
Rice,ITM04059,KG,raw,5,0
Flour,ITM04060,KG,raw,0,0
Rice,ITM04061,KG,raw,0,0
Sugar,ITM04062,KG,raw,0,0
Wheat,ITM04063,KG,raw,0,0
Salt,ITM04064,KG,raw,5,0
Flour,ITM04065,KG,raw,0,0
Wheat,ITM04066,KG,raw,0,0
Rice,ITM04067,KG,raw,0,0
Rice,ITM04068,KG,raw,5,0
Wheat,ITM04069,KG,raw,5,0
Oil,ITM04070,KG,raw,0,0
Flour,ITM04071,KG,raw,0,0
Oil,ITM04072,KG,raw,0,0
Flour,ITM04073,KG,raw,0,0
Wheat,ITM04074,KG,raw,0,0
Salt,ITM04075,KG,raw,0,0
Salt,ITM04076,KG,raw,0,0
Salt,ITM04077,KG,raw,5,0
Rice,ITM04078,KG,raw,5,0
Oil,ITM04079,KG,raw,5,0
Rice,ITM04080,KG,raw,0,0
Flour,ITM04081,KG,raw,0,0
Oil,ITM04082,KG,raw,0,0
Flour,ITM04083,KG,raw,5,0
Oil,ITM04084,KG,raw,0,0
Wheat,ITM04085,KG,raw,0,0
Sugar,ITM04086,KG,raw,5,0
Sugar,ITM04087,KG,raw,5,0
Wheat,ITM04088,KG,raw,0,0
Salt,ITM04089,KG,raw,0,0
Wheat,ITM04090,KG,raw,5,0
Sugar,ITM04091,KG,raw,0,0
Sugar,ITM04092,KG,raw,5,0
Wheat,ITM04093,KG,raw,0,0
Flour,ITM04094,KG,raw,5,0
Rice,ITM04095,KG,raw,5,0
Rice,ITM04096,KG,raw,0,0
Salt,ITM04097,KG,raw,0,0
Oil,ITM04098,KG,raw,5,0
Wheat,ITM04099,KG,raw,5,0
Rice,ITM04100,KG,raw,0,0
Sugar,ITM04101,KG,raw,5,0
Salt,ITM04102,KG,raw,0,0
Sugar,ITM04103,KG,raw,0,0
Flour,ITM04104,KG,raw,0,0
Salt,ITM04105,KG,raw,5,0
Salt,ITM04106,KG,raw,0,0
Salt,ITM04107,KG,raw,5,0
Wheat,ITM04108,KG,raw,5,0
Flour,ITM04109,KG,raw,0,0
Sugar,ITM04110,KG,raw,0,0
Flour,ITM04111,KG,raw,0,0
Salt,ITM04112,KG,raw,0,0
Oil,ITM04113,KG,raw,5,0
Salt,ITM04114,KG,raw,5,0
Flour,ITM04115,KG,raw,5,0
Wheat,ITM04116,KG,raw,5,0
Flour,ITM04117,KG,raw,0,0
Salt,ITM04118,KG,raw,0,0
Flour,ITM04119,KG,raw,0,0
Wheat,ITM04120,KG,raw,5,0
Flour,ITM04121,KG,raw,0,0
Oil,ITM04122,KG,raw,5,0
Flour,ITM04123,KG,raw,5,0
Salt,ITM04124,KG,raw,0,0
Rice,ITM04125,KG,raw,0,0
Salt,ITM04126,KG,raw,0,0
Salt,ITM04127,KG,raw,5,0
Rice,ITM04128,KG,raw,5,0
Wheat,ITM04129,KG,raw,5,0
Flour,ITM04130,KG,raw,0,0
Rice,ITM04131,KG,raw,0,0
Wheat,ITM04132,KG,raw,5,0
Sugar,ITM04133,KG,raw,0,0
Oil,ITM04134,KG,raw,0,0
Sugar,ITM04135,KG,raw,5,0
Oil,ITM04136,KG,raw,0,0
Rice,ITM04137,KG,raw,0,0
Oil,ITM04138,KG,raw,0,0
Oil,ITM04139,KG,raw,5,0
Flour,ITM04140,KG,raw,5,0
Flour,ITM04141,KG,raw,5,0
Sugar,ITM04142,KG,raw,0,0
Oil,ITM04143,KG,raw,0,0
Flour,ITM04144,KG,raw,0,0
Salt,ITM04145,KG,raw,0,0
Flour,ITM04146,KG,raw,0,0
Sugar,ITM04147,KG,raw,5,0
Rice,ITM04148,KG,raw,5,0
Rice,ITM04149,KG,raw,0,0
Wheat,ITM04150,KG,raw,5,0
Sugar,ITM04151,KG,raw,5,0
Salt,ITM04152,KG,raw,0,0
Oil,ITM04153,KG,raw,5,0
Sugar,ITM04154,KG,raw,0,0
Oil,ITM04155,KG,raw,5,0
Rice,ITM04156,KG,raw,5,0
Wheat,ITM04157,KG,raw,0,0
Salt,ITM04158,KG,raw,5,0
Salt,ITM04159,KG,raw,0,0
Oil,ITM04160,KG,raw,0,0
Oil,ITM04161,KG,raw,0,0
Rice,ITM04162,KG,raw,0,0
Wheat,ITM04163,KG,raw,5,0
Rice,ITM04164,KG,raw,0,0
Oil,ITM04165,KG,raw,0,0
Salt,ITM04166,KG,raw,5,0
Oil,ITM04167,KG,raw,0,0
Salt,ITM04168,KG,raw,5,0
Wheat,ITM04169,KG,raw,0,0
Flour,ITM04170,KG,raw,5,0
Oil,ITM04171,KG,raw,0,0
Salt,ITM04172,KG,raw,0,0
Oil,ITM04173,KG,raw,0,0
Oil,ITM04174,KG,raw,5,0
Flour,ITM04175,KG,raw,5,0
Wheat,ITM04176,KG,raw,0,0
Salt,ITM04177,KG,raw,0,0
Wheat,ITM04178,KG,raw,5,0
Wheat,ITM04179,KG,raw,0,0
Sugar,ITM04180,KG,raw,5,0
Oil,ITM04181,KG,raw,5,0
Sugar,ITM04182,KG,raw,0,0
Salt,ITM04183,KG,raw,5,0
Salt,ITM04184,KG,raw,5,0
Salt,ITM04185,KG,raw,5,0
Sugar,ITM04186,KG,raw,5,0
Wheat,ITM04187,KG,raw,5,0
Rice,ITM04188,KG,raw,5,0
Oil,ITM04189,KG,raw,5,0
Oil,ITM04190,KG,raw,5,0
Sugar,ITM04191,KG,raw,5,0
Rice,ITM04192,KG,raw,5,0
Rice,ITM04193,KG,raw,5,0
Flour,ITM04194,KG,raw,5,0
Wheat,ITM04195,KG,raw,0,0
Sugar,ITM04196,KG,raw,0,0
Salt,ITM04197,KG,raw,5,0
Oil,ITM04198,KG,raw,5,0
Oil,ITM04199,KG,raw,0,0
Rice,ITM04200,KG,raw,0,0
Flour,ITM04201,KG,raw,5,0
Rice,ITM04202,KG,raw,0,0
Salt,ITM04203,KG,raw,5,0
Rice,ITM04204,KG,raw,5,0
Oil,ITM04205,KG,raw,5,0
Sugar,ITM04206,KG,raw,0,0
Wheat,ITM04207,KG,raw,5,0
Sugar,ITM04208,KG,raw,0,0
Flour,ITM04209,KG,raw,5,0
Salt,ITM04210,KG,raw,5,0
Flour,ITM04211,KG,raw,5,0
Sugar,ITM04212,KG,raw,5,0
Sugar,ITM04213,KG,raw,5,0
Wheat,ITM04214,KG,raw,0,0
Sugar,ITM04215,KG,raw,5,0
Sugar,ITM04216,KG,raw,5,0
Sugar,ITM04217,KG,raw,5,0
Sugar,ITM04218,KG,raw,5,0
Rice,ITM04219,KG,raw,0,0
Rice,ITM04220,KG,raw,5,0
Wheat,ITM04221,KG,raw,5,0
Rice,ITM04222,KG,raw,0,0
Sugar,ITM04223,KG,raw,0,0
Rice,ITM04224,KG,raw,0,0
Wheat,ITM04225,KG,raw,5,0
Salt,ITM04226,KG,raw,5,0
Sugar,ITM04227,KG,raw,0,0
Sugar,ITM04228,KG,raw,0,0
Salt,ITM04229,KG,raw,5,0
Salt,ITM04230,KG,raw,5,0
Salt,ITM04231,KG,raw,5,0
Salt,ITM04232,KG,raw,0,0
Wheat,ITM04233,KG,raw,0,0
Salt,ITM04234,KG,raw,5,0
Flour,ITM04235,KG,raw,5,0
Rice,ITM04236,KG,raw,0,0
Oil,ITM04237,KG,raw,0,0
Flour,ITM04238,KG,raw,0,0
Oil,ITM04239,KG,raw,5,0
Wheat,ITM04240,KG,raw,5,0
Oil,ITM04241,KG,raw,0,0
Rice,ITM04242,KG,raw,5,0
Oil,ITM04243,KG,raw,0,0
Rice,ITM04244,KG,raw,0,0
Sugar,ITM04245,KG,raw,0,0
Oil,ITM04246,KG,raw,0,0
Rice,ITM04247,KG,raw,0,0
Sugar,ITM04248,KG,raw,5,0
Salt,ITM04249,KG,raw,0,0
Wheat,ITM04250,KG,raw,0,0
Oil,ITM04251,KG,raw,5,0
Salt,ITM04252,KG,raw,5,0
Flour,ITM04253,KG,raw,5,0
Flour,ITM04254,KG,raw,5,0
Flour,ITM04255,KG,raw,5,0
Oil,ITM04256,KG,raw,5,0
Rice,ITM04257,KG,raw,5,0
Salt,ITM04258,KG,raw,5,0
Salt,ITM04259,KG,raw,5,0
Salt,ITM04260,KG,raw,0,0
Wheat,ITM04261,KG,raw,0,0
Oil,ITM04262,KG,raw,0,0
Flour,ITM04263,KG,raw,5,0
Sugar,ITM04264,KG,raw,0,0
Rice,ITM04265,KG,raw,0,0
Flour,ITM04266,KG,raw,0,0
Rice,ITM04267,KG,raw,5,0
Flour,ITM04268,KG,raw,0,0
Wheat,ITM04269,KG,raw,0,0
Salt,ITM04270,KG,raw,0,0
Salt,ITM04271,KG,raw,0,0
Salt,ITM04272,KG,raw,0,0
Oil,ITM04273,KG,raw,0,0
Oil,ITM04274,KG,raw,0,0
Sugar,ITM04275,KG,raw,0,0
Sugar,ITM04276,KG,raw,0,0
Sugar,ITM04277,KG,raw,0,0
Flour,ITM04278,KG,raw,5,0
Rice,ITM04279,KG,raw,5,0
Wheat,ITM04280,KG,raw,5,0
Wheat,ITM04281,KG,raw,0,0
Oil,ITM04282,KG,raw,5,0
Flour,ITM04283,KG,raw,5,0
Salt,ITM04284,KG,raw,0,0
Rice,ITM04285,KG,raw,0,0
Flour,ITM04286,KG,raw,5,0
Rice,ITM04287,KG,raw,5,0
Oil,ITM04288,KG,raw,5,0
Wheat,ITM04289,KG,raw,0,0
Wheat,ITM04290,KG,raw,0,0
Rice,ITM04291,KG,raw,5,0
Wheat,ITM04292,KG,raw,5,0
Wheat,ITM04293,KG,raw,0,0
Flour,ITM04294,KG,raw,0,0
Sugar,ITM04295,KG,raw,5,0
Rice,ITM04296,KG,raw,0,0
Flour,ITM04297,KG,raw,0,0
Flour,ITM04298,KG,raw,5,0
Rice,ITM04299,KG,raw,5,0
Rice,ITM04300,KG,raw,5,0
Rice,ITM04301,KG,raw,0,0
Flour,ITM04302,KG,raw,5,0
Sugar,ITM04303,KG,raw,5,0
Flour,ITM04304,KG,raw,5,0
Wheat,ITM04305,KG,raw,0,0
Sugar,ITM04306,KG,raw,0,0
Oil,ITM04307,KG,raw,0,0
Salt,ITM04308,KG,raw,5,0
Rice,ITM04309,KG,raw,0,0
Oil,ITM04310,KG,raw,5,0
Wheat,ITM04311,KG,raw,0,0
Wheat,ITM04312,KG,raw,5,0
Sugar,ITM04313,KG,raw,0,0
Salt,ITM04314,KG,raw,0,0
Sugar,ITM04315,KG,raw,0,0
Rice,ITM04316,KG,raw,5,0
Wheat,ITM04317,KG,raw,5,0
Sugar,ITM04318,KG,raw,0,0
Rice,ITM04319,KG,raw,5,0
Rice,ITM04320,KG,raw,5,0
Oil,ITM04321,KG,raw,5,0
Oil,ITM04322,KG,raw,5,0
Wheat,ITM04323,KG,raw,0,0
Oil,ITM04324,KG,raw,5,0
Salt,ITM04325,KG,raw,0,0
Sugar,ITM04326,KG,raw,0,0
Salt,ITM04327,KG,raw,0,0
Sugar,ITM04328,KG,raw,0,0
Wheat,ITM04329,KG,raw,0,0
Oil,ITM04330,KG,raw,5,0
Wheat,ITM04331,KG,raw,0,0
Oil,ITM04332,KG,raw,0,0
Wheat,ITM04333,KG,raw,5,0
Rice,ITM04334,KG,raw,0,0
Flour,ITM04335,KG,raw,0,0
Salt,ITM04336,KG,raw,0,0
Flour,ITM04337,KG,raw,5,0
Salt,ITM04338,KG,raw,5,0
Flour,ITM04339,KG,raw,5,0
Oil,ITM04340,KG,raw,0,0
Rice,ITM04341,KG,raw,5,0
Sugar,ITM04342,KG,raw,5,0
Wheat,ITM04343,KG,raw,5,0
Salt,ITM04344,KG,raw,5,0
Sugar,ITM04345,KG,raw,5,0
Sugar,ITM04346,KG,raw,0,0
Sugar,ITM04347,KG,raw,0,0
Sugar,ITM04348,KG,raw,0,0
Oil,ITM04349,KG,raw,0,0
Sugar,ITM04350,KG,raw,5,0
Oil,ITM04351,KG,raw,5,0
Wheat,ITM04352,KG,raw,5,0
Salt,ITM04353,KG,raw,5,0
Salt,ITM04354,KG,raw,0,0
Flour,ITM04355,KG,raw,5,0
Sugar,ITM04356,KG,raw,0,0
Flour,ITM04357,KG,raw,5,0
Sugar,ITM04358,KG,raw,5,0
Wheat,ITM04359,KG,raw,5,0
Rice,ITM04360,KG,raw,5,0
Oil,ITM04361,KG,raw,0,0
Flour,ITM04362,KG,raw,5,0
Rice,ITM04363,KG,raw,0,0
Rice,ITM04364,KG,raw,5,0
Sugar,ITM04365,KG,raw,0,0
Sugar,ITM04366,KG,raw,5,0
Sugar,ITM04367,KG,raw,0,0
Oil,ITM04368,KG,raw,5,0
Rice,ITM04369,KG,raw,5,0
Wheat,ITM04370,KG,raw,0,0
Flour,ITM04371,KG,raw,0,0
Oil,ITM04372,KG,raw,0,0
Rice,ITM04373,KG,raw,5,0
Sugar,ITM04374,KG,raw,5,0
Oil,ITM04375,KG,raw,5,0
Sugar,ITM04376,KG,raw,5,0
Flour,ITM04377,KG,raw,5,0
Sugar,ITM04378,KG,raw,0,0
Wheat,ITM04379,KG,raw,5,0
Flour,ITM04380,KG,raw,0,0
Oil,ITM04381,KG,raw,5,0
Sugar,ITM04382,KG,raw,0,0
Oil,ITM04383,KG,raw,0,0
Flour,ITM04384,KG,raw,0,0
Salt,ITM04385,KG,raw,0,0
Flour,ITM04386,KG,raw,0,0
Oil,ITM04387,KG,raw,0,0
Salt,ITM04388,KG,raw,0,0
Flour,ITM04389,KG,raw,0,0
Rice,ITM04390,KG,raw,0,0
Oil,ITM04391,KG,raw,0,0
Sugar,ITM04392,KG,raw,0,0
Rice,ITM04393,KG,raw,0,0
Sugar,ITM04394,KG,raw,0,0
Wheat,ITM04395,KG,raw,5,0
Rice,ITM04396,KG,raw,5,0
Rice,ITM04397,KG,raw,0,0
Sugar,ITM04398,KG,raw,0,0
Salt,ITM04399,KG,raw,0,0
Flour,ITM04400,KG,raw,0,0
Wheat,ITM04401,KG,raw,0,0
Salt,ITM04402,KG,raw,0,0
Salt,ITM04403,KG,raw,5,0
Oil,ITM04404,KG,raw,5,0
Salt,ITM04405,KG,raw,5,0
Salt,ITM04406,KG,raw,0,0
Wheat,ITM04407,KG,raw,5,0
Sugar,ITM04408,KG,raw,0,0
Flour,ITM04409,KG,raw,5,0
Wheat,ITM04410,KG,raw,0,0
Salt,ITM04411,KG,raw,5,0
Oil,ITM04412,KG,raw,5,0
Salt,ITM04413,KG,raw,5,0
Salt,ITM04414,KG,raw,5,0
Wheat,ITM04415,KG,raw,0,0
Flour,ITM04416,KG,raw,0,0
Oil,ITM04417,KG,raw,0,0
Rice,ITM04418,KG,raw,0,0
Sugar,ITM04419,KG,raw,0,0
Flour,ITM04420,KG,raw,0,0
Salt,ITM04421,KG,raw,5,0
Rice,ITM04422,KG,raw,0,0
Salt,ITM04423,KG,raw,0,0
Rice,ITM04424,KG,raw,0,0
Rice,ITM04425,KG,raw,0,0
Rice,ITM04426,KG,raw,5,0
Oil,ITM04427,KG,raw,5,0
Wheat,ITM04428,KG,raw,5,0
Oil,ITM04429,KG,raw,5,0
Sugar,ITM04430,KG,raw,5,0
Salt,ITM04431,KG,raw,5,0
Salt,ITM04432,KG,raw,5,0
Salt,ITM04433,KG,raw,5,0
Flour,ITM04434,KG,raw,5,0
Wheat,ITM04435,KG,raw,5,0
Oil,ITM04436,KG,raw,5,0
Salt,ITM04437,KG,raw,0,0
Sugar,ITM04438,KG,raw,5,0
Flour,ITM04439,KG,raw,0,0
Flour,ITM04440,KG,raw,5,0
Oil,ITM04441,KG,raw,5,0
Salt,ITM04442,KG,raw,0,0
Salt,ITM04443,KG,raw,5,0
Salt,ITM04444,KG,raw,0,0
Rice,ITM04445,KG,raw,0,0
Sugar,ITM04446,KG,raw,5,0
Oil,ITM04447,KG,raw,0,0
Rice,ITM04448,KG,raw,0,0
Wheat,ITM04449,KG,raw,5,0
Salt,ITM04450,KG,raw,5,0
Rice,ITM04451,KG,raw,0,0
Sugar,ITM04452,KG,raw,5,0
Flour,ITM04453,KG,raw,0,0
Sugar,ITM04454,KG,raw,5,0
Wheat,ITM04455,KG,raw,0,0
Oil,ITM04456,KG,raw,5,0
Sugar,ITM04457,KG,raw,5,0
Oil,ITM04458,KG,raw,0,0
Rice,ITM04459,KG,raw,5,0
Salt,ITM04460,KG,raw,5,0
Sugar,ITM04461,KG,raw,5,0
Sugar,ITM04462,KG,raw,5,0
Sugar,ITM04463,KG,raw,0,0
Oil,ITM04464,KG,raw,5,0
Sugar,ITM04465,KG,raw,0,0
Salt,ITM04466,KG,raw,5,0
Rice,ITM04467,KG,raw,0,0
Sugar,ITM04468,KG,raw,0,0
Flour,ITM04469,KG,raw,0,0
Flour,ITM04470,KG,raw,5,0
Wheat,ITM04471,KG,raw,5,0
Flour,ITM04472,KG,raw,0,0
Oil,ITM04473,KG,raw,5,0
Sugar,ITM04474,KG,raw,0,0
Salt,ITM04475,KG,raw,0,0
Oil,ITM04476,KG,raw,5,0
Salt,ITM04477,KG,raw,0,0
Salt,ITM04478,KG,raw,0,0
Flour,ITM04479,KG,raw,5,0
Oil,ITM04480,KG,raw,0,0
Flour,ITM04481,KG,raw,5,0
Salt,ITM04482,KG,raw,5,0
Flour,ITM04483,KG,raw,5,0
Wheat,ITM04484,KG,raw,0,0
Salt,ITM04485,KG,raw,0,0
Wheat,ITM04486,KG,raw,5,0
Wheat,ITM04487,KG,raw,0,0
Wheat,ITM04488,KG,raw,0,0
Rice,ITM04489,KG,raw,5,0
Flour,ITM04490,KG,raw,0,0
Flour,ITM04491,KG,raw,5,0
Salt,ITM04492,KG,raw,0,0
Rice,ITM04493,KG,raw,0,0
Wheat,ITM04494,KG,raw,0,0
Rice,ITM04495,KG,raw,5,0
Flour,ITM04496,KG,raw,5,0
Flour,ITM04497,KG,raw,5,0
Flour,ITM04498,KG,raw,0,0
Sugar,ITM04499,KG,raw,5,0
Flour,ITM04500,KG,raw,0,0
Salt,ITM04501,KG,raw,5,0
Wheat,ITM04502,KG,raw,0,0
Salt,ITM04503,KG,raw,0,0
Oil,ITM04504,KG,raw,5,0
Oil,ITM04505,KG,raw,0,0
Sugar,ITM04506,KG,raw,5,0
Sugar,ITM04507,KG,raw,5,0
Oil,ITM04508,KG,raw,0,0
Sugar,ITM04509,KG,raw,5,0
Sugar,ITM04510,KG,raw,5,0
Salt,ITM04511,KG,raw,5,0
Wheat,ITM04512,KG,raw,5,0
Flour,ITM04513,KG,raw,0,0
Salt,ITM04514,KG,raw,5,0
Wheat,ITM04515,KG,raw,0,0
Rice,ITM04516,KG,raw,5,0
Rice,ITM04517,KG,raw,0,0
Oil,ITM04518,KG,raw,0,0
Flour,ITM04519,KG,raw,0,0
Rice,ITM04520,KG,raw,5,0
Rice,ITM04521,KG,raw,5,0
Salt,ITM04522,KG,raw,5,0
Oil,ITM04523,KG,raw,0,0
Oil,ITM04524,KG,raw,5,0
Oil,ITM04525,KG,raw,5,0
Flour,ITM04526,KG,raw,0,0
Wheat,ITM04527,KG,raw,0,0
Sugar,ITM04528,KG,raw,5,0
Oil,ITM04529,KG,raw,0,0
Flour,ITM04530,KG,raw,0,0
Oil,ITM04531,KG,raw,5,0
Flour,ITM04532,KG,raw,0,0
Rice,ITM04533,KG,raw,5,0
Oil,ITM04534,KG,raw,5,0
Rice,ITM04535,KG,raw,5,0
Wheat,ITM04536,KG,raw,5,0
Flour,ITM04537,KG,raw,5,0
Rice,ITM04538,KG,raw,0,0
Sugar,ITM04539,KG,raw,5,0
Oil,ITM04540,KG,raw,5,0
Wheat,ITM04541,KG,raw,0,0
Flour,ITM04542,KG,raw,0,0
Sugar,ITM04543,KG,raw,0,0
Flour,ITM04544,KG,raw,0,0
Sugar,ITM04545,KG,raw,5,0
Flour,ITM04546,KG,raw,5,0
Rice,ITM04547,KG,raw,0,0
Rice,ITM04548,KG,raw,5,0
Flour,ITM04549,KG,raw,5,0
Salt,ITM04550,KG,raw,5,0
Rice,ITM04551,KG,raw,0,0
Sugar,ITM04552,KG,raw,0,0
Rice,ITM04553,KG,raw,0,0
Wheat,ITM04554,KG,raw,0,0
Salt,ITM04555,KG,raw,0,0
Sugar,ITM04556,KG,raw,0,0
Rice,ITM04557,KG,raw,5,0
Salt,ITM04558,KG,raw,0,0
Rice,ITM04559,KG,raw,0,0
Sugar,ITM04560,KG,raw,5,0
Rice,ITM04561,KG,raw,5,0
Wheat,ITM04562,KG,raw,5,0
Rice,ITM04563,KG,raw,5,0
Wheat,ITM04564,KG,raw,0,0
Oil,ITM04565,KG,raw,5,0
Oil,ITM04566,KG,raw,0,0
Oil,ITM04567,KG,raw,0,0
Salt,ITM04568,KG,raw,0,0
Oil,ITM04569,KG,raw,0,0
Oil,ITM04570,KG,raw,5,0
Rice,ITM04571,KG,raw,5,0
Oil,ITM04572,KG,raw,0,0
Flour,ITM04573,KG,raw,0,0
Flour,ITM04574,KG,raw,5,0
Flour,ITM04575,KG,raw,5,0
Oil,ITM04576,KG,raw,5,0
Flour,ITM04577,KG,raw,5,0
Salt,ITM04578,KG,raw,5,0
Sugar,ITM04579,KG,raw,0,0
Oil,ITM04580,KG,raw,0,0
Wheat,ITM04581,KG,raw,5,0
Wheat,ITM04582,KG,raw,5,0
Sugar,ITM04583,KG,raw,5,0
Wheat,ITM04584,KG,raw,0,0
Wheat,ITM04585,KG,raw,5,0
Salt,ITM04586,KG,raw,0,0
Rice,ITM04587,KG,raw,0,0
Salt,ITM04588,KG,raw,0,0
Sugar,ITM04589,KG,raw,5,0
Sugar,ITM04590,KG,raw,5,0
Rice,ITM04591,KG,raw,5,0
Rice,ITM04592,KG,raw,0,0
Rice,ITM04593,KG,raw,5,0
Salt,ITM04594,KG,raw,0,0
Sugar,ITM04595,KG,raw,5,0
Salt,ITM04596,KG,raw,0,0
Oil,ITM04597,KG,raw,0,0
Flour,ITM04598,KG,raw,0,0
Salt,ITM04599,KG,raw,0,0
Oil,ITM04600,KG,raw,5,0
Rice,ITM04601,KG,raw,5,0
Sugar,ITM04602,KG,raw,5,0
Rice,ITM04603,KG,raw,5,0
Flour,ITM04604,KG,raw,0,0
Wheat,ITM04605,KG,raw,0,0
Rice,ITM04606,KG,raw,0,0
Wheat,ITM04607,KG,raw,5,0
Salt,ITM04608,KG,raw,5,0
Flour,ITM04609,KG,raw,5,0
Sugar,ITM04610,KG,raw,5,0
Wheat,ITM04611,KG,raw,0,0
Salt,ITM04612,KG,raw,0,0
Salt,ITM04613,KG,raw,5,0
Rice,ITM04614,KG,raw,5,0
Oil,ITM04615,KG,raw,0,0
Rice,ITM04616,KG,raw,0,0
Salt,ITM04617,KG,raw,0,0
Oil,ITM04618,KG,raw,5,0
Salt,ITM04619,KG,raw,0,0
Wheat,ITM04620,KG,raw,5,0
Rice,ITM04621,KG,raw,0,0
Flour,ITM04622,KG,raw,5,0
Wheat,ITM04623,KG,raw,0,0
Rice,ITM04624,KG,raw,0,0
Wheat,ITM04625,KG,raw,5,0
Rice,ITM04626,KG,raw,5,0
Sugar,ITM04627,KG,raw,5,0
Salt,ITM04628,KG,raw,0,0
Flour,ITM04629,KG,raw,0,0
Rice,ITM04630,KG,raw,5,0
Flour,ITM04631,KG,raw,5,0
Oil,ITM04632,KG,raw,5,0
Rice,ITM04633,KG,raw,0,0
Salt,ITM04634,KG,raw,5,0
Salt,ITM04635,KG,raw,0,0
Rice,ITM04636,KG,raw,0,0
Rice,ITM04637,KG,raw,0,0
Sugar,ITM04638,KG,raw,5,0
Rice,ITM04639,KG,raw,5,0
Salt,ITM04640,KG,raw,0,0
Oil,ITM04641,KG,raw,0,0
Flour,ITM04642,KG,raw,5,0
Flour,ITM04643,KG,raw,5,0
Oil,ITM04644,KG,raw,0,0
Rice,ITM04645,KG,raw,0,0
Sugar,ITM04646,KG,raw,0,0
Flour,ITM04647,KG,raw,0,0
Wheat,ITM04648,KG,raw,5,0
Wheat,ITM04649,KG,raw,5,0
Rice,ITM04650,KG,raw,0,0
Oil,ITM04651,KG,raw,5,0
Sugar,ITM04652,KG,raw,0,0
Salt,ITM04653,KG,raw,5,0
Oil,ITM04654,KG,raw,5,0
Rice,ITM04655,KG,raw,5,0
Salt,ITM04656,KG,raw,5,0
Wheat,ITM04657,KG,raw,5,0
Rice,ITM04658,KG,raw,5,0
Flour,ITM04659,KG,raw,5,0
Flour,ITM04660,KG,raw,5,0
Flour,ITM04661,KG,raw,5,0
Rice,ITM04662,KG,raw,5,0
Salt,ITM04663,KG,raw,5,0
Oil,ITM04664,KG,raw,0,0
Flour,ITM04665,KG,raw,5,0
Rice,ITM04666,KG,raw,5,0
Rice,ITM04667,KG,raw,0,0
Sugar,ITM04668,KG,raw,0,0
Sugar,ITM04669,KG,raw,0,0
Salt,ITM04670,KG,raw,5,0
Sugar,ITM04671,KG,raw,0,0
Rice,ITM04672,KG,raw,5,0
Oil,ITM04673,KG,raw,0,0
Salt,ITM04674,KG,raw,5,0
Flour,ITM04675,KG,raw,0,0
Salt,ITM04676,KG,raw,5,0
Flour,ITM04677,KG,raw,0,0
Rice,ITM04678,KG,raw,5,0
Salt,ITM04679,KG,raw,5,0
Rice,ITM04680,KG,raw,0,0
Sugar,ITM04681,KG,raw,0,0
Rice,ITM04682,KG,raw,5,0
Wheat,ITM04683,KG,raw,0,0
Rice,ITM04684,KG,raw,0,0
Wheat,ITM04685,KG,raw,5,0
Flour,ITM04686,KG,raw,0,0
Oil,ITM04687,KG,raw,5,0
Oil,ITM04688,KG,raw,5,0
Rice,ITM04689,KG,raw,0,0
Flour,ITM04690,KG,raw,5,0
Rice,ITM04691,KG,raw,5,0
Wheat,ITM04692,KG,raw,0,0
Flour,ITM04693,KG,raw,0,0
Rice,ITM04694,KG,raw,5,0
Flour,ITM04695,KG,raw,5,0
Wheat,ITM04696,KG,raw,0,0
Wheat,ITM04697,KG,raw,5,0
Sugar,ITM04698,KG,raw,5,0
Sugar,ITM04699,KG,raw,0,0
Salt,ITM04700,KG,raw,0,0
Sugar,ITM04701,KG,raw,0,0
Salt,ITM04702,KG,raw,0,0
Oil,ITM04703,KG,raw,5,0
Rice,ITM04704,KG,raw,5,0
Wheat,ITM04705,KG,raw,0,0
Flour,ITM04706,KG,raw,0,0
Salt,ITM04707,KG,raw,0,0
Rice,ITM04708,KG,raw,5,0
Sugar,ITM04709,KG,raw,5,0
Sugar,ITM04710,KG,raw,0,0
Wheat,ITM04711,KG,raw,0,0
Oil,ITM04712,KG,raw,5,0
Wheat,ITM04713,KG,raw,0,0
Wheat,ITM04714,KG,raw,5,0
Flour,ITM04715,KG,raw,0,0
Salt,ITM04716,KG,raw,0,0
Flour,ITM04717,KG,raw,0,0
Salt,ITM04718,KG,raw,5,0
Sugar,ITM04719,KG,raw,5,0
Flour,ITM04720,KG,raw,0,0
Rice,ITM04721,KG,raw,5,0
Flour,ITM04722,KG,raw,0,0
Flour,ITM04723,KG,raw,5,0
Flour,ITM04724,KG,raw,0,0
Flour,ITM04725,KG,raw,5,0
Flour,ITM04726,KG,raw,5,0
Sugar,ITM04727,KG,raw,0,0
Salt,ITM04728,KG,raw,5,0
Salt,ITM04729,KG,raw,5,0
Salt,ITM04730,KG,raw,0,0
Salt,ITM04731,KG,raw,0,0
Wheat,ITM04732,KG,raw,5,0
Rice,ITM04733,KG,raw,5,0
Rice,ITM04734,KG,raw,5,0
Oil,ITM04735,KG,raw,0,0
Oil,ITM04736,KG,raw,0,0
Sugar,ITM04737,KG,raw,5,0
Rice,ITM04738,KG,raw,0,0
Rice,ITM04739,KG,raw,5,0
Wheat,ITM04740,KG,raw,5,0
Sugar,ITM04741,KG,raw,0,0
Sugar,ITM04742,KG,raw,0,0
Wheat,ITM04743,KG,raw,0,0
Salt,ITM04744,KG,raw,5,0
Oil,ITM04745,KG,raw,5,0
Flour,ITM04746,KG,raw,0,0
Salt,ITM04747,KG,raw,5,0
Salt,ITM04748,KG,raw,0,0
Flour,ITM04749,KG,raw,5,0
Rice,ITM04750,KG,raw,0,0
Oil,ITM04751,KG,raw,0,0
Rice,ITM04752,KG,raw,0,0
Flour,ITM04753,KG,raw,5,0
Rice,ITM04754,KG,raw,5,0
Rice,ITM04755,KG,raw,0,0
Sugar,ITM04756,KG,raw,0,0
Rice,ITM04757,KG,raw,0,0
Rice,ITM04758,KG,raw,5,0
Sugar,ITM04759,KG,raw,0,0
Salt,ITM04760,KG,raw,5,0
Salt,ITM04761,KG,raw,5,0
Wheat,ITM04762,KG,raw,0,0
Wheat,ITM04763,KG,raw,5,0
Flour,ITM04764,KG,raw,0,0
Rice,ITM04765,KG,raw,5,0
Salt,ITM04766,KG,raw,5,0
Oil,ITM04767,KG,raw,0,0
Wheat,ITM04768,KG,raw,0,0
Wheat,ITM04769,KG,raw,0,0
Wheat,ITM04770,KG,raw,0,0
Rice,ITM04771,KG,raw,0,0
Wheat,ITM04772,KG,raw,0,0
Sugar,ITM04773,KG,raw,5,0
Oil,ITM04774,KG,raw,5,0
Salt,ITM04775,KG,raw,5,0
Rice,ITM04776,KG,raw,5,0
Rice,ITM04777,KG,raw,0,0
Flour,ITM04778,KG,raw,0,0
Rice,ITM04779,KG,raw,5,0
Salt,ITM04780,KG,raw,5,0
Wheat,ITM04781,KG,raw,0,0
Wheat,ITM04782,KG,raw,0,0
Rice,ITM04783,KG,raw,0,0
Sugar,ITM04784,KG,raw,5,0
Rice,ITM04785,KG,raw,5,0
Flour,ITM04786,KG,raw,0,0
Sugar,ITM04787,KG,raw,0,0
Wheat,ITM04788,KG,raw,5,0
Sugar,ITM04789,KG,raw,5,0
Wheat,ITM04790,KG,raw,5,0
Wheat,ITM04791,KG,raw,5,0
Wheat,ITM04792,KG,raw,5,0
Rice,ITM04793,KG,raw,5,0
Salt,ITM04794,KG,raw,0,0
Oil,ITM04795,KG,raw,0,0
Rice,ITM04796,KG,raw,0,0
Wheat,ITM04797,KG,raw,5,0
Salt,ITM04798,KG,raw,5,0
Oil,ITM04799,KG,raw,5,0
Sugar,ITM04800,KG,raw,5,0
Salt,ITM04801,KG,raw,5,0
Salt,ITM04802,KG,raw,5,0
Flour,ITM04803,KG,raw,0,0
Flour,ITM04804,KG,raw,5,0
Oil,ITM04805,KG,raw,0,0
Rice,ITM04806,KG,raw,0,0
Flour,ITM04807,KG,raw,5,0
Flour,ITM04808,KG,raw,5,0
Wheat,ITM04809,KG,raw,0,0
Wheat,ITM04810,KG,raw,0,0
Sugar,ITM04811,KG,raw,5,0
Oil,ITM04812,KG,raw,5,0
Rice,ITM04813,KG,raw,0,0
Salt,ITM04814,KG,raw,0,0
Sugar,ITM04815,KG,raw,5,0
Sugar,ITM04816,KG,raw,0,0
Wheat,ITM04817,KG,raw,0,0
Oil,ITM04818,KG,raw,5,0
Rice,ITM04819,KG,raw,5,0
Wheat,ITM04820,KG,raw,0,0
Wheat,ITM04821,KG,raw,5,0
Oil,ITM04822,KG,raw,5,0
Sugar,ITM04823,KG,raw,0,0
Sugar,ITM04824,KG,raw,5,0
Oil,ITM04825,KG,raw,0,0
Rice,ITM04826,KG,raw,5,0
Flour,ITM04827,KG,raw,0,0
Rice,ITM04828,KG,raw,5,0
Wheat,ITM04829,KG,raw,5,0
Salt,ITM04830,KG,raw,5,0
Wheat,ITM04831,KG,raw,5,0
Flour,ITM04832,KG,raw,0,0
Salt,ITM04833,KG,raw,5,0
Sugar,ITM04834,KG,raw,5,0
Rice,ITM04835,KG,raw,0,0
Sugar,ITM04836,KG,raw,0,0
Flour,ITM04837,KG,raw,5,0
Flour,ITM04838,KG,raw,0,0
Sugar,ITM04839,KG,raw,0,0
Oil,ITM04840,KG,raw,0,0
Sugar,ITM04841,KG,raw,0,0
Rice,ITM04842,KG,raw,5,0
Wheat,ITM04843,KG,raw,5,0
Flour,ITM04844,KG,raw,0,0
Rice,ITM04845,KG,raw,5,0
Wheat,ITM04846,KG,raw,5,0
Rice,ITM04847,KG,raw,0,0
Oil,ITM04848,KG,raw,5,0
Flour,ITM04849,KG,raw,0,0
Rice,ITM04850,KG,raw,0,0
Sugar,ITM04851,KG,raw,5,0
Rice,ITM04852,KG,raw,5,0
Wheat,ITM04853,KG,raw,0,0
Salt,ITM04854,KG,raw,0,0
Wheat,ITM04855,KG,raw,5,0
Salt,ITM04856,KG,raw,0,0
Rice,ITM04857,KG,raw,5,0
Salt,ITM04858,KG,raw,5,0
Sugar,ITM04859,KG,raw,0,0
Flour,ITM04860,KG,raw,5,0
Salt,ITM04861,KG,raw,5,0
Oil,ITM04862,KG,raw,5,0
Salt,ITM04863,KG,raw,5,0
Wheat,ITM04864,KG,raw,0,0
Sugar,ITM04865,KG,raw,0,0
Oil,ITM04866,KG,raw,0,0
Salt,ITM04867,KG,raw,5,0
Rice,ITM04868,KG,raw,5,0
Oil,ITM04869,KG,raw,0,0
Rice,ITM04870,KG,raw,0,0
Rice,ITM04871,KG,raw,5,0
Salt,ITM04872,KG,raw,0,0
Salt,ITM04873,KG,raw,0,0
Flour,ITM04874,KG,raw,0,0
Rice,ITM04875,KG,raw,5,0
Sugar,ITM04876,KG,raw,5,0
Wheat,ITM04877,KG,raw,0,0
Salt,ITM04878,KG,raw,0,0
Oil,ITM04879,KG,raw,0,0
Flour,ITM04880,KG,raw,5,0
Sugar,ITM04881,KG,raw,5,0
Salt,ITM04882,KG,raw,0,0
Flour,ITM04883,KG,raw,5,0
Oil,ITM04884,KG,raw,5,0
Rice,ITM04885,KG,raw,0,0
Wheat,ITM04886,KG,raw,5,0
Flour,ITM04887,KG,raw,0,0
Salt,ITM04888,KG,raw,5,0
Sugar,ITM04889,KG,raw,5,0
Oil,ITM04890,KG,raw,0,0
Salt,ITM04891,KG,raw,0,0
Rice,ITM04892,KG,raw,0,0
Salt,ITM04893,KG,raw,0,0
Wheat,ITM04894,KG,raw,5,0
Sugar,ITM04895,KG,raw,5,0
Sugar,ITM04896,KG,raw,5,0
Salt,ITM04897,KG,raw,5,0
Salt,ITM04898,KG,raw,0,0
Rice,ITM04899,KG,raw,5,0
Oil,ITM04900,KG,raw,0,0
Rice,ITM04901,KG,raw,5,0
Oil,ITM04902,KG,raw,5,0
Oil,ITM04903,KG,raw,0,0
Wheat,ITM04904,KG,raw,0,0
Oil,ITM04905,KG,raw,5,0
Salt,ITM04906,KG,raw,5,0
Oil,ITM04907,KG,raw,0,0
Rice,ITM04908,KG,raw,0,0
Sugar,ITM04909,KG,raw,0,0
Rice,ITM04910,KG,raw,0,0
Wheat,ITM04911,KG,raw,0,0
Sugar,ITM04912,KG,raw,0,0
Flour,ITM04913,KG,raw,5,0
Salt,ITM04914,KG,raw,0,0
Flour,ITM04915,KG,raw,0,0
Wheat,ITM04916,KG,raw,0,0
Wheat,ITM04917,KG,raw,5,0
Sugar,ITM04918,KG,raw,0,0
Salt,ITM04919,KG,raw,5,0
Salt,ITM04920,KG,raw,0,0
Rice,ITM04921,KG,raw,5,0
Rice,ITM04922,KG,raw,0,0
Sugar,ITM04923,KG,raw,5,0
Oil,ITM04924,KG,raw,5,0
Oil,ITM04925,KG,raw,5,0
Salt,ITM04926,KG,raw,5,0
Flour,ITM04927,KG,raw,5,0
Flour,ITM04928,KG,raw,5,0
Salt,ITM04929,KG,raw,5,0
Oil,ITM04930,KG,raw,5,0
Wheat,ITM04931,KG,raw,0,0
Salt,ITM04932,KG,raw,0,0
Salt,ITM04933,KG,raw,5,0
Flour,ITM04934,KG,raw,0,0
Salt,ITM04935,KG,raw,0,0
Oil,ITM04936,KG,raw,0,0
Oil,ITM04937,KG,raw,5,0
Flour,ITM04938,KG,raw,5,0
Sugar,ITM04939,KG,raw,5,0
Wheat,ITM04940,KG,raw,5,0
Rice,ITM04941,KG,raw,5,0
Rice,ITM04942,KG,raw,0,0
Oil,ITM04943,KG,raw,0,0
Oil,ITM04944,KG,raw,0,0
Salt,ITM04945,KG,raw,0,0
Rice,ITM04946,KG,raw,0,0
Wheat,ITM04947,KG,raw,0,0
Salt,ITM04948,KG,raw,0,0
Rice,ITM04949,KG,raw,5,0
Oil,ITM04950,KG,raw,0,0
Flour,ITM04951,KG,raw,5,0
Rice,ITM04952,KG,raw,5,0
Wheat,ITM04953,KG,raw,0,0
Salt,ITM04954,KG,raw,0,0
Rice,ITM04955,KG,raw,5,0
Wheat,ITM04956,KG,raw,5,0
Flour,ITM04957,KG,raw,0,0
Rice,ITM04958,KG,raw,5,0
Oil,ITM04959,KG,raw,0,0
Rice,ITM04960,KG,raw,5,0
Salt,ITM04961,KG,raw,0,0
Wheat,ITM04962,KG,raw,0,0
Rice,ITM04963,KG,raw,0,0
Sugar,ITM04964,KG,raw,0,0
Sugar,ITM04965,KG,raw,0,0
Flour,ITM04966,KG,raw,0,0
Oil,ITM04967,KG,raw,0,0
Salt,ITM04968,KG,raw,0,0
Flour,ITM04969,KG,raw,5,0
Salt,ITM04970,KG,raw,5,0
Rice,ITM04971,KG,raw,5,0
Sugar,ITM04972,KG,raw,5,0
Rice,ITM04973,KG,raw,5,0
Flour,ITM04974,KG,raw,5,0
Sugar,ITM04975,KG,raw,0,0
Oil,ITM04976,KG,raw,0,0
Sugar,ITM04977,KG,raw,0,0
Flour,ITM04978,KG,raw,0,0
Sugar,ITM04979,KG,raw,0,0
Rice,ITM04980,KG,raw,0,0
Wheat,ITM04981,KG,raw,0,0
Rice,ITM04982,KG,raw,5,0
Wheat,ITM04983,KG,raw,0,0
Oil,ITM04984,KG,raw,0,0
Wheat,ITM04985,KG,raw,5,0
Flour,ITM04986,KG,raw,5,0
Wheat,ITM04987,KG,raw,0,0
Wheat,ITM04988,KG,raw,5,0
Oil,ITM04989,KG,raw,5,0
Wheat,ITM04990,KG,raw,5,0
Salt,ITM04991,KG,raw,5,0
Wheat,ITM04992,KG,raw,0,0
Salt,ITM04993,KG,raw,0,0
Rice,ITM04994,KG,raw,0,0
Rice,ITM04995,KG,raw,5,0
Salt,ITM04996,KG,raw,0,0
Salt,ITM04997,KG,raw,5,0
Flour,ITM04998,KG,raw,0,0
Sugar,ITM04999,KG,raw,0,0
Salt,ITM05000,KG,raw,5,0
Salt,ITM05001,KG,raw,5,0
Oil,ITM05002,KG,raw,0,0
Salt,ITM05003,KG,raw,0,0
Sugar,ITM05004,KG,raw,5,0
Rice,ITM05005,KG,raw,0,0
Wheat,ITM05006,KG,raw,5,0
Sugar,ITM05007,KG,raw,5,0
Wheat,ITM05008,KG,raw,5,0
Wheat,ITM05009,KG,raw,0,0
Wheat,ITM05010,KG,raw,5,0
Rice,ITM05011,KG,raw,5,0
Wheat,ITM05012,KG,raw,0,0
Salt,ITM05013,KG,raw,0,0
Sugar,ITM05014,KG,raw,5,0
Oil,ITM05015,KG,raw,5,0
Wheat,ITM05016,KG,raw,0,0
Oil,ITM05017,KG,raw,0,0
Sugar,ITM05018,KG,raw,0,0
Oil,ITM05019,KG,raw,5,0
Rice,ITM05020,KG,raw,0,0
Oil,ITM05021,KG,raw,5,0
Wheat,ITM05022,KG,raw,0,0
Salt,ITM05023,KG,raw,5,0
Salt,ITM05024,KG,raw,5,0
Oil,ITM05025,KG,raw,0,0
Wheat,ITM05026,KG,raw,0,0
Rice,ITM05027,KG,raw,5,0
Flour,ITM05028,KG,raw,0,0
Oil,ITM05029,KG,raw,5,0
Sugar,ITM05030,KG,raw,5,0
Oil,ITM05031,KG,raw,5,0
Wheat,ITM05032,KG,raw,0,0
Flour,ITM05033,KG,raw,0,0
Wheat,ITM05034,KG,raw,0,0
Salt,ITM05035,KG,raw,5,0
Rice,ITM05036,KG,raw,0,0
Rice,ITM05037,KG,raw,0,0
Oil,ITM05038,KG,raw,0,0
Sugar,ITM05039,KG,raw,5,0
Sugar,ITM05040,KG,raw,5,0
Sugar,ITM05041,KG,raw,5,0
Sugar,ITM05042,KG,raw,0,0
Flour,ITM05043,KG,raw,0,0
Rice,ITM05044,KG,raw,0,0
Sugar,ITM05045,KG,raw,0,0
Rice,ITM05046,KG,raw,0,0
Oil,ITM05047,KG,raw,5,0
Flour,ITM05048,KG,raw,5,0
Sugar,ITM05049,KG,raw,0,0
Rice,ITM05050,KG,raw,5,0
Sugar,ITM05051,KG,raw,5,0
Wheat,ITM05052,KG,raw,5,0
Flour,ITM05053,KG,raw,5,0
Wheat,ITM05054,KG,raw,0,0
Flour,ITM05055,KG,raw,5,0
Sugar,ITM05056,KG,raw,0,0
Oil,ITM05057,KG,raw,5,0
Oil,ITM05058,KG,raw,0,0
Salt,ITM05059,KG,raw,0,0
Oil,ITM05060,KG,raw,0,0
Oil,ITM05061,KG,raw,5,0
Sugar,ITM05062,KG,raw,5,0
Flour,ITM05063,KG,raw,5,0
Oil,ITM05064,KG,raw,0,0
Sugar,ITM05065,KG,raw,0,0
Wheat,ITM05066,KG,raw,5,0
Wheat,ITM05067,KG,raw,5,0
Oil,ITM05068,KG,raw,5,0
Flour,ITM05069,KG,raw,0,0
Salt,ITM05070,KG,raw,0,0
Sugar,ITM05071,KG,raw,5,0
Salt,ITM05072,KG,raw,0,0
Flour,ITM05073,KG,raw,5,0
Wheat,ITM05074,KG,raw,0,0
Oil,ITM05075,KG,raw,5,0
Flour,ITM05076,KG,raw,0,0
Rice,ITM05077,KG,raw,0,0
Wheat,ITM05078,KG,raw,0,0
Oil,ITM05079,KG,raw,0,0
Rice,ITM05080,KG,raw,0,0
Rice,ITM05081,KG,raw,0,0
Rice,ITM05082,KG,raw,0,0
Oil,ITM05083,KG,raw,5,0
Wheat,ITM05084,KG,raw,5,0
Rice,ITM05085,KG,raw,5,0
Wheat,ITM05086,KG,raw,0,0
Salt,ITM05087,KG,raw,5,0
Wheat,ITM05088,KG,raw,0,0
Oil,ITM05089,KG,raw,5,0
Oil,ITM05090,KG,raw,0,0
Flour,ITM05091,KG,raw,0,0
Flour,ITM05092,KG,raw,5,0
Flour,ITM05093,KG,raw,5,0
Salt,ITM05094,KG,raw,0,0
Salt,ITM05095,KG,raw,5,0
Sugar,ITM05096,KG,raw,5,0
Sugar,ITM05097,KG,raw,0,0
Flour,ITM05098,KG,raw,5,0
Rice,ITM05099,KG,raw,0,0
Wheat,ITM05100,KG,raw,5,0
Salt,ITM05101,KG,raw,0,0
Sugar,ITM05102,KG,raw,5,0
Wheat,ITM05103,KG,raw,0,0
Rice,ITM05104,KG,raw,5,0
Sugar,ITM05105,KG,raw,0,0
Rice,ITM05106,KG,raw,5,0
Wheat,ITM05107,KG,raw,0,0
Wheat,ITM05108,KG,raw,5,0
Sugar,ITM05109,KG,raw,0,0
Rice,ITM05110,KG,raw,0,0
Rice,ITM05111,KG,raw,5,0
Salt,ITM05112,KG,raw,5,0
Salt,ITM05113,KG,raw,5,0
Oil,ITM05114,KG,raw,5,0
Sugar,ITM05115,KG,raw,0,0
Salt,ITM05116,KG,raw,0,0
Oil,ITM05117,KG,raw,0,0
Wheat,ITM05118,KG,raw,0,0
Salt,ITM05119,KG,raw,0,0
Oil,ITM05120,KG,raw,0,0
Wheat,ITM05121,KG,raw,0,0
Rice,ITM05122,KG,raw,0,0
Flour,ITM05123,KG,raw,5,0
Sugar,ITM05124,KG,raw,0,0
Flour,ITM05125,KG,raw,5,0
Rice,ITM05126,KG,raw,0,0
Salt,ITM05127,KG,raw,0,0
Oil,ITM05128,KG,raw,0,0
Oil,ITM05129,KG,raw,5,0
Salt,ITM05130,KG,raw,5,0
Salt,ITM05131,KG,raw,0,0
Sugar,ITM05132,KG,raw,0,0
Rice,ITM05133,KG,raw,5,0
Sugar,ITM05134,KG,raw,5,0
Rice,ITM05135,KG,raw,5,0
Salt,ITM05136,KG,raw,5,0
Wheat,ITM05137,KG,raw,0,0
Rice,ITM05138,KG,raw,5,0
Sugar,ITM05139,KG,raw,0,0
Oil,ITM05140,KG,raw,5,0
Oil,ITM05141,KG,raw,0,0
Flour,ITM05142,KG,raw,5,0
Flour,ITM05143,KG,raw,0,0
Salt,ITM05144,KG,raw,5,0
Flour,ITM05145,KG,raw,5,0
Salt,ITM05146,KG,raw,5,0
Sugar,ITM05147,KG,raw,0,0
Flour,ITM05148,KG,raw,5,0
Oil,ITM05149,KG,raw,0,0
Rice,ITM05150,KG,raw,5,0
Sugar,ITM05151,KG,raw,0,0
Rice,ITM05152,KG,raw,0,0
Salt,ITM05153,KG,raw,0,0
Rice,ITM05154,KG,raw,5,0
Oil,ITM05155,KG,raw,0,0
Rice,ITM05156,KG,raw,0,0
Salt,ITM05157,KG,raw,5,0
Oil,ITM05158,KG,raw,0,0
Salt,ITM05159,KG,raw,5,0
Salt,ITM05160,KG,raw,5,0
Rice,ITM05161,KG,raw,0,0
Sugar,ITM05162,KG,raw,0,0
Oil,ITM05163,KG,raw,5,0
Wheat,ITM05164,KG,raw,0,0
Rice,ITM05165,KG,raw,5,0
Wheat,ITM05166,KG,raw,5,0
Sugar,ITM05167,KG,raw,5,0
Oil,ITM05168,KG,raw,5,0
Wheat,ITM05169,KG,raw,0,0
Salt,ITM05170,KG,raw,0,0
Wheat,ITM05171,KG,raw,5,0
Wheat,ITM05172,KG,raw,0,0
Rice,ITM05173,KG,raw,5,0
Flour,ITM05174,KG,raw,5,0
Salt,ITM05175,KG,raw,5,0
Flour,ITM05176,KG,raw,0,0
Salt,ITM05177,KG,raw,5,0
Sugar,ITM05178,KG,raw,5,0
Sugar,ITM05179,KG,raw,0,0
Salt,ITM05180,KG,raw,0,0
Sugar,ITM05181,KG,raw,5,0
Sugar,ITM05182,KG,raw,5,0
Oil,ITM05183,KG,raw,5,0
Salt,ITM05184,KG,raw,5,0
Rice,ITM05185,KG,raw,0,0
Oil,ITM05186,KG,raw,5,0
Sugar,ITM05187,KG,raw,0,0
Wheat,ITM05188,KG,raw,5,0
Oil,ITM05189,KG,raw,5,0
Rice,ITM05190,KG,raw,0,0
Rice,ITM05191,KG,raw,0,0
Flour,ITM05192,KG,raw,0,0
Sugar,ITM05193,KG,raw,5,0
Oil,ITM05194,KG,raw,5,0
Flour,ITM05195,KG,raw,5,0
Wheat,ITM05196,KG,raw,5,0
Rice,ITM05197,KG,raw,0,0
Flour,ITM05198,KG,raw,0,0
Wheat,ITM05199,KG,raw,0,0
Sugar,ITM05200,KG,raw,5,0
Rice,ITM05201,KG,raw,0,0
Salt,ITM05202,KG,raw,5,0
Sugar,ITM05203,KG,raw,5,0
Salt,ITM05204,KG,raw,0,0
Oil,ITM05205,KG,raw,0,0
Salt,ITM05206,KG,raw,0,0
Flour,ITM05207,KG,raw,5,0
Rice,ITM05208,KG,raw,0,0
Sugar,ITM05209,KG,raw,0,0
Salt,ITM05210,KG,raw,0,0
Sugar,ITM05211,KG,raw,0,0
Sugar,ITM05212,KG,raw,5,0
Wheat,ITM05213,KG,raw,0,0
Salt,ITM05214,KG,raw,5,0
Flour,ITM05215,KG,raw,5,0
Salt,ITM05216,KG,raw,0,0
Rice,ITM05217,KG,raw,5,0
Wheat,ITM05218,KG,raw,0,0
Rice,ITM05219,KG,raw,5,0
Rice,ITM05220,KG,raw,5,0
Flour,ITM05221,KG,raw,0,0
Rice,ITM05222,KG,raw,0,0
Salt,ITM05223,KG,raw,5,0
Oil,ITM05224,KG,raw,5,0
Rice,ITM05225,KG,raw,5,0
Wheat,ITM05226,KG,raw,5,0
Oil,ITM05227,KG,raw,0,0
Salt,ITM05228,KG,raw,0,0
Oil,ITM05229,KG,raw,0,0
Salt,ITM05230,KG,raw,0,0
Oil,ITM05231,KG,raw,5,0
Rice,ITM05232,KG,raw,5,0
Oil,ITM05233,KG,raw,5,0
Salt,ITM05234,KG,raw,5,0
Salt,ITM05235,KG,raw,0,0
Flour,ITM05236,KG,raw,5,0
Flour,ITM05237,KG,raw,5,0
Salt,ITM05238,KG,raw,0,0
Oil,ITM05239,KG,raw,0,0
Wheat,ITM05240,KG,raw,0,0
Wheat,ITM05241,KG,raw,5,0
Rice,ITM05242,KG,raw,5,0
Wheat,ITM05243,KG,raw,5,0
Salt,ITM05244,KG,raw,5,0
Oil,ITM05245,KG,raw,5,0
Salt,ITM05246,KG,raw,0,0
Wheat,ITM05247,KG,raw,0,0
Wheat,ITM05248,KG,raw,5,0
Wheat,ITM05249,KG,raw,0,0
Salt,ITM05250,KG,raw,5,0
Sugar,ITM05251,KG,raw,5,0
Sugar,ITM05252,KG,raw,0,0
Sugar,ITM05253,KG,raw,5,0
Oil,ITM05254,KG,raw,0,0
Oil,ITM05255,KG,raw,0,0
Salt,ITM05256,KG,raw,5,0
Rice,ITM05257,KG,raw,0,0
Flour,ITM05258,KG,raw,5,0
Wheat,ITM05259,KG,raw,5,0
Wheat,ITM05260,KG,raw,0,0
Rice,ITM05261,KG,raw,5,0
Wheat,ITM05262,KG,raw,0,0
Sugar,ITM05263,KG,raw,5,0
Oil,ITM05264,KG,raw,5,0
Salt,ITM05265,KG,raw,0,0
Wheat,ITM05266,KG,raw,5,0
Sugar,ITM05267,KG,raw,0,0
Oil,ITM05268,KG,raw,0,0
Salt,ITM05269,KG,raw,0,0
Rice,ITM05270,KG,raw,5,0
Flour,ITM05271,KG,raw,5,0
Wheat,ITM05272,KG,raw,5,0
Rice,ITM05273,KG,raw,0,0
Flour,ITM05274,KG,raw,5,0
Wheat,ITM05275,KG,raw,5,0
Rice,ITM05276,KG,raw,0,0
Sugar,ITM05277,KG,raw,5,0
Rice,ITM05278,KG,raw,5,0
Flour,ITM05279,KG,raw,0,0
Sugar,ITM05280,KG,raw,0,0
Rice,ITM05281,KG,raw,5,0
Flour,ITM05282,KG,raw,5,0
Wheat,ITM05283,KG,raw,0,0
Rice,ITM05284,KG,raw,0,0
Salt,ITM05285,KG,raw,0,0
Salt,ITM05286,KG,raw,5,0
Wheat,ITM05287,KG,raw,5,0
Salt,ITM05288,KG,raw,0,0
Sugar,ITM05289,KG,raw,0,0
Salt,ITM05290,KG,raw,0,0
Flour,ITM05291,KG,raw,0,0
Salt,ITM05292,KG,raw,5,0
Flour,ITM05293,KG,raw,5,0
Rice,ITM05294,KG,raw,0,0
Salt,ITM05295,KG,raw,5,0
Flour,ITM05296,KG,raw,5,0
Wheat,ITM05297,KG,raw,0,0
Salt,ITM05298,KG,raw,0,0
Sugar,ITM05299,KG,raw,5,0
Sugar,ITM05300,KG,raw,0,0
Sugar,ITM05301,KG,raw,0,0
Rice,ITM05302,KG,raw,0,0
Flour,ITM05303,KG,raw,5,0
Salt,ITM05304,KG,raw,0,0
Sugar,ITM05305,KG,raw,0,0
Rice,ITM05306,KG,raw,5,0
Flour,ITM05307,KG,raw,0,0
Oil,ITM05308,KG,raw,0,0
Sugar,ITM05309,KG,raw,0,0
Sugar,ITM05310,KG,raw,5,0
Sugar,ITM05311,KG,raw,5,0
Rice,ITM05312,KG,raw,0,0
Flour,ITM05313,KG,raw,0,0
Sugar,ITM05314,KG,raw,5,0
Oil,ITM05315,KG,raw,5,0
Flour,ITM05316,KG,raw,0,0
Wheat,ITM05317,KG,raw,0,0
Oil,ITM05318,KG,raw,0,0
Rice,ITM05319,KG,raw,0,0
Wheat,ITM05320,KG,raw,5,0
Flour,ITM05321,KG,raw,0,0
Flour,ITM05322,KG,raw,5,0
Oil,ITM05323,KG,raw,0,0
Salt,ITM05324,KG,raw,0,0
Wheat,ITM05325,KG,raw,0,0
Rice,ITM05326,KG,raw,0,0
Wheat,ITM05327,KG,raw,5,0
Salt,ITM05328,KG,raw,5,0
Rice,ITM05329,KG,raw,5,0
Wheat,ITM05330,KG,raw,5,0
Salt,ITM05331,KG,raw,0,0
Salt,ITM05332,KG,raw,5,0
Salt,ITM05333,KG,raw,0,0
Salt,ITM05334,KG,raw,5,0
Sugar,ITM05335,KG,raw,5,0
Flour,ITM05336,KG,raw,5,0
Salt,ITM05337,KG,raw,0,0
Flour,ITM05338,KG,raw,0,0
Wheat,ITM05339,KG,raw,5,0
Wheat,ITM05340,KG,raw,5,0
Rice,ITM05341,KG,raw,0,0
Wheat,ITM05342,KG,raw,0,0
Oil,ITM05343,KG,raw,5,0
Oil,ITM05344,KG,raw,5,0
Flour,ITM05345,KG,raw,5,0
Oil,ITM05346,KG,raw,5,0
Flour,ITM05347,KG,raw,0,0
Sugar,ITM05348,KG,raw,0,0
Oil,ITM05349,KG,raw,5,0
Oil,ITM05350,KG,raw,0,0
Wheat,ITM05351,KG,raw,0,0
Oil,ITM05352,KG,raw,0,0
Wheat,ITM05353,KG,raw,5,0
Salt,ITM05354,KG,raw,0,0
Flour,ITM05355,KG,raw,0,0
Oil,ITM05356,KG,raw,0,0
Sugar,ITM05357,KG,raw,0,0
Wheat,ITM05358,KG,raw,5,0
Wheat,ITM05359,KG,raw,5,0
Wheat,ITM05360,KG,raw,5,0
Oil,ITM05361,KG,raw,0,0
Oil,ITM05362,KG,raw,0,0
Oil,ITM05363,KG,raw,5,0
Oil,ITM05364,KG,raw,5,0
Rice,ITM05365,KG,raw,0,0
Salt,ITM05366,KG,raw,5,0
Rice,ITM05367,KG,raw,5,0
Wheat,ITM05368,KG,raw,5,0
Salt,ITM05369,KG,raw,0,0
Flour,ITM05370,KG,raw,5,0
Flour,ITM05371,KG,raw,0,0
Oil,ITM05372,KG,raw,5,0
Wheat,ITM05373,KG,raw,0,0
Salt,ITM05374,KG,raw,0,0
Rice,ITM05375,KG,raw,5,0
Rice,ITM05376,KG,raw,5,0
Wheat,ITM05377,KG,raw,0,0
Flour,ITM05378,KG,raw,5,0
Flour,ITM05379,KG,raw,5,0
Wheat,ITM05380,KG,raw,0,0
Sugar,ITM05381,KG,raw,5,0
Salt,ITM05382,KG,raw,5,0
Salt,ITM05383,KG,raw,5,0
Sugar,ITM05384,KG,raw,5,0
Rice,ITM05385,KG,raw,0,0
Salt,ITM05386,KG,raw,5,0
Flour,ITM05387,KG,raw,5,0
Salt,ITM05388,KG,raw,5,0
Sugar,ITM05389,KG,raw,5,0
Wheat,ITM05390,KG,raw,5,0
Wheat,ITM05391,KG,raw,0,0
Oil,ITM05392,KG,raw,0,0
Wheat,ITM05393,KG,raw,0,0
Rice,ITM05394,KG,raw,0,0
Oil,ITM05395,KG,raw,5,0
Flour,ITM05396,KG,raw,5,0
Wheat,ITM05397,KG,raw,5,0
Oil,ITM05398,KG,raw,0,0
Sugar,ITM05399,KG,raw,5,0
Salt,ITM05400,KG,raw,0,0
Salt,ITM05401,KG,raw,5,0
Wheat,ITM05402,KG,raw,0,0
Salt,ITM05403,KG,raw,0,0
Sugar,ITM05404,KG,raw,0,0
Flour,ITM05405,KG,raw,0,0
Sugar,ITM05406,KG,raw,0,0
Salt,ITM05407,KG,raw,5,0
Sugar,ITM05408,KG,raw,0,0
Oil,ITM05409,KG,raw,0,0
Salt,ITM05410,KG,raw,5,0
Sugar,ITM05411,KG,raw,0,0
Flour,ITM05412,KG,raw,0,0
Sugar,ITM05413,KG,raw,0,0
Flour,ITM05414,KG,raw,0,0
Salt,ITM05415,KG,raw,0,0
Wheat,ITM05416,KG,raw,5,0
Rice,ITM05417,KG,raw,0,0
Wheat,ITM05418,KG,raw,0,0
Sugar,ITM05419,KG,raw,0,0
Salt,ITM05420,KG,raw,0,0
Rice,ITM05421,KG,raw,5,0
Salt,ITM05422,KG,raw,0,0
Oil,ITM05423,KG,raw,5,0
Sugar,ITM05424,KG,raw,0,0
Oil,ITM05425,KG,raw,5,0
Flour,ITM05426,KG,raw,0,0
Sugar,ITM05427,KG,raw,5,0
Wheat,ITM05428,KG,raw,5,0
Oil,ITM05429,KG,raw,5,0
Oil,ITM05430,KG,raw,0,0
Wheat,ITM05431,KG,raw,5,0
Sugar,ITM05432,KG,raw,5,0
Wheat,ITM05433,KG,raw,5,0
Salt,ITM05434,KG,raw,0,0
Sugar,ITM05435,KG,raw,5,0
Rice,ITM05436,KG,raw,0,0
Oil,ITM05437,KG,raw,5,0
Wheat,ITM05438,KG,raw,5,0
Rice,ITM05439,KG,raw,0,0
Salt,ITM05440,KG,raw,5,0
Sugar,ITM05441,KG,raw,0,0
Wheat,ITM05442,KG,raw,0,0
Salt,ITM05443,KG,raw,0,0
Flour,ITM05444,KG,raw,5,0
Salt,ITM05445,KG,raw,0,0
Salt,ITM05446,KG,raw,0,0
Oil,ITM05447,KG,raw,0,0
Flour,ITM05448,KG,raw,5,0
Sugar,ITM05449,KG,raw,5,0
Oil,ITM05450,KG,raw,0,0
Sugar,ITM05451,KG,raw,5,0
Wheat,ITM05452,KG,raw,0,0
Sugar,ITM05453,KG,raw,5,0
Flour,ITM05454,KG,raw,5,0
Oil,ITM05455,KG,raw,0,0
Rice,ITM05456,KG,raw,5,0
Flour,ITM05457,KG,raw,5,0
Flour,ITM05458,KG,raw,5,0
Flour,ITM05459,KG,raw,5,0
Wheat,ITM05460,KG,raw,0,0
Rice,ITM05461,KG,raw,5,0
Salt,ITM05462,KG,raw,5,0
Rice,ITM05463,KG,raw,5,0
Sugar,ITM05464,KG,raw,5,0
Oil,ITM05465,KG,raw,0,0
Sugar,ITM05466,KG,raw,0,0
Salt,ITM05467,KG,raw,0,0
Oil,ITM05468,KG,raw,5,0
Sugar,ITM05469,KG,raw,0,0
Rice,ITM05470,KG,raw,0,0
Wheat,ITM05471,KG,raw,0,0
Wheat,ITM05472,KG,raw,0,0
Flour,ITM05473,KG,raw,0,0
Wheat,ITM05474,KG,raw,0,0
Sugar,ITM05475,KG,raw,0,0
Salt,ITM05476,KG,raw,5,0
Sugar,ITM05477,KG,raw,0,0
Flour,ITM05478,KG,raw,0,0
Oil,ITM05479,KG,raw,0,0
Salt,ITM05480,KG,raw,0,0
Rice,ITM05481,KG,raw,5,0
Sugar,ITM05482,KG,raw,0,0
Wheat,ITM05483,KG,raw,5,0
Oil,ITM05484,KG,raw,5,0
Sugar,ITM05485,KG,raw,0,0
Rice,ITM05486,KG,raw,0,0
Flour,ITM05487,KG,raw,0,0
Flour,ITM05488,KG,raw,5,0
Wheat,ITM05489,KG,raw,0,0
Flour,ITM05490,KG,raw,0,0
Flour,ITM05491,KG,raw,0,0
Oil,ITM05492,KG,raw,5,0
Wheat,ITM05493,KG,raw,0,0
Oil,ITM05494,KG,raw,5,0
Sugar,ITM05495,KG,raw,5,0
Salt,ITM05496,KG,raw,5,0
Oil,ITM05497,KG,raw,5,0
Wheat,ITM05498,KG,raw,0,0
Wheat,ITM05499,KG,raw,0,0
Rice,ITM05500,KG,raw,0,0
Rice,ITM05501,KG,raw,0,0
Flour,ITM05502,KG,raw,5,0
Sugar,ITM05503,KG,raw,0,0
Sugar,ITM05504,KG,raw,0,0
Rice,ITM05505,KG,raw,0,0
Flour,ITM05506,KG,raw,0,0
Salt,ITM05507,KG,raw,0,0
Flour,ITM05508,KG,raw,5,0
Oil,ITM05509,KG,raw,5,0
Flour,ITM05510,KG,raw,0,0
Oil,ITM05511,KG,raw,5,0
Sugar,ITM05512,KG,raw,5,0
Sugar,ITM05513,KG,raw,0,0
Rice,ITM05514,KG,raw,5,0
Oil,ITM05515,KG,raw,5,0
Oil,ITM05516,KG,raw,0,0
Wheat,ITM05517,KG,raw,5,0
Flour,ITM05518,KG,raw,5,0
Wheat,ITM05519,KG,raw,5,0
Flour,ITM05520,KG,raw,0,0
Wheat,ITM05521,KG,raw,0,0
Wheat,ITM05522,KG,raw,0,0
Sugar,ITM05523,KG,raw,0,0
Rice,ITM05524,KG,raw,0,0
Rice,ITM05525,KG,raw,0,0
Wheat,ITM05526,KG,raw,5,0
Rice,ITM05527,KG,raw,5,0
Rice,ITM05528,KG,raw,5,0
Rice,ITM05529,KG,raw,5,0
Salt,ITM05530,KG,raw,0,0
Oil,ITM05531,KG,raw,0,0
Sugar,ITM05532,KG,raw,5,0
Wheat,ITM05533,KG,raw,0,0
Rice,ITM05534,KG,raw,0,0
Salt,ITM05535,KG,raw,5,0
Wheat,ITM05536,KG,raw,0,0
Wheat,ITM05537,KG,raw,5,0
Oil,ITM05538,KG,raw,5,0
Oil,ITM05539,KG,raw,5,0
Salt,ITM05540,KG,raw,5,0
Salt,ITM05541,KG,raw,0,0
Flour,ITM05542,KG,raw,0,0
Salt,ITM05543,KG,raw,5,0
Wheat,ITM05544,KG,raw,5,0
Flour,ITM05545,KG,raw,5,0
Sugar,ITM05546,KG,raw,5,0
Sugar,ITM05547,KG,raw,5,0
Oil,ITM05548,KG,raw,5,0
Oil,ITM05549,KG,raw,5,0
Sugar,ITM05550,KG,raw,5,0
Rice,ITM05551,KG,raw,5,0
Sugar,ITM05552,KG,raw,0,0
Sugar,ITM05553,KG,raw,5,0
Salt,ITM05554,KG,raw,5,0
Rice,ITM05555,KG,raw,0,0
Oil,ITM05556,KG,raw,5,0
Salt,ITM05557,KG,raw,5,0
Wheat,ITM05558,KG,raw,5,0
Flour,ITM05559,KG,raw,5,0
Wheat,ITM05560,KG,raw,5,0
Oil,ITM05561,KG,raw,0,0
Oil,ITM05562,KG,raw,0,0
Flour,ITM05563,KG,raw,5,0
Sugar,ITM05564,KG,raw,5,0
Salt,ITM05565,KG,raw,5,0
Wheat,ITM05566,KG,raw,5,0
Oil,ITM05567,KG,raw,0,0
Rice,ITM05568,KG,raw,5,0
Salt,ITM05569,KG,raw,0,0
Rice,ITM05570,KG,raw,0,0
Sugar,ITM05571,KG,raw,5,0
Rice,ITM05572,KG,raw,0,0
Rice,ITM05573,KG,raw,5,0
Flour,ITM05574,KG,raw,0,0
Sugar,ITM05575,KG,raw,0,0
Rice,ITM05576,KG,raw,5,0
Flour,ITM05577,KG,raw,5,0
Wheat,ITM05578,KG,raw,0,0
Oil,ITM05579,KG,raw,5,0
Salt,ITM05580,KG,raw,0,0
Wheat,ITM05581,KG,raw,0,0
Rice,ITM05582,KG,raw,0,0
Salt,ITM05583,KG,raw,5,0
Wheat,ITM05584,KG,raw,0,0
Wheat,ITM05585,KG,raw,0,0
Wheat,ITM05586,KG,raw,5,0
Salt,ITM05587,KG,raw,0,0
Oil,ITM05588,KG,raw,0,0
Rice,ITM05589,KG,raw,5,0
Oil,ITM05590,KG,raw,0,0
Sugar,ITM05591,KG,raw,0,0
Sugar,ITM05592,KG,raw,0,0
Flour,ITM05593,KG,raw,5,0
Wheat,ITM05594,KG,raw,0,0
Salt,ITM05595,KG,raw,5,0
Rice,ITM05596,KG,raw,0,0
Flour,ITM05597,KG,raw,0,0
Salt,ITM05598,KG,raw,5,0
Flour,ITM05599,KG,raw,5,0
Oil,ITM05600,KG,raw,0,0
Salt,ITM05601,KG,raw,0,0
Wheat,ITM05602,KG,raw,5,0
Sugar,ITM05603,KG,raw,5,0
Flour,ITM05604,KG,raw,0,0
Wheat,ITM05605,KG,raw,0,0
Wheat,ITM05606,KG,raw,5,0
Salt,ITM05607,KG,raw,5,0
Sugar,ITM05608,KG,raw,5,0
Sugar,ITM05609,KG,raw,5,0
Wheat,ITM05610,KG,raw,0,0
Oil,ITM05611,KG,raw,0,0
Salt,ITM05612,KG,raw,5,0
Rice,ITM05613,KG,raw,5,0
Salt,ITM05614,KG,raw,5,0
Sugar,ITM05615,KG,raw,0,0
Sugar,ITM05616,KG,raw,0,0
Flour,ITM05617,KG,raw,0,0
Flour,ITM05618,KG,raw,5,0
Sugar,ITM05619,KG,raw,5,0
Rice,ITM05620,KG,raw,0,0
Flour,ITM05621,KG,raw,5,0
Rice,ITM05622,KG,raw,0,0
Wheat,ITM05623,KG,raw,5,0
Oil,ITM05624,KG,raw,5,0
Rice,ITM05625,KG,raw,0,0
Flour,ITM05626,KG,raw,5,0
Rice,ITM05627,KG,raw,5,0
Sugar,ITM05628,KG,raw,0,0
Salt,ITM05629,KG,raw,0,0
Salt,ITM05630,KG,raw,5,0
Sugar,ITM05631,KG,raw,0,0
Flour,ITM05632,KG,raw,0,0
Wheat,ITM05633,KG,raw,5,0
Salt,ITM05634,KG,raw,0,0
Sugar,ITM05635,KG,raw,0,0
Salt,ITM05636,KG,raw,5,0
Sugar,ITM05637,KG,raw,5,0
Flour,ITM05638,KG,raw,5,0
Flour,ITM05639,KG,raw,5,0
Flour,ITM05640,KG,raw,5,0
Flour,ITM05641,KG,raw,5,0
Flour,ITM05642,KG,raw,0,0
Wheat,ITM05643,KG,raw,5,0
Salt,ITM05644,KG,raw,0,0
Rice,ITM05645,KG,raw,5,0
Flour,ITM05646,KG,raw,0,0
Oil,ITM05647,KG,raw,0,0
Oil,ITM05648,KG,raw,5,0
Salt,ITM05649,KG,raw,5,0
Rice,ITM05650,KG,raw,0,0
Wheat,ITM05651,KG,raw,5,0
Sugar,ITM05652,KG,raw,5,0
Wheat,ITM05653,KG,raw,5,0
Flour,ITM05654,KG,raw,5,0
Oil,ITM05655,KG,raw,5,0
Oil,ITM05656,KG,raw,5,0
Wheat,ITM05657,KG,raw,0,0
Oil,ITM05658,KG,raw,5,0
Flour,ITM05659,KG,raw,0,0
Salt,ITM05660,KG,raw,5,0
Oil,ITM05661,KG,raw,0,0
Oil,ITM05662,KG,raw,5,0
Salt,ITM05663,KG,raw,5,0
Salt,ITM05664,KG,raw,5,0
Wheat,ITM05665,KG,raw,0,0
Wheat,ITM05666,KG,raw,5,0
Sugar,ITM05667,KG,raw,0,0
Flour,ITM05668,KG,raw,5,0
Oil,ITM05669,KG,raw,5,0
Salt,ITM05670,KG,raw,0,0
Oil,ITM05671,KG,raw,5,0
Oil,ITM05672,KG,raw,0,0
Wheat,ITM05673,KG,raw,0,0
Flour,ITM05674,KG,raw,5,0
Wheat,ITM05675,KG,raw,5,0
Flour,ITM05676,KG,raw,0,0
Flour,ITM05677,KG,raw,5,0
Wheat,ITM05678,KG,raw,0,0
Flour,ITM05679,KG,raw,0,0
Rice,ITM05680,KG,raw,0,0
Flour,ITM05681,KG,raw,5,0
Wheat,ITM05682,KG,raw,5,0
Oil,ITM05683,KG,raw,0,0
Rice,ITM05684,KG,raw,0,0
Oil,ITM05685,KG,raw,5,0
Rice,ITM05686,KG,raw,5,0
Sugar,ITM05687,KG,raw,0,0
Rice,ITM05688,KG,raw,0,0
Wheat,ITM05689,KG,raw,5,0
Rice,ITM05690,KG,raw,5,0
Flour,ITM05691,KG,raw,5,0
Sugar,ITM05692,KG,raw,0,0
Wheat,ITM05693,KG,raw,5,0
Salt,ITM05694,KG,raw,5,0
Rice,ITM05695,KG,raw,5,0
Sugar,ITM05696,KG,raw,0,0
Salt,ITM05697,KG,raw,5,0
Rice,ITM05698,KG,raw,0,0
Wheat,ITM05699,KG,raw,0,0
Flour,ITM05700,KG,raw,5,0
Salt,ITM05701,KG,raw,0,0
Sugar,ITM05702,KG,raw,5,0
Oil,ITM05703,KG,raw,0,0
Oil,ITM05704,KG,raw,0,0
Flour,ITM05705,KG,raw,0,0
Wheat,ITM05706,KG,raw,0,0
Wheat,ITM05707,KG,raw,0,0
Sugar,ITM05708,KG,raw,5,0
Sugar,ITM05709,KG,raw,0,0
Wheat,ITM05710,KG,raw,5,0
Wheat,ITM05711,KG,raw,5,0
Sugar,ITM05712,KG,raw,5,0
Rice,ITM05713,KG,raw,0,0
Rice,ITM05714,KG,raw,0,0
Flour,ITM05715,KG,raw,5,0
Wheat,ITM05716,KG,raw,5,0
Flour,ITM05717,KG,raw,5,0
Oil,ITM05718,KG,raw,5,0
Wheat,ITM05719,KG,raw,0,0
Sugar,ITM05720,KG,raw,0,0
Oil,ITM05721,KG,raw,0,0
Oil,ITM05722,KG,raw,0,0
Flour,ITM05723,KG,raw,0,0
Oil,ITM05724,KG,raw,5,0
Wheat,ITM05725,KG,raw,0,0
Salt,ITM05726,KG,raw,5,0
Oil,ITM05727,KG,raw,5,0
Flour,ITM05728,KG,raw,0,0
Flour,ITM05729,KG,raw,5,0
Rice,ITM05730,KG,raw,5,0
Oil,ITM05731,KG,raw,0,0
Flour,ITM05732,KG,raw,5,0
Sugar,ITM05733,KG,raw,0,0
Wheat,ITM05734,KG,raw,5,0
Rice,ITM05735,KG,raw,0,0
Oil,ITM05736,KG,raw,5,0
Wheat,ITM05737,KG,raw,0,0
Wheat,ITM05738,KG,raw,0,0
Oil,ITM05739,KG,raw,5,0
Oil,ITM05740,KG,raw,5,0
Wheat,ITM05741,KG,raw,0,0
Oil,ITM05742,KG,raw,0,0
Sugar,ITM05743,KG,raw,0,0
Sugar,ITM05744,KG,raw,5,0
Salt,ITM05745,KG,raw,5,0
Sugar,ITM05746,KG,raw,5,0
Salt,ITM05747,KG,raw,5,0
Salt,ITM05748,KG,raw,0,0
Rice,ITM05749,KG,raw,5,0
Salt,ITM05750,KG,raw,0,0
Sugar,ITM05751,KG,raw,0,0
Salt,ITM05752,KG,raw,5,0
Rice,ITM05753,KG,raw,0,0
Sugar,ITM05754,KG,raw,5,0
Oil,ITM05755,KG,raw,0,0
Wheat,ITM05756,KG,raw,5,0
Rice,ITM05757,KG,raw,0,0
Salt,ITM05758,KG,raw,0,0
Sugar,ITM05759,KG,raw,5,0
Rice,ITM05760,KG,raw,5,0
Rice,ITM05761,KG,raw,0,0
Sugar,ITM05762,KG,raw,0,0
Salt,ITM05763,KG,raw,0,0
Oil,ITM05764,KG,raw,0,0
Sugar,ITM05765,KG,raw,5,0
Sugar,ITM05766,KG,raw,0,0
Salt,ITM05767,KG,raw,5,0
Rice,ITM05768,KG,raw,0,0
Flour,ITM05769,KG,raw,0,0
Oil,ITM05770,KG,raw,5,0
Flour,ITM05771,KG,raw,5,0
Oil,ITM05772,KG,raw,5,0
Rice,ITM05773,KG,raw,5,0
Salt,ITM05774,KG,raw,0,0
Sugar,ITM05775,KG,raw,5,0
Salt,ITM05776,KG,raw,0,0
Salt,ITM05777,KG,raw,0,0
Flour,ITM05778,KG,raw,0,0
Sugar,ITM05779,KG,raw,0,0
Salt,ITM05780,KG,raw,5,0
Flour,ITM05781,KG,raw,0,0
Sugar,ITM05782,KG,raw,0,0
Sugar,ITM05783,KG,raw,5,0
Wheat,ITM05784,KG,raw,5,0
Wheat,ITM05785,KG,raw,5,0
Oil,ITM05786,KG,raw,5,0
Oil,ITM05787,KG,raw,0,0
Sugar,ITM05788,KG,raw,0,0
Flour,ITM05789,KG,raw,0,0
Wheat,ITM05790,KG,raw,5,0
Salt,ITM05791,KG,raw,0,0
Oil,ITM05792,KG,raw,0,0
Wheat,ITM05793,KG,raw,5,0
Wheat,ITM05794,KG,raw,0,0
Sugar,ITM05795,KG,raw,5,0
Rice,ITM05796,KG,raw,0,0
Oil,ITM05797,KG,raw,0,0
Flour,ITM05798,KG,raw,5,0
Rice,ITM05799,KG,raw,5,0
Sugar,ITM05800,KG,raw,5,0
Sugar,ITM05801,KG,raw,0,0
Wheat,ITM05802,KG,raw,0,0
Wheat,ITM05803,KG,raw,0,0
Flour,ITM05804,KG,raw,0,0
Rice,ITM05805,KG,raw,5,0
Wheat,ITM05806,KG,raw,5,0
Sugar,ITM05807,KG,raw,5,0
Rice,ITM05808,KG,raw,5,0
Sugar,ITM05809,KG,raw,0,0
Sugar,ITM05810,KG,raw,0,0
Flour,ITM05811,KG,raw,5,0
Sugar,ITM05812,KG,raw,5,0
Sugar,ITM05813,KG,raw,5,0
Rice,ITM05814,KG,raw,5,0
Sugar,ITM05815,KG,raw,5,0
Wheat,ITM05816,KG,raw,0,0
Flour,ITM05817,KG,raw,0,0
Oil,ITM05818,KG,raw,5,0
Sugar,ITM05819,KG,raw,5,0
Flour,ITM05820,KG,raw,0,0
Salt,ITM05821,KG,raw,0,0
Oil,ITM05822,KG,raw,0,0
Rice,ITM05823,KG,raw,5,0
Oil,ITM05824,KG,raw,0,0
Rice,ITM05825,KG,raw,0,0
Wheat,ITM05826,KG,raw,0,0
Sugar,ITM05827,KG,raw,0,0
Oil,ITM05828,KG,raw,5,0
Rice,ITM05829,KG,raw,0,0
Oil,ITM05830,KG,raw,0,0
Rice,ITM05831,KG,raw,5,0
Rice,ITM05832,KG,raw,5,0
Flour,ITM05833,KG,raw,0,0
Sugar,ITM05834,KG,raw,0,0
Wheat,ITM05835,KG,raw,5,0
Wheat,ITM05836,KG,raw,0,0
Salt,ITM05837,KG,raw,5,0
Sugar,ITM05838,KG,raw,0,0
Oil,ITM05839,KG,raw,0,0
Salt,ITM05840,KG,raw,5,0
Flour,ITM05841,KG,raw,0,0
Oil,ITM05842,KG,raw,0,0
Flour,ITM05843,KG,raw,5,0
Sugar,ITM05844,KG,raw,0,0
Flour,ITM05845,KG,raw,5,0
Sugar,ITM05846,KG,raw,0,0
Wheat,ITM05847,KG,raw,0,0
Rice,ITM05848,KG,raw,5,0
Salt,ITM05849,KG,raw,0,0
Wheat,ITM05850,KG,raw,5,0
Wheat,ITM05851,KG,raw,0,0
Flour,ITM05852,KG,raw,0,0
Salt,ITM05853,KG,raw,5,0
Rice,ITM05854,KG,raw,0,0
Salt,ITM05855,KG,raw,5,0
Wheat,ITM05856,KG,raw,0,0
Sugar,ITM05857,KG,raw,0,0
Rice,ITM05858,KG,raw,5,0
Oil,ITM05859,KG,raw,0,0
Flour,ITM05860,KG,raw,5,0
Rice,ITM05861,KG,raw,5,0
Sugar,ITM05862,KG,raw,0,0
Sugar,ITM05863,KG,raw,5,0
Salt,ITM05864,KG,raw,5,0
Sugar,ITM05865,KG,raw,5,0
Wheat,ITM05866,KG,raw,5,0
Oil,ITM05867,KG,raw,5,0
Sugar,ITM05868,KG,raw,0,0
Flour,ITM05869,KG,raw,0,0
Oil,ITM05870,KG,raw,0,0
Flour,ITM05871,KG,raw,5,0
Sugar,ITM05872,KG,raw,5,0
Flour,ITM05873,KG,raw,5,0
Salt,ITM05874,KG,raw,5,0
Salt,ITM05875,KG,raw,5,0
Wheat,ITM05876,KG,raw,5,0
Salt,ITM05877,KG,raw,0,0
Rice,ITM05878,KG,raw,5,0
Salt,ITM05879,KG,raw,5,0
Rice,ITM05880,KG,raw,5,0
Rice,ITM05881,KG,raw,0,0
Rice,ITM05882,KG,raw,0,0
Wheat,ITM05883,KG,raw,5,0
Wheat,ITM05884,KG,raw,0,0
Wheat,ITM05885,KG,raw,5,0
Oil,ITM05886,KG,raw,5,0
Sugar,ITM05887,KG,raw,5,0
Oil,ITM05888,KG,raw,0,0
Flour,ITM05889,KG,raw,0,0
Flour,ITM05890,KG,raw,5,0
Salt,ITM05891,KG,raw,0,0
Oil,ITM05892,KG,raw,5,0
Rice,ITM05893,KG,raw,0,0
Flour,ITM05894,KG,raw,5,0
Rice,ITM05895,KG,raw,0,0
Sugar,ITM05896,KG,raw,0,0
Rice,ITM05897,KG,raw,0,0
Salt,ITM05898,KG,raw,0,0
Flour,ITM05899,KG,raw,5,0
Flour,ITM05900,KG,raw,0,0
Rice,ITM05901,KG,raw,0,0
Wheat,ITM05902,KG,raw,0,0
Oil,ITM05903,KG,raw,5,0
Rice,ITM05904,KG,raw,5,0
Salt,ITM05905,KG,raw,0,0
Sugar,ITM05906,KG,raw,0,0
Oil,ITM05907,KG,raw,0,0
Flour,ITM05908,KG,raw,5,0
Sugar,ITM05909,KG,raw,5,0
Salt,ITM05910,KG,raw,5,0
Flour,ITM05911,KG,raw,0,0
Oil,ITM05912,KG,raw,5,0
Salt,ITM05913,KG,raw,5,0
Sugar,ITM05914,KG,raw,0,0
Flour,ITM05915,KG,raw,0,0
Salt,ITM05916,KG,raw,0,0
Rice,ITM05917,KG,raw,5,0
Salt,ITM05918,KG,raw,5,0
Oil,ITM05919,KG,raw,5,0
Rice,ITM05920,KG,raw,0,0
Flour,ITM05921,KG,raw,5,0
Oil,ITM05922,KG,raw,0,0
Salt,ITM05923,KG,raw,5,0
Sugar,ITM05924,KG,raw,0,0
Sugar,ITM05925,KG,raw,5,0
Salt,ITM05926,KG,raw,0,0
Oil,ITM05927,KG,raw,0,0
Rice,ITM05928,KG,raw,0,0
Sugar,ITM05929,KG,raw,5,0
Sugar,ITM05930,KG,raw,0,0
Oil,ITM05931,KG,raw,0,0
Wheat,ITM05932,KG,raw,5,0
Salt,ITM05933,KG,raw,0,0
Sugar,ITM05934,KG,raw,5,0
Wheat,ITM05935,KG,raw,5,0
Wheat,ITM05936,KG,raw,0,0
Salt,ITM05937,KG,raw,0,0
Oil,ITM05938,KG,raw,5,0
Wheat,ITM05939,KG,raw,0,0
Flour,ITM05940,KG,raw,5,0
Rice,ITM05941,KG,raw,0,0
Salt,ITM05942,KG,raw,0,0
Flour,ITM05943,KG,raw,5,0
Oil,ITM05944,KG,raw,0,0
Oil,ITM05945,KG,raw,5,0
Sugar,ITM05946,KG,raw,5,0
Flour,ITM05947,KG,raw,0,0
Salt,ITM05948,KG,raw,0,0
Oil,ITM05949,KG,raw,5,0
Sugar,ITM05950,KG,raw,0,0
Salt,ITM05951,KG,raw,0,0
Flour,ITM05952,KG,raw,5,0
Flour,ITM05953,KG,raw,5,0
Flour,ITM05954,KG,raw,5,0
Sugar,ITM05955,KG,raw,0,0
Rice,ITM05956,KG,raw,0,0
Sugar,ITM05957,KG,raw,5,0
Rice,ITM05958,KG,raw,0,0
Flour,ITM05959,KG,raw,0,0
Flour,ITM05960,KG,raw,5,0
Flour,ITM05961,KG,raw,5,0
Wheat,ITM05962,KG,raw,0,0
Salt,ITM05963,KG,raw,0,0
Salt,ITM05964,KG,raw,5,0
Salt,ITM05965,KG,raw,5,0
Oil,ITM05966,KG,raw,0,0
Salt,ITM05967,KG,raw,5,0
Flour,ITM05968,KG,raw,5,0
Rice,ITM05969,KG,raw,0,0
Sugar,ITM05970,KG,raw,0,0
Flour,ITM05971,KG,raw,0,0
Sugar,ITM05972,KG,raw,5,0
Salt,ITM05973,KG,raw,0,0
Oil,ITM05974,KG,raw,0,0
Rice,ITM05975,KG,raw,0,0
Salt,ITM05976,KG,raw,0,0
Wheat,ITM05977,KG,raw,5,0
Salt,ITM05978,KG,raw,0,0
Rice,ITM05979,KG,raw,0,0
Wheat,ITM05980,KG,raw,0,0
Salt,ITM05981,KG,raw,5,0
Salt,ITM05982,KG,raw,0,0
Flour,ITM05983,KG,raw,0,0
Sugar,ITM05984,KG,raw,5,0
Flour,ITM05985,KG,raw,5,0
Rice,ITM05986,KG,raw,5,0
Salt,ITM05987,KG,raw,5,0
Rice,ITM05988,KG,raw,0,0
Rice,ITM05989,KG,raw,0,0
Rice,ITM05990,KG,raw,0,0
Rice,ITM05991,KG,raw,0,0
Flour,ITM05992,KG,raw,5,0
Oil,ITM05993,KG,raw,5,0
Oil,ITM05994,KG,raw,0,0
Wheat,ITM05995,KG,raw,0,0
Sugar,ITM05996,KG,raw,0,0
Flour,ITM05997,KG,raw,0,0
Rice,ITM05998,KG,raw,0,0
Salt,ITM05999,KG,raw,5,0
Sugar,ITM06000,KG,raw,5,0
Oil,ITM06001,KG,raw,5,0
Wheat,ITM06002,KG,raw,0,0
Sugar,ITM06003,KG,raw,0,0
Rice,ITM06004,KG,raw,0,0
Flour,ITM06005,KG,raw,0,0
Sugar,ITM06006,KG,raw,5,0
Salt,ITM06007,KG,raw,0,0
Sugar,ITM06008,KG,raw,5,0
Oil,ITM06009,KG,raw,0,0
Rice,ITM06010,KG,raw,0,0
Wheat,ITM06011,KG,raw,5,0
Oil,ITM06012,KG,raw,0,0
Salt,ITM06013,KG,raw,5,0
Sugar,ITM06014,KG,raw,0,0
Wheat,ITM06015,KG,raw,0,0
Salt,ITM06016,KG,raw,0,0
Oil,ITM06017,KG,raw,5,0
Salt,ITM06018,KG,raw,0,0
Sugar,ITM06019,KG,raw,0,0
Sugar,ITM06020,KG,raw,0,0
Sugar,ITM06021,KG,raw,0,0
Oil,ITM06022,KG,raw,0,0
Rice,ITM06023,KG,raw,5,0
Salt,ITM06024,KG,raw,0,0
Sugar,ITM06025,KG,raw,5,0
Salt,ITM06026,KG,raw,5,0
Oil,ITM06027,KG,raw,0,0
Wheat,ITM06028,KG,raw,0,0
Wheat,ITM06029,KG,raw,5,0
Oil,ITM06030,KG,raw,5,0
Salt,ITM06031,KG,raw,0,0
Rice,ITM06032,KG,raw,0,0
Sugar,ITM06033,KG,raw,0,0
Oil,ITM06034,KG,raw,0,0
Salt,ITM06035,KG,raw,5,0
Salt,ITM06036,KG,raw,0,0
Flour,ITM06037,KG,raw,0,0
Salt,ITM06038,KG,raw,0,0
Salt,ITM06039,KG,raw,0,0
Rice,ITM06040,KG,raw,0,0
Wheat,ITM06041,KG,raw,5,0
Sugar,ITM06042,KG,raw,0,0
Salt,ITM06043,KG,raw,5,0
Salt,ITM06044,KG,raw,0,0
Oil,ITM06045,KG,raw,5,0
Sugar,ITM06046,KG,raw,0,0
Rice,ITM06047,KG,raw,0,0
Rice,ITM06048,KG,raw,0,0
Rice,ITM06049,KG,raw,0,0
Rice,ITM06050,KG,raw,0,0
Rice,ITM06051,KG,raw,5,0
Oil,ITM06052,KG,raw,5,0
Flour,ITM06053,KG,raw,5,0
Salt,ITM06054,KG,raw,5,0
Flour,ITM06055,KG,raw,5,0
Flour,ITM06056,KG,raw,0,0
Wheat,ITM06057,KG,raw,5,0
Salt,ITM06058,KG,raw,5,0
Sugar,ITM06059,KG,raw,5,0
Wheat,ITM06060,KG,raw,5,0
Flour,ITM06061,KG,raw,0,0
Wheat,ITM06062,KG,raw,5,0
Sugar,ITM06063,KG,raw,5,0
Salt,ITM06064,KG,raw,5,0
Wheat,ITM06065,KG,raw,0,0
Salt,ITM06066,KG,raw,0,0
Rice,ITM06067,KG,raw,5,0
Oil,ITM06068,KG,raw,0,0
Salt,ITM06069,KG,raw,0,0
Salt,ITM06070,KG,raw,0,0
Sugar,ITM06071,KG,raw,0,0
Oil,ITM06072,KG,raw,0,0
Oil,ITM06073,KG,raw,5,0
Oil,ITM06074,KG,raw,5,0
Rice,ITM06075,KG,raw,5,0
Flour,ITM06076,KG,raw,5,0
Rice,ITM06077,KG,raw,0,0
Flour,ITM06078,KG,raw,0,0
Oil,ITM06079,KG,raw,5,0
Salt,ITM06080,KG,raw,0,0
Oil,ITM06081,KG,raw,0,0
Sugar,ITM06082,KG,raw,5,0
Salt,ITM06083,KG,raw,5,0
Oil,ITM06084,KG,raw,5,0
Wheat,ITM06085,KG,raw,5,0
Rice,ITM06086,KG,raw,0,0
Wheat,ITM06087,KG,raw,5,0
Oil,ITM06088,KG,raw,5,0
Rice,ITM06089,KG,raw,5,0
Salt,ITM06090,KG,raw,0,0
Flour,ITM06091,KG,raw,5,0
Flour,ITM06092,KG,raw,0,0
Salt,ITM06093,KG,raw,5,0
Salt,ITM06094,KG,raw,0,0
Oil,ITM06095,KG,raw,0,0
Flour,ITM06096,KG,raw,5,0
Salt,ITM06097,KG,raw,0,0
Sugar,ITM06098,KG,raw,0,0
Salt,ITM06099,KG,raw,0,0
Sugar,ITM06100,KG,raw,0,0
Oil,ITM06101,KG,raw,5,0
Wheat,ITM06102,KG,raw,0,0
Oil,ITM06103,KG,raw,0,0
Wheat,ITM06104,KG,raw,0,0
Wheat,ITM06105,KG,raw,0,0
Rice,ITM06106,KG,raw,0,0
Salt,ITM06107,KG,raw,5,0
Wheat,ITM06108,KG,raw,0,0
Flour,ITM06109,KG,raw,5,0
Flour,ITM06110,KG,raw,0,0
Rice,ITM06111,KG,raw,0,0
Sugar,ITM06112,KG,raw,5,0
Wheat,ITM06113,KG,raw,0,0
Wheat,ITM06114,KG,raw,5,0
Salt,ITM06115,KG,raw,0,0
Salt,ITM06116,KG,raw,0,0
Flour,ITM06117,KG,raw,5,0
Rice,ITM06118,KG,raw,5,0
Flour,ITM06119,KG,raw,0,0
Salt,ITM06120,KG,raw,0,0
Flour,ITM06121,KG,raw,0,0
Rice,ITM06122,KG,raw,5,0
Salt,ITM06123,KG,raw,0,0
Oil,ITM06124,KG,raw,0,0
Sugar,ITM06125,KG,raw,5,0
Oil,ITM06126,KG,raw,5,0
Sugar,ITM06127,KG,raw,5,0
Flour,ITM06128,KG,raw,5,0
Wheat,ITM06129,KG,raw,5,0
Oil,ITM06130,KG,raw,5,0
Sugar,ITM06131,KG,raw,0,0
Oil,ITM06132,KG,raw,0,0
Sugar,ITM06133,KG,raw,0,0
Oil,ITM06134,KG,raw,0,0
Oil,ITM06135,KG,raw,5,0
Wheat,ITM06136,KG,raw,0,0
Salt,ITM06137,KG,raw,0,0
Rice,ITM06138,KG,raw,5,0
Flour,ITM06139,KG,raw,5,0
Rice,ITM06140,KG,raw,5,0
Wheat,ITM06141,KG,raw,0,0
Wheat,ITM06142,KG,raw,5,0
Salt,ITM06143,KG,raw,5,0
Wheat,ITM06144,KG,raw,5,0
Oil,ITM06145,KG,raw,0,0
Wheat,ITM06146,KG,raw,5,0
Rice,ITM06147,KG,raw,5,0
Oil,ITM06148,KG,raw,5,0
Flour,ITM06149,KG,raw,5,0
Salt,ITM06150,KG,raw,0,0
Wheat,ITM06151,KG,raw,0,0
Sugar,ITM06152,KG,raw,5,0
Oil,ITM06153,KG,raw,5,0
Rice,ITM06154,KG,raw,0,0
Rice,ITM06155,KG,raw,0,0
Oil,ITM06156,KG,raw,0,0
Wheat,ITM06157,KG,raw,5,0
Salt,ITM06158,KG,raw,5,0
Flour,ITM06159,KG,raw,0,0
Rice,ITM06160,KG,raw,0,0
Rice,ITM06161,KG,raw,0,0
Sugar,ITM06162,KG,raw,0,0
Salt,ITM06163,KG,raw,0,0
Sugar,ITM06164,KG,raw,0,0
Flour,ITM06165,KG,raw,5,0
Flour,ITM06166,KG,raw,5,0
Rice,ITM06167,KG,raw,0,0
Oil,ITM06168,KG,raw,5,0
Wheat,ITM06169,KG,raw,5,0
Oil,ITM06170,KG,raw,0,0
Sugar,ITM06171,KG,raw,0,0
Flour,ITM06172,KG,raw,5,0
Wheat,ITM06173,KG,raw,5,0
Flour,ITM06174,KG,raw,0,0
Sugar,ITM06175,KG,raw,0,0
Salt,ITM06176,KG,raw,5,0
Rice,ITM06177,KG,raw,0,0
Salt,ITM06178,KG,raw,0,0
Salt,ITM06179,KG,raw,5,0
Rice,ITM06180,KG,raw,0,0
Salt,ITM06181,KG,raw,0,0
Salt,ITM06182,KG,raw,5,0
Sugar,ITM06183,KG,raw,0,0
Rice,ITM06184,KG,raw,0,0
Wheat,ITM06185,KG,raw,5,0
Wheat,ITM06186,KG,raw,0,0
Oil,ITM06187,KG,raw,5,0
Sugar,ITM06188,KG,raw,5,0
Flour,ITM06189,KG,raw,5,0
Oil,ITM06190,KG,raw,0,0
Wheat,ITM06191,KG,raw,5,0
Salt,ITM06192,KG,raw,5,0
Rice,ITM06193,KG,raw,5,0
Oil,ITM06194,KG,raw,5,0
Rice,ITM06195,KG,raw,0,0
Rice,ITM06196,KG,raw,0,0
Wheat,ITM06197,KG,raw,5,0
Sugar,ITM06198,KG,raw,5,0
Wheat,ITM06199,KG,raw,5,0
Salt,ITM06200,KG,raw,0,0
Wheat,ITM06201,KG,raw,0,0
Rice,ITM06202,KG,raw,5,0
Sugar,ITM06203,KG,raw,5,0
Oil,ITM06204,KG,raw,5,0
Salt,ITM06205,KG,raw,5,0
Salt,ITM06206,KG,raw,5,0
Rice,ITM06207,KG,raw,0,0
Flour,ITM06208,KG,raw,0,0
Sugar,ITM06209,KG,raw,5,0
Wheat,ITM06210,KG,raw,5,0
Sugar,ITM06211,KG,raw,5,0
Flour,ITM06212,KG,raw,5,0
Wheat,ITM06213,KG,raw,5,0
Flour,ITM06214,KG,raw,5,0
Rice,ITM06215,KG,raw,5,0
Oil,ITM06216,KG,raw,5,0
Wheat,ITM06217,KG,raw,0,0
Flour,ITM06218,KG,raw,0,0
Wheat,ITM06219,KG,raw,0,0
Sugar,ITM06220,KG,raw,0,0
Sugar,ITM06221,KG,raw,0,0
Salt,ITM06222,KG,raw,0,0
Rice,ITM06223,KG,raw,0,0
Wheat,ITM06224,KG,raw,0,0
Wheat,ITM06225,KG,raw,0,0
Sugar,ITM06226,KG,raw,0,0
Flour,ITM06227,KG,raw,0,0
Wheat,ITM06228,KG,raw,0,0
Rice,ITM06229,KG,raw,0,0
Wheat,ITM06230,KG,raw,0,0
Rice,ITM06231,KG,raw,5,0
Rice,ITM06232,KG,raw,0,0
Oil,ITM06233,KG,raw,0,0
Sugar,ITM06234,KG,raw,0,0
Salt,ITM06235,KG,raw,0,0
Salt,ITM06236,KG,raw,0,0
Rice,ITM06237,KG,raw,0,0
Salt,ITM06238,KG,raw,5,0
Flour,ITM06239,KG,raw,0,0
Rice,ITM06240,KG,raw,5,0
Wheat,ITM06241,KG,raw,0,0
Rice,ITM06242,KG,raw,5,0
Rice,ITM06243,KG,raw,5,0
Flour,ITM06244,KG,raw,0,0
Salt,ITM06245,KG,raw,0,0
Wheat,ITM06246,KG,raw,5,0
Rice,ITM06247,KG,raw,0,0
Sugar,ITM06248,KG,raw,5,0
Flour,ITM06249,KG,raw,5,0
Flour,ITM06250,KG,raw,0,0
Sugar,ITM06251,KG,raw,0,0
Sugar,ITM06252,KG,raw,5,0
Sugar,ITM06253,KG,raw,5,0
Wheat,ITM06254,KG,raw,5,0
Flour,ITM06255,KG,raw,5,0
Flour,ITM06256,KG,raw,0,0
Salt,ITM06257,KG,raw,5,0
Rice,ITM06258,KG,raw,0,0
Salt,ITM06259,KG,raw,0,0
Rice,ITM06260,KG,raw,5,0
Flour,ITM06261,KG,raw,0,0
Wheat,ITM06262,KG,raw,5,0
Wheat,ITM06263,KG,raw,0,0
Salt,ITM06264,KG,raw,5,0
Wheat,ITM06265,KG,raw,5,0
Salt,ITM06266,KG,raw,0,0
Rice,ITM06267,KG,raw,5,0
Oil,ITM06268,KG,raw,5,0
Salt,ITM06269,KG,raw,5,0
Flour,ITM06270,KG,raw,5,0
Salt,ITM06271,KG,raw,0,0
Oil,ITM06272,KG,raw,5,0
Salt,ITM06273,KG,raw,5,0
Wheat,ITM06274,KG,raw,5,0
Rice,ITM06275,KG,raw,0,0
Salt,ITM06276,KG,raw,0,0
Salt,ITM06277,KG,raw,0,0
Wheat,ITM06278,KG,raw,0,0
Flour,ITM06279,KG,raw,0,0
Oil,ITM06280,KG,raw,0,0
Salt,ITM06281,KG,raw,5,0
Rice,ITM06282,KG,raw,0,0
Oil,ITM06283,KG,raw,5,0
Salt,ITM06284,KG,raw,0,0
Sugar,ITM06285,KG,raw,0,0
Sugar,ITM06286,KG,raw,0,0
Salt,ITM06287,KG,raw,0,0
Rice,ITM06288,KG,raw,0,0
Flour,ITM06289,KG,raw,5,0
Oil,ITM06290,KG,raw,5,0
Sugar,ITM06291,KG,raw,5,0
Rice,ITM06292,KG,raw,5,0
Sugar,ITM06293,KG,raw,0,0
Sugar,ITM06294,KG,raw,0,0
Flour,ITM06295,KG,raw,5,0
Rice,ITM06296,KG,raw,5,0
Rice,ITM06297,KG,raw,0,0
Rice,ITM06298,KG,raw,5,0
Wheat,ITM06299,KG,raw,0,0
Salt,ITM06300,KG,raw,0,0
Salt,ITM06301,KG,raw,0,0
Wheat,ITM06302,KG,raw,5,0
Flour,ITM06303,KG,raw,0,0
Oil,ITM06304,KG,raw,5,0
Flour,ITM06305,KG,raw,5,0
Flour,ITM06306,KG,raw,0,0
Sugar,ITM06307,KG,raw,5,0
Salt,ITM06308,KG,raw,5,0
Salt,ITM06309,KG,raw,5,0
Oil,ITM06310,KG,raw,5,0
Wheat,ITM06311,KG,raw,0,0
Wheat,ITM06312,KG,raw,5,0
Salt,ITM06313,KG,raw,0,0
Sugar,ITM06314,KG,raw,0,0
Sugar,ITM06315,KG,raw,0,0
Wheat,ITM06316,KG,raw,5,0
Salt,ITM06317,KG,raw,0,0
Oil,ITM06318,KG,raw,5,0
Flour,ITM06319,KG,raw,5,0
Salt,ITM06320,KG,raw,0,0
Flour,ITM06321,KG,raw,5,0
Oil,ITM06322,KG,raw,5,0
Sugar,ITM06323,KG,raw,5,0
Oil,ITM06324,KG,raw,5,0
Rice,ITM06325,KG,raw,0,0
Salt,ITM06326,KG,raw,0,0
Sugar,ITM06327,KG,raw,5,0
Sugar,ITM06328,KG,raw,0,0
Oil,ITM06329,KG,raw,5,0
Wheat,ITM06330,KG,raw,0,0
Flour,ITM06331,KG,raw,0,0
Rice,ITM06332,KG,raw,5,0
Rice,ITM06333,KG,raw,0,0
Rice,ITM06334,KG,raw,0,0
Oil,ITM06335,KG,raw,0,0
Sugar,ITM06336,KG,raw,5,0
Sugar,ITM06337,KG,raw,5,0
Rice,ITM06338,KG,raw,5,0
Flour,ITM06339,KG,raw,5,0
Rice,ITM06340,KG,raw,5,0
Flour,ITM06341,KG,raw,0,0
Sugar,ITM06342,KG,raw,5,0
Rice,ITM06343,KG,raw,0,0
Salt,ITM06344,KG,raw,0,0
Oil,ITM06345,KG,raw,0,0
Salt,ITM06346,KG,raw,5,0
Wheat,ITM06347,KG,raw,5,0
Sugar,ITM06348,KG,raw,5,0
Wheat,ITM06349,KG,raw,0,0
Wheat,ITM06350,KG,raw,0,0
Salt,ITM06351,KG,raw,5,0
Wheat,ITM06352,KG,raw,0,0
Sugar,ITM06353,KG,raw,5,0
Rice,ITM06354,KG,raw,0,0
Rice,ITM06355,KG,raw,0,0
Sugar,ITM06356,KG,raw,5,0
Sugar,ITM06357,KG,raw,0,0
Flour,ITM06358,KG,raw,0,0
Wheat,ITM06359,KG,raw,5,0
Salt,ITM06360,KG,raw,0,0
Salt,ITM06361,KG,raw,5,0
Wheat,ITM06362,KG,raw,0,0
Oil,ITM06363,KG,raw,5,0
Rice,ITM06364,KG,raw,5,0
Salt,ITM06365,KG,raw,0,0
Flour,ITM06366,KG,raw,5,0
Wheat,ITM06367,KG,raw,0,0
Oil,ITM06368,KG,raw,0,0
Oil,ITM06369,KG,raw,0,0
Rice,ITM06370,KG,raw,5,0
Wheat,ITM06371,KG,raw,5,0
Rice,ITM06372,KG,raw,0,0
Sugar,ITM06373,KG,raw,5,0
Wheat,ITM06374,KG,raw,5,0
Oil,ITM06375,KG,raw,0,0
Wheat,ITM06376,KG,raw,0,0
Oil,ITM06377,KG,raw,5,0
Sugar,ITM06378,KG,raw,5,0
Wheat,ITM06379,KG,raw,0,0
Flour,ITM06380,KG,raw,0,0
Salt,ITM06381,KG,raw,5,0
Salt,ITM06382,KG,raw,0,0
Wheat,ITM06383,KG,raw,0,0
Oil,ITM06384,KG,raw,5,0
Oil,ITM06385,KG,raw,5,0
Rice,ITM06386,KG,raw,0,0
Wheat,ITM06387,KG,raw,5,0
Sugar,ITM06388,KG,raw,5,0
Flour,ITM06389,KG,raw,5,0
Wheat,ITM06390,KG,raw,0,0
Oil,ITM06391,KG,raw,0,0
Rice,ITM06392,KG,raw,5,0
Rice,ITM06393,KG,raw,0,0
Wheat,ITM06394,KG,raw,0,0
Flour,ITM06395,KG,raw,5,0
Salt,ITM06396,KG,raw,0,0
Salt,ITM06397,KG,raw,0,0
Flour,ITM06398,KG,raw,5,0
Sugar,ITM06399,KG,raw,0,0
Rice,ITM06400,KG,raw,0,0
Sugar,ITM06401,KG,raw,5,0
Oil,ITM06402,KG,raw,5,0
Rice,ITM06403,KG,raw,5,0
Rice,ITM06404,KG,raw,5,0
Salt,ITM06405,KG,raw,0,0
Flour,ITM06406,KG,raw,5,0
Wheat,ITM06407,KG,raw,0,0
Sugar,ITM06408,KG,raw,5,0
Sugar,ITM06409,KG,raw,0,0
Oil,ITM06410,KG,raw,5,0
Rice,ITM06411,KG,raw,0,0
Flour,ITM06412,KG,raw,5,0
Sugar,ITM06413,KG,raw,0,0
Salt,ITM06414,KG,raw,5,0
Oil,ITM06415,KG,raw,0,0
Wheat,ITM06416,KG,raw,5,0
Rice,ITM06417,KG,raw,5,0
Wheat,ITM06418,KG,raw,0,0
Rice,ITM06419,KG,raw,0,0
Rice,ITM06420,KG,raw,0,0
Salt,ITM06421,KG,raw,5,0
Wheat,ITM06422,KG,raw,0,0
Rice,ITM06423,KG,raw,0,0
Sugar,ITM06424,KG,raw,0,0
Flour,ITM06425,KG,raw,0,0
Salt,ITM06426,KG,raw,0,0
Salt,ITM06427,KG,raw,0,0
Salt,ITM06428,KG,raw,0,0
Oil,ITM06429,KG,raw,0,0
Wheat,ITM06430,KG,raw,0,0
Salt,ITM06431,KG,raw,5,0
Flour,ITM06432,KG,raw,5,0
Wheat,ITM06433,KG,raw,0,0
Salt,ITM06434,KG,raw,5,0
Sugar,ITM06435,KG,raw,0,0
Wheat,ITM06436,KG,raw,5,0
Sugar,ITM06437,KG,raw,0,0
Sugar,ITM06438,KG,raw,5,0
Sugar,ITM06439,KG,raw,0,0
Salt,ITM06440,KG,raw,5,0
Rice,ITM06441,KG,raw,5,0
Sugar,ITM06442,KG,raw,0,0
Oil,ITM06443,KG,raw,5,0
Salt,ITM06444,KG,raw,0,0
Rice,ITM06445,KG,raw,0,0
Oil,ITM06446,KG,raw,5,0
Sugar,ITM06447,KG,raw,5,0
Wheat,ITM06448,KG,raw,5,0
Rice,ITM06449,KG,raw,0,0
Salt,ITM06450,KG,raw,0,0
Oil,ITM06451,KG,raw,5,0
Oil,ITM06452,KG,raw,0,0
Rice,ITM06453,KG,raw,0,0
Oil,ITM06454,KG,raw,5,0
Oil,ITM06455,KG,raw,0,0
Salt,ITM06456,KG,raw,0,0
Wheat,ITM06457,KG,raw,5,0
Rice,ITM06458,KG,raw,5,0
Salt,ITM06459,KG,raw,0,0
Wheat,ITM06460,KG,raw,5,0
Oil,ITM06461,KG,raw,5,0
Sugar,ITM06462,KG,raw,0,0
Wheat,ITM06463,KG,raw,0,0
Sugar,ITM06464,KG,raw,5,0
Oil,ITM06465,KG,raw,0,0
Rice,ITM06466,KG,raw,5,0
Flour,ITM06467,KG,raw,5,0
Sugar,ITM06468,KG,raw,0,0
Rice,ITM06469,KG,raw,0,0
Rice,ITM06470,KG,raw,5,0
Flour,ITM06471,KG,raw,5,0
Salt,ITM06472,KG,raw,5,0
Flour,ITM06473,KG,raw,5,0
Flour,ITM06474,KG,raw,5,0
Salt,ITM06475,KG,raw,0,0
Sugar,ITM06476,KG,raw,0,0
Sugar,ITM06477,KG,raw,5,0
Wheat,ITM06478,KG,raw,5,0
Sugar,ITM06479,KG,raw,5,0
Flour,ITM06480,KG,raw,0,0
Oil,ITM06481,KG,raw,0,0
Rice,ITM06482,KG,raw,5,0
Oil,ITM06483,KG,raw,0,0
Sugar,ITM06484,KG,raw,5,0
Rice,ITM06485,KG,raw,5,0
Rice,ITM06486,KG,raw,5,0
Oil,ITM06487,KG,raw,0,0
Salt,ITM06488,KG,raw,5,0
Sugar,ITM06489,KG,raw,0,0
Flour,ITM06490,KG,raw,5,0
Flour,ITM06491,KG,raw,0,0
Rice,ITM06492,KG,raw,5,0
Salt,ITM06493,KG,raw,5,0
Salt,ITM06494,KG,raw,0,0
Salt,ITM06495,KG,raw,0,0
Rice,ITM06496,KG,raw,5,0
Flour,ITM06497,KG,raw,0,0
Rice,ITM06498,KG,raw,5,0
Rice,ITM06499,KG,raw,5,0
Oil,ITM06500,KG,raw,5,0
Sugar,ITM06501,KG,raw,5,0
Flour,ITM06502,KG,raw,0,0
Sugar,ITM06503,KG,raw,0,0
Sugar,ITM06504,KG,raw,0,0
Sugar,ITM06505,KG,raw,5,0
Flour,ITM06506,KG,raw,0,0
Sugar,ITM06507,KG,raw,5,0
Wheat,ITM06508,KG,raw,5,0
Rice,ITM06509,KG,raw,0,0
Salt,ITM06510,KG,raw,5,0
Oil,ITM06511,KG,raw,5,0
Wheat,ITM06512,KG,raw,5,0
Rice,ITM06513,KG,raw,5,0
Oil,ITM06514,KG,raw,0,0
Wheat,ITM06515,KG,raw,0,0
Salt,ITM06516,KG,raw,0,0
Flour,ITM06517,KG,raw,5,0
Flour,ITM06518,KG,raw,0,0
Rice,ITM06519,KG,raw,0,0
Oil,ITM06520,KG,raw,5,0
Wheat,ITM06521,KG,raw,0,0
Rice,ITM06522,KG,raw,5,0
Salt,ITM06523,KG,raw,0,0
Flour,ITM06524,KG,raw,0,0
Sugar,ITM06525,KG,raw,0,0
Flour,ITM06526,KG,raw,5,0
Flour,ITM06527,KG,raw,0,0
Oil,ITM06528,KG,raw,5,0
Oil,ITM06529,KG,raw,5,0
Sugar,ITM06530,KG,raw,5,0
Oil,ITM06531,KG,raw,5,0
Salt,ITM06532,KG,raw,5,0
Sugar,ITM06533,KG,raw,5,0
Flour,ITM06534,KG,raw,0,0
Flour,ITM06535,KG,raw,0,0
Wheat,ITM06536,KG,raw,0,0
Flour,ITM06537,KG,raw,5,0
Sugar,ITM06538,KG,raw,0,0
Flour,ITM06539,KG,raw,5,0
Sugar,ITM06540,KG,raw,5,0
Salt,ITM06541,KG,raw,0,0
Sugar,ITM06542,KG,raw,0,0
Oil,ITM06543,KG,raw,5,0
Salt,ITM06544,KG,raw,0,0
Sugar,ITM06545,KG,raw,0,0
Flour,ITM06546,KG,raw,5,0
Sugar,ITM06547,KG,raw,5,0
Sugar,ITM06548,KG,raw,0,0
Oil,ITM06549,KG,raw,0,0
Rice,ITM06550,KG,raw,0,0
Sugar,ITM06551,KG,raw,5,0
Oil,ITM06552,KG,raw,5,0
Wheat,ITM06553,KG,raw,0,0
Rice,ITM06554,KG,raw,0,0
Rice,ITM06555,KG,raw,0,0
Salt,ITM06556,KG,raw,0,0
Sugar,ITM06557,KG,raw,0,0
Flour,ITM06558,KG,raw,0,0
Oil,ITM06559,KG,raw,0,0
Sugar,ITM06560,KG,raw,0,0
Salt,ITM06561,KG,raw,0,0
Oil,ITM06562,KG,raw,0,0
Oil,ITM06563,KG,raw,5,0
Flour,ITM06564,KG,raw,0,0
Flour,ITM06565,KG,raw,5,0
Wheat,ITM06566,KG,raw,5,0
Flour,ITM06567,KG,raw,5,0
Salt,ITM06568,KG,raw,5,0
Flour,ITM06569,KG,raw,0,0
Sugar,ITM06570,KG,raw,5,0
Rice,ITM06571,KG,raw,0,0
Oil,ITM06572,KG,raw,5,0
Sugar,ITM06573,KG,raw,5,0
Salt,ITM06574,KG,raw,0,0
Oil,ITM06575,KG,raw,5,0
Oil,ITM06576,KG,raw,5,0
Wheat,ITM06577,KG,raw,5,0
Oil,ITM06578,KG,raw,0,0
Salt,ITM06579,KG,raw,5,0
Flour,ITM06580,KG,raw,0,0
Sugar,ITM06581,KG,raw,0,0
Salt,ITM06582,KG,raw,0,0
Salt,ITM06583,KG,raw,5,0
Rice,ITM06584,KG,raw,5,0
Sugar,ITM06585,KG,raw,5,0
Sugar,ITM06586,KG,raw,5,0
Wheat,ITM06587,KG,raw,5,0
Oil,ITM06588,KG,raw,0,0
Salt,ITM06589,KG,raw,0,0
Oil,ITM06590,KG,raw,5,0
Salt,ITM06591,KG,raw,0,0
Salt,ITM06592,KG,raw,0,0
Sugar,ITM06593,KG,raw,5,0
Sugar,ITM06594,KG,raw,0,0
Oil,ITM06595,KG,raw,0,0
Flour,ITM06596,KG,raw,0,0
Rice,ITM06597,KG,raw,5,0
Wheat,ITM06598,KG,raw,0,0
Rice,ITM06599,KG,raw,0,0
Sugar,ITM06600,KG,raw,5,0
Flour,ITM06601,KG,raw,5,0
Wheat,ITM06602,KG,raw,0,0
Salt,ITM06603,KG,raw,5,0
Rice,ITM06604,KG,raw,0,0
Salt,ITM06605,KG,raw,5,0
Sugar,ITM06606,KG,raw,0,0
Wheat,ITM06607,KG,raw,5,0
Flour,ITM06608,KG,raw,0,0
Flour,ITM06609,KG,raw,0,0
Flour,ITM06610,KG,raw,5,0
Oil,ITM06611,KG,raw,5,0
Sugar,ITM06612,KG,raw,0,0
Flour,ITM06613,KG,raw,5,0
Rice,ITM06614,KG,raw,0,0
Wheat,ITM06615,KG,raw,5,0
Wheat,ITM06616,KG,raw,5,0
Salt,ITM06617,KG,raw,0,0
Salt,ITM06618,KG,raw,5,0
Sugar,ITM06619,KG,raw,5,0
Flour,ITM06620,KG,raw,0,0
Oil,ITM06621,KG,raw,0,0
Oil,ITM06622,KG,raw,5,0
Rice,ITM06623,KG,raw,0,0
Rice,ITM06624,KG,raw,0,0
Wheat,ITM06625,KG,raw,0,0
Rice,ITM06626,KG,raw,0,0
Oil,ITM06627,KG,raw,0,0
Wheat,ITM06628,KG,raw,0,0
Salt,ITM06629,KG,raw,5,0
Flour,ITM06630,KG,raw,5,0
Oil,ITM06631,KG,raw,5,0
Rice,ITM06632,KG,raw,5,0
Oil,ITM06633,KG,raw,0,0
Sugar,ITM06634,KG,raw,0,0
Rice,ITM06635,KG,raw,0,0
Sugar,ITM06636,KG,raw,5,0
Salt,ITM06637,KG,raw,5,0
Salt,ITM06638,KG,raw,5,0
Wheat,ITM06639,KG,raw,5,0
Flour,ITM06640,KG,raw,5,0
Sugar,ITM06641,KG,raw,5,0
Wheat,ITM06642,KG,raw,5,0
Wheat,ITM06643,KG,raw,0,0
Sugar,ITM06644,KG,raw,5,0
Wheat,ITM06645,KG,raw,0,0
Flour,ITM06646,KG,raw,5,0
Sugar,ITM06647,KG,raw,0,0
Flour,ITM06648,KG,raw,5,0
Salt,ITM06649,KG,raw,5,0
Wheat,ITM06650,KG,raw,0,0
Salt,ITM06651,KG,raw,0,0
Sugar,ITM06652,KG,raw,0,0
Oil,ITM06653,KG,raw,0,0
Sugar,ITM06654,KG,raw,5,0
Wheat,ITM06655,KG,raw,5,0
Wheat,ITM06656,KG,raw,0,0
Wheat,ITM06657,KG,raw,0,0
Wheat,ITM06658,KG,raw,5,0
Oil,ITM06659,KG,raw,5,0
Rice,ITM06660,KG,raw,5,0
Oil,ITM06661,KG,raw,5,0
Flour,ITM06662,KG,raw,0,0
Sugar,ITM06663,KG,raw,0,0
Oil,ITM06664,KG,raw,0,0
Sugar,ITM06665,KG,raw,5,0
Rice,ITM06666,KG,raw,5,0
Flour,ITM06667,KG,raw,5,0
Wheat,ITM06668,KG,raw,5,0
Rice,ITM06669,KG,raw,0,0
Oil,ITM06670,KG,raw,5,0
Wheat,ITM06671,KG,raw,5,0
Oil,ITM06672,KG,raw,0,0
Rice,ITM06673,KG,raw,0,0
Wheat,ITM06674,KG,raw,5,0
Salt,ITM06675,KG,raw,0,0
Wheat,ITM06676,KG,raw,5,0
Oil,ITM06677,KG,raw,5,0
Sugar,ITM06678,KG,raw,5,0
Oil,ITM06679,KG,raw,0,0
Salt,ITM06680,KG,raw,0,0
Sugar,ITM06681,KG,raw,5,0
Wheat,ITM06682,KG,raw,0,0
Oil,ITM06683,KG,raw,5,0
Rice,ITM06684,KG,raw,0,0
Salt,ITM06685,KG,raw,0,0
Flour,ITM06686,KG,raw,0,0
Oil,ITM06687,KG,raw,0,0
Sugar,ITM06688,KG,raw,0,0
Oil,ITM06689,KG,raw,0,0
Rice,ITM06690,KG,raw,0,0
Sugar,ITM06691,KG,raw,5,0
Sugar,ITM06692,KG,raw,0,0
Flour,ITM06693,KG,raw,5,0
Sugar,ITM06694,KG,raw,5,0
Wheat,ITM06695,KG,raw,5,0
Sugar,ITM06696,KG,raw,0,0
Sugar,ITM06697,KG,raw,5,0
Wheat,ITM06698,KG,raw,0,0
Rice,ITM06699,KG,raw,5,0
Sugar,ITM06700,KG,raw,0,0
Flour,ITM06701,KG,raw,0,0
Salt,ITM06702,KG,raw,0,0
Rice,ITM06703,KG,raw,5,0
Flour,ITM06704,KG,raw,0,0
Oil,ITM06705,KG,raw,5,0
Oil,ITM06706,KG,raw,0,0
Oil,ITM06707,KG,raw,5,0
Flour,ITM06708,KG,raw,5,0
Oil,ITM06709,KG,raw,5,0
Salt,ITM06710,KG,raw,5,0
Oil,ITM06711,KG,raw,0,0
Flour,ITM06712,KG,raw,5,0
Wheat,ITM06713,KG,raw,5,0
Flour,ITM06714,KG,raw,0,0
Oil,ITM06715,KG,raw,0,0
Salt,ITM06716,KG,raw,5,0
Salt,ITM06717,KG,raw,5,0
Flour,ITM06718,KG,raw,0,0
Salt,ITM06719,KG,raw,5,0
Sugar,ITM06720,KG,raw,0,0
Rice,ITM06721,KG,raw,5,0
Oil,ITM06722,KG,raw,5,0
Wheat,ITM06723,KG,raw,5,0
Salt,ITM06724,KG,raw,0,0
Oil,ITM06725,KG,raw,0,0
Sugar,ITM06726,KG,raw,5,0
Sugar,ITM06727,KG,raw,0,0
Oil,ITM06728,KG,raw,0,0
Sugar,ITM06729,KG,raw,5,0
Rice,ITM06730,KG,raw,0,0
Flour,ITM06731,KG,raw,5,0
Rice,ITM06732,KG,raw,5,0
Flour,ITM06733,KG,raw,5,0
Oil,ITM06734,KG,raw,0,0
Salt,ITM06735,KG,raw,0,0
Oil,ITM06736,KG,raw,0,0
Oil,ITM06737,KG,raw,0,0
Rice,ITM06738,KG,raw,0,0
Sugar,ITM06739,KG,raw,5,0
Flour,ITM06740,KG,raw,5,0
Salt,ITM06741,KG,raw,5,0
Flour,ITM06742,KG,raw,5,0
Flour,ITM06743,KG,raw,0,0
Flour,ITM06744,KG,raw,0,0
Flour,ITM06745,KG,raw,0,0
Oil,ITM06746,KG,raw,0,0
Sugar,ITM06747,KG,raw,5,0
Rice,ITM06748,KG,raw,0,0
Flour,ITM06749,KG,raw,5,0
Flour,ITM06750,KG,raw,0,0
Flour,ITM06751,KG,raw,5,0
Flour,ITM06752,KG,raw,5,0
Flour,ITM06753,KG,raw,5,0
Rice,ITM06754,KG,raw,5,0
Salt,ITM06755,KG,raw,0,0
Rice,ITM06756,KG,raw,5,0
Sugar,ITM06757,KG,raw,0,0
Sugar,ITM06758,KG,raw,0,0
Wheat,ITM06759,KG,raw,5,0
Rice,ITM06760,KG,raw,0,0
Oil,ITM06761,KG,raw,0,0
Oil,ITM06762,KG,raw,5,0
Oil,ITM06763,KG,raw,5,0
Rice,ITM06764,KG,raw,0,0
Rice,ITM06765,KG,raw,0,0
Oil,ITM06766,KG,raw,0,0
Flour,ITM06767,KG,raw,0,0
Sugar,ITM06768,KG,raw,5,0
Wheat,ITM06769,KG,raw,5,0
Oil,ITM06770,KG,raw,0,0
Wheat,ITM06771,KG,raw,0,0
Sugar,ITM06772,KG,raw,5,0
Sugar,ITM06773,KG,raw,5,0
Oil,ITM06774,KG,raw,5,0
Oil,ITM06775,KG,raw,5,0
Wheat,ITM06776,KG,raw,5,0
Sugar,ITM06777,KG,raw,0,0
Flour,ITM06778,KG,raw,5,0
Oil,ITM06779,KG,raw,0,0
Rice,ITM06780,KG,raw,5,0
Oil,ITM06781,KG,raw,0,0
Oil,ITM06782,KG,raw,0,0
Salt,ITM06783,KG,raw,5,0
Sugar,ITM06784,KG,raw,5,0
Salt,ITM06785,KG,raw,5,0
Wheat,ITM06786,KG,raw,0,0
Wheat,ITM06787,KG,raw,5,0
Salt,ITM06788,KG,raw,5,0
Sugar,ITM06789,KG,raw,0,0
Wheat,ITM06790,KG,raw,5,0
Wheat,ITM06791,KG,raw,0,0
Salt,ITM06792,KG,raw,0,0
Wheat,ITM06793,KG,raw,5,0
Salt,ITM06794,KG,raw,5,0
Salt,ITM06795,KG,raw,0,0
Oil,ITM06796,KG,raw,0,0
Flour,ITM06797,KG,raw,5,0
Salt,ITM06798,KG,raw,0,0
Oil,ITM06799,KG,raw,5,0
Sugar,ITM06800,KG,raw,0,0
Wheat,ITM06801,KG,raw,5,0
Wheat,ITM06802,KG,raw,5,0
Sugar,ITM06803,KG,raw,0,0
Rice,ITM06804,KG,raw,5,0
Flour,ITM06805,KG,raw,5,0
Salt,ITM06806,KG,raw,5,0
Sugar,ITM06807,KG,raw,0,0
Flour,ITM06808,KG,raw,5,0
Rice,ITM06809,KG,raw,0,0
Flour,ITM06810,KG,raw,0,0
Salt,ITM06811,KG,raw,0,0
Sugar,ITM06812,KG,raw,5,0
Oil,ITM06813,KG,raw,5,0
Oil,ITM06814,KG,raw,0,0
Wheat,ITM06815,KG,raw,5,0
Wheat,ITM06816,KG,raw,5,0
Flour,ITM06817,KG,raw,0,0
Rice,ITM06818,KG,raw,5,0
Oil,ITM06819,KG,raw,0,0
Rice,ITM06820,KG,raw,0,0
Wheat,ITM06821,KG,raw,5,0
Oil,ITM06822,KG,raw,0,0
Oil,ITM06823,KG,raw,0,0
Flour,ITM06824,KG,raw,5,0
Sugar,ITM06825,KG,raw,0,0
Sugar,ITM06826,KG,raw,0,0
Rice,ITM06827,KG,raw,0,0
Sugar,ITM06828,KG,raw,0,0
Rice,ITM06829,KG,raw,0,0
Salt,ITM06830,KG,raw,5,0
Rice,ITM06831,KG,raw,0,0
Rice,ITM06832,KG,raw,5,0
Rice,ITM06833,KG,raw,5,0
Wheat,ITM06834,KG,raw,5,0
Salt,ITM06835,KG,raw,0,0
Wheat,ITM06836,KG,raw,0,0
Salt,ITM06837,KG,raw,0,0
Flour,ITM06838,KG,raw,5,0
Oil,ITM06839,KG,raw,5,0
Oil,ITM06840,KG,raw,0,0
Flour,ITM06841,KG,raw,0,0
Salt,ITM06842,KG,raw,0,0
Rice,ITM06843,KG,raw,0,0
Salt,ITM06844,KG,raw,0,0
Salt,ITM06845,KG,raw,0,0
Wheat,ITM06846,KG,raw,0,0
Sugar,ITM06847,KG,raw,0,0
Rice,ITM06848,KG,raw,5,0
Wheat,ITM06849,KG,raw,5,0
Wheat,ITM06850,KG,raw,5,0
Wheat,ITM06851,KG,raw,0,0
Flour,ITM06852,KG,raw,5,0
Oil,ITM06853,KG,raw,5,0
Sugar,ITM06854,KG,raw,5,0
Salt,ITM06855,KG,raw,5,0
Oil,ITM06856,KG,raw,5,0
Wheat,ITM06857,KG,raw,5,0
Oil,ITM06858,KG,raw,5,0
Rice,ITM06859,KG,raw,0,0
Flour,ITM06860,KG,raw,0,0
Wheat,ITM06861,KG,raw,0,0
Oil,ITM06862,KG,raw,0,0
Rice,ITM06863,KG,raw,0,0
Sugar,ITM06864,KG,raw,5,0
Oil,ITM06865,KG,raw,5,0
Salt,ITM06866,KG,raw,0,0
Rice,ITM06867,KG,raw,5,0
Wheat,ITM06868,KG,raw,5,0
Salt,ITM06869,KG,raw,0,0
Rice,ITM06870,KG,raw,0,0
Wheat,ITM06871,KG,raw,5,0
Salt,ITM06872,KG,raw,0,0
Wheat,ITM06873,KG,raw,0,0
Wheat,ITM06874,KG,raw,5,0
Wheat,ITM06875,KG,raw,0,0
Sugar,ITM06876,KG,raw,0,0
Rice,ITM06877,KG,raw,0,0
Salt,ITM06878,KG,raw,0,0
Oil,ITM06879,KG,raw,5,0
Salt,ITM06880,KG,raw,5,0
Rice,ITM06881,KG,raw,0,0
Sugar,ITM06882,KG,raw,0,0
Wheat,ITM06883,KG,raw,5,0
Wheat,ITM06884,KG,raw,5,0
Salt,ITM06885,KG,raw,5,0
Rice,ITM06886,KG,raw,5,0
Flour,ITM06887,KG,raw,5,0
Oil,ITM06888,KG,raw,0,0
Wheat,ITM06889,KG,raw,5,0
Sugar,ITM06890,KG,raw,0,0
Wheat,ITM06891,KG,raw,5,0
Wheat,ITM06892,KG,raw,0,0
Wheat,ITM06893,KG,raw,5,0
Flour,ITM06894,KG,raw,5,0
Oil,ITM06895,KG,raw,5,0
Oil,ITM06896,KG,raw,5,0
Wheat,ITM06897,KG,raw,0,0
Rice,ITM06898,KG,raw,0,0
Oil,ITM06899,KG,raw,5,0
Wheat,ITM06900,KG,raw,0,0
Rice,ITM06901,KG,raw,5,0
Salt,ITM06902,KG,raw,5,0
Oil,ITM06903,KG,raw,0,0
Salt,ITM06904,KG,raw,0,0
Flour,ITM06905,KG,raw,0,0
Oil,ITM06906,KG,raw,5,0
Rice,ITM06907,KG,raw,0,0
Flour,ITM06908,KG,raw,0,0
Rice,ITM06909,KG,raw,5,0
Oil,ITM06910,KG,raw,0,0
Sugar,ITM06911,KG,raw,0,0
Flour,ITM06912,KG,raw,0,0
Sugar,ITM06913,KG,raw,5,0
Oil,ITM06914,KG,raw,0,0
Sugar,ITM06915,KG,raw,5,0
Flour,ITM06916,KG,raw,5,0
Salt,ITM06917,KG,raw,5,0
Salt,ITM06918,KG,raw,5,0
Sugar,ITM06919,KG,raw,5,0
Sugar,ITM06920,KG,raw,5,0
Rice,ITM06921,KG,raw,0,0
Rice,ITM06922,KG,raw,0,0
Sugar,ITM06923,KG,raw,0,0
Flour,ITM06924,KG,raw,0,0
Sugar,ITM06925,KG,raw,5,0
Wheat,ITM06926,KG,raw,0,0
Rice,ITM06927,KG,raw,0,0
Flour,ITM06928,KG,raw,0,0
Sugar,ITM06929,KG,raw,0,0
Flour,ITM06930,KG,raw,0,0
Salt,ITM06931,KG,raw,5,0
Sugar,ITM06932,KG,raw,5,0
Sugar,ITM06933,KG,raw,5,0
Flour,ITM06934,KG,raw,0,0
Rice,ITM06935,KG,raw,0,0
Oil,ITM06936,KG,raw,0,0
Flour,ITM06937,KG,raw,0,0
Flour,ITM06938,KG,raw,5,0
Oil,ITM06939,KG,raw,5,0
Sugar,ITM06940,KG,raw,0,0
Sugar,ITM06941,KG,raw,0,0
Salt,ITM06942,KG,raw,5,0
Salt,ITM06943,KG,raw,0,0
Rice,ITM06944,KG,raw,0,0
Sugar,ITM06945,KG,raw,5,0
Rice,ITM06946,KG,raw,0,0
Oil,ITM06947,KG,raw,0,0
Rice,ITM06948,KG,raw,5,0
Rice,ITM06949,KG,raw,5,0
Flour,ITM06950,KG,raw,5,0
Flour,ITM06951,KG,raw,0,0
Rice,ITM06952,KG,raw,0,0
Rice,ITM06953,KG,raw,0,0
Sugar,ITM06954,KG,raw,5,0
Flour,ITM06955,KG,raw,5,0
Oil,ITM06956,KG,raw,5,0
Wheat,ITM06957,KG,raw,5,0
Oil,ITM06958,KG,raw,5,0
Oil,ITM06959,KG,raw,0,0
Flour,ITM06960,KG,raw,5,0
Salt,ITM06961,KG,raw,5,0
Sugar,ITM06962,KG,raw,5,0
Salt,ITM06963,KG,raw,5,0
Sugar,ITM06964,KG,raw,0,0
Rice,ITM06965,KG,raw,5,0
Flour,ITM06966,KG,raw,0,0
Flour,ITM06967,KG,raw,5,0
Rice,ITM06968,KG,raw,5,0
Flour,ITM06969,KG,raw,5,0
Wheat,ITM06970,KG,raw,5,0
Oil,ITM06971,KG,raw,0,0
Oil,ITM06972,KG,raw,0,0
Sugar,ITM06973,KG,raw,5,0
Sugar,ITM06974,KG,raw,5,0
Flour,ITM06975,KG,raw,5,0
Flour,ITM06976,KG,raw,5,0
Flour,ITM06977,KG,raw,0,0
Sugar,ITM06978,KG,raw,0,0
Sugar,ITM06979,KG,raw,5,0
Flour,ITM06980,KG,raw,0,0
Salt,ITM06981,KG,raw,0,0
Oil,ITM06982,KG,raw,5,0
Wheat,ITM06983,KG,raw,5,0
Wheat,ITM06984,KG,raw,0,0
Oil,ITM06985,KG,raw,0,0
Salt,ITM06986,KG,raw,5,0
Oil,ITM06987,KG,raw,0,0
Rice,ITM06988,KG,raw,5,0
Salt,ITM06989,KG,raw,5,0
Wheat,ITM06990,KG,raw,5,0
Oil,ITM06991,KG,raw,5,0
Flour,ITM06992,KG,raw,0,0
Salt,ITM06993,KG,raw,5,0
Salt,ITM06994,KG,raw,0,0
Oil,ITM06995,KG,raw,5,0
Wheat,ITM06996,KG,raw,5,0
Salt,ITM06997,KG,raw,0,0
Sugar,ITM06998,KG,raw,0,0
Salt,ITM06999,KG,raw,0,0
Rice,ITM07000,KG,raw,5,0
Oil,ITM07001,KG,raw,0,0
Wheat,ITM07002,KG,raw,0,0
Oil,ITM07003,KG,raw,5,0
Salt,ITM07004,KG,raw,5,0
Flour,ITM07005,KG,raw,0,0
Oil,ITM07006,KG,raw,0,0
Flour,ITM07007,KG,raw,5,0
Sugar,ITM07008,KG,raw,5,0
Wheat,ITM07009,KG,raw,0,0
Wheat,ITM07010,KG,raw,0,0
Rice,ITM07011,KG,raw,5,0
Sugar,ITM07012,KG,raw,5,0
Rice,ITM07013,KG,raw,0,0
Flour,ITM07014,KG,raw,5,0
Salt,ITM07015,KG,raw,0,0
Sugar,ITM07016,KG,raw,5,0
Flour,ITM07017,KG,raw,0,0
Rice,ITM07018,KG,raw,0,0
Sugar,ITM07019,KG,raw,5,0
Sugar,ITM07020,KG,raw,0,0
Wheat,ITM07021,KG,raw,0,0
Sugar,ITM07022,KG,raw,0,0
Sugar,ITM07023,KG,raw,0,0
Wheat,ITM07024,KG,raw,0,0
Sugar,ITM07025,KG,raw,5,0
Salt,ITM07026,KG,raw,0,0
Wheat,ITM07027,KG,raw,5,0
Flour,ITM07028,KG,raw,0,0
Oil,ITM07029,KG,raw,5,0
Oil,ITM07030,KG,raw,0,0
Oil,ITM07031,KG,raw,5,0
Wheat,ITM07032,KG,raw,0,0
Flour,ITM07033,KG,raw,0,0
Rice,ITM07034,KG,raw,0,0
Flour,ITM07035,KG,raw,0,0
Flour,ITM07036,KG,raw,5,0
Rice,ITM07037,KG,raw,5,0
Sugar,ITM07038,KG,raw,0,0
Flour,ITM07039,KG,raw,0,0
Sugar,ITM07040,KG,raw,5,0
Flour,ITM07041,KG,raw,0,0
Oil,ITM07042,KG,raw,0,0
Wheat,ITM07043,KG,raw,5,0
Sugar,ITM07044,KG,raw,5,0
Salt,ITM07045,KG,raw,0,0
Oil,ITM07046,KG,raw,0,0
Flour,ITM07047,KG,raw,0,0
Wheat,ITM07048,KG,raw,0,0
Oil,ITM07049,KG,raw,0,0
Oil,ITM07050,KG,raw,5,0
Wheat,ITM07051,KG,raw,5,0
Oil,ITM07052,KG,raw,5,0
Rice,ITM07053,KG,raw,5,0
Flour,ITM07054,KG,raw,0,0
Flour,ITM07055,KG,raw,5,0
Flour,ITM07056,KG,raw,5,0
Oil,ITM07057,KG,raw,0,0
Rice,ITM07058,KG,raw,5,0
Salt,ITM07059,KG,raw,5,0
Wheat,ITM07060,KG,raw,0,0
Rice,ITM07061,KG,raw,0,0
Sugar,ITM07062,KG,raw,5,0
Oil,ITM07063,KG,raw,0,0
Oil,ITM07064,KG,raw,5,0
Salt,ITM07065,KG,raw,0,0
Rice,ITM07066,KG,raw,5,0
Flour,ITM07067,KG,raw,0,0
Sugar,ITM07068,KG,raw,5,0
Wheat,ITM07069,KG,raw,5,0
Wheat,ITM07070,KG,raw,0,0
Flour,ITM07071,KG,raw,5,0
Oil,ITM07072,KG,raw,0,0
Wheat,ITM07073,KG,raw,5,0
Sugar,ITM07074,KG,raw,0,0
Flour,ITM07075,KG,raw,0,0
Rice,ITM07076,KG,raw,5,0
Wheat,ITM07077,KG,raw,0,0
Rice,ITM07078,KG,raw,5,0
Flour,ITM07079,KG,raw,5,0
Rice,ITM07080,KG,raw,5,0
Oil,ITM07081,KG,raw,0,0
Wheat,ITM07082,KG,raw,5,0
Rice,ITM07083,KG,raw,0,0
Wheat,ITM07084,KG,raw,0,0
Rice,ITM07085,KG,raw,0,0
Wheat,ITM07086,KG,raw,5,0
Salt,ITM07087,KG,raw,5,0
Rice,ITM07088,KG,raw,0,0
Wheat,ITM07089,KG,raw,0,0
Salt,ITM07090,KG,raw,0,0
Wheat,ITM07091,KG,raw,5,0
Rice,ITM07092,KG,raw,0,0
Wheat,ITM07093,KG,raw,0,0
Rice,ITM07094,KG,raw,0,0
Flour,ITM07095,KG,raw,0,0
Flour,ITM07096,KG,raw,5,0
Flour,ITM07097,KG,raw,0,0
Sugar,ITM07098,KG,raw,0,0
Salt,ITM07099,KG,raw,0,0
Oil,ITM07100,KG,raw,0,0
Oil,ITM07101,KG,raw,0,0
Wheat,ITM07102,KG,raw,0,0
Salt,ITM07103,KG,raw,5,0
Wheat,ITM07104,KG,raw,5,0
Rice,ITM07105,KG,raw,5,0
Rice,ITM07106,KG,raw,5,0
Sugar,ITM07107,KG,raw,5,0
Wheat,ITM07108,KG,raw,0,0
Sugar,ITM07109,KG,raw,5,0
Salt,ITM07110,KG,raw,0,0
Sugar,ITM07111,KG,raw,0,0
Sugar,ITM07112,KG,raw,5,0
Wheat,ITM07113,KG,raw,5,0
Oil,ITM07114,KG,raw,5,0
Flour,ITM07115,KG,raw,5,0
Salt,ITM07116,KG,raw,0,0
Rice,ITM07117,KG,raw,0,0
Oil,ITM07118,KG,raw,5,0
Oil,ITM07119,KG,raw,0,0
Rice,ITM07120,KG,raw,0,0
Sugar,ITM07121,KG,raw,5,0
Salt,ITM07122,KG,raw,5,0
Flour,ITM07123,KG,raw,0,0
Sugar,ITM07124,KG,raw,5,0
Sugar,ITM07125,KG,raw,5,0
Salt,ITM07126,KG,raw,0,0
Rice,ITM07127,KG,raw,5,0
Oil,ITM07128,KG,raw,5,0
Rice,ITM07129,KG,raw,5,0
Salt,ITM07130,KG,raw,0,0
Oil,ITM07131,KG,raw,0,0
Oil,ITM07132,KG,raw,5,0
Rice,ITM07133,KG,raw,0,0
Salt,ITM07134,KG,raw,0,0
Oil,ITM07135,KG,raw,5,0
Wheat,ITM07136,KG,raw,5,0
Oil,ITM07137,KG,raw,5,0
Salt,ITM07138,KG,raw,5,0
Wheat,ITM07139,KG,raw,0,0
Flour,ITM07140,KG,raw,0,0
Sugar,ITM07141,KG,raw,5,0
Flour,ITM07142,KG,raw,5,0
Salt,ITM07143,KG,raw,0,0
Rice,ITM07144,KG,raw,0,0
Salt,ITM07145,KG,raw,0,0
Flour,ITM07146,KG,raw,0,0
Salt,ITM07147,KG,raw,5,0
Wheat,ITM07148,KG,raw,0,0
Oil,ITM07149,KG,raw,5,0
Salt,ITM07150,KG,raw,5,0
Sugar,ITM07151,KG,raw,0,0
Sugar,ITM07152,KG,raw,5,0
Sugar,ITM07153,KG,raw,0,0
Sugar,ITM07154,KG,raw,5,0
Flour,ITM07155,KG,raw,5,0
Flour,ITM07156,KG,raw,5,0
Salt,ITM07157,KG,raw,5,0
Flour,ITM07158,KG,raw,0,0
Rice,ITM07159,KG,raw,5,0
Sugar,ITM07160,KG,raw,5,0
Flour,ITM07161,KG,raw,5,0
Sugar,ITM07162,KG,raw,5,0
Flour,ITM07163,KG,raw,0,0
Rice,ITM07164,KG,raw,5,0
Salt,ITM07165,KG,raw,5,0
Rice,ITM07166,KG,raw,0,0
Flour,ITM07167,KG,raw,0,0
Wheat,ITM07168,KG,raw,0,0
Rice,ITM07169,KG,raw,5,0
Rice,ITM07170,KG,raw,0,0
Flour,ITM07171,KG,raw,0,0
Rice,ITM07172,KG,raw,0,0
Salt,ITM07173,KG,raw,0,0
Sugar,ITM07174,KG,raw,5,0
Sugar,ITM07175,KG,raw,5,0
Rice,ITM07176,KG,raw,0,0
Salt,ITM07177,KG,raw,5,0
Wheat,ITM07178,KG,raw,0,0
Wheat,ITM07179,KG,raw,0,0
Wheat,ITM07180,KG,raw,5,0
Rice,ITM07181,KG,raw,0,0
Rice,ITM07182,KG,raw,5,0
Flour,ITM07183,KG,raw,5,0
Flour,ITM07184,KG,raw,0,0
Salt,ITM07185,KG,raw,0,0
Rice,ITM07186,KG,raw,0,0
Flour,ITM07187,KG,raw,5,0
Rice,ITM07188,KG,raw,0,0
Salt,ITM07189,KG,raw,5,0
Wheat,ITM07190,KG,raw,5,0
Wheat,ITM07191,KG,raw,0,0
Wheat,ITM07192,KG,raw,5,0
Salt,ITM07193,KG,raw,0,0
Flour,ITM07194,KG,raw,0,0
Rice,ITM07195,KG,raw,5,0
Flour,ITM07196,KG,raw,5,0
Rice,ITM07197,KG,raw,0,0
Wheat,ITM07198,KG,raw,5,0
Rice,ITM07199,KG,raw,5,0
Oil,ITM07200,KG,raw,5,0
Flour,ITM07201,KG,raw,5,0
Wheat,ITM07202,KG,raw,0,0
Rice,ITM07203,KG,raw,0,0
Oil,ITM07204,KG,raw,5,0
Oil,ITM07205,KG,raw,0,0
Flour,ITM07206,KG,raw,0,0
Oil,ITM07207,KG,raw,0,0
Flour,ITM07208,KG,raw,5,0
Salt,ITM07209,KG,raw,5,0
Salt,ITM07210,KG,raw,5,0
Rice,ITM07211,KG,raw,5,0
Flour,ITM07212,KG,raw,0,0
Oil,ITM07213,KG,raw,5,0
Rice,ITM07214,KG,raw,5,0
Rice,ITM07215,KG,raw,5,0
Oil,ITM07216,KG,raw,0,0
Wheat,ITM07217,KG,raw,0,0
Salt,ITM07218,KG,raw,5,0
Wheat,ITM07219,KG,raw,0,0
Wheat,ITM07220,KG,raw,0,0
Sugar,ITM07221,KG,raw,0,0
Flour,ITM07222,KG,raw,0,0
Salt,ITM07223,KG,raw,0,0
Rice,ITM07224,KG,raw,0,0
Rice,ITM07225,KG,raw,0,0
Wheat,ITM07226,KG,raw,0,0
Oil,ITM07227,KG,raw,0,0
Rice,ITM07228,KG,raw,0,0
Wheat,ITM07229,KG,raw,0,0
Wheat,ITM07230,KG,raw,5,0
Rice,ITM07231,KG,raw,5,0
Sugar,ITM07232,KG,raw,0,0
Wheat,ITM07233,KG,raw,5,0
Rice,ITM07234,KG,raw,5,0
Rice,ITM07235,KG,raw,5,0
Sugar,ITM07236,KG,raw,0,0
Wheat,ITM07237,KG,raw,0,0
Flour,ITM07238,KG,raw,5,0
Flour,ITM07239,KG,raw,0,0
Sugar,ITM07240,KG,raw,5,0
Rice,ITM07241,KG,raw,0,0
Oil,ITM07242,KG,raw,0,0
Salt,ITM07243,KG,raw,5,0
Wheat,ITM07244,KG,raw,5,0
Oil,ITM07245,KG,raw,5,0
Wheat,ITM07246,KG,raw,5,0
Oil,ITM07247,KG,raw,5,0
Rice,ITM07248,KG,raw,5,0
Rice,ITM07249,KG,raw,5,0
Flour,ITM07250,KG,raw,0,0
Sugar,ITM07251,KG,raw,5,0
Rice,ITM07252,KG,raw,5,0
Oil,ITM07253,KG,raw,0,0
Wheat,ITM07254,KG,raw,5,0
Wheat,ITM07255,KG,raw,0,0
Wheat,ITM07256,KG,raw,5,0
Rice,ITM07257,KG,raw,5,0
Flour,ITM07258,KG,raw,0,0
Oil,ITM07259,KG,raw,5,0
Oil,ITM07260,KG,raw,0,0
Salt,ITM07261,KG,raw,0,0
Sugar,ITM07262,KG,raw,5,0
Wheat,ITM07263,KG,raw,5,0
Rice,ITM07264,KG,raw,0,0
Rice,ITM07265,KG,raw,5,0
Rice,ITM07266,KG,raw,5,0
Rice,ITM07267,KG,raw,0,0
Rice,ITM07268,KG,raw,0,0
Oil,ITM07269,KG,raw,5,0
Salt,ITM07270,KG,raw,0,0
Sugar,ITM07271,KG,raw,0,0
Rice,ITM07272,KG,raw,0,0
Rice,ITM07273,KG,raw,5,0
Oil,ITM07274,KG,raw,0,0
Rice,ITM07275,KG,raw,0,0
Oil,ITM07276,KG,raw,0,0
Wheat,ITM07277,KG,raw,5,0
Salt,ITM07278,KG,raw,5,0
Flour,ITM07279,KG,raw,0,0
Rice,ITM07280,KG,raw,0,0
Wheat,ITM07281,KG,raw,5,0
Wheat,ITM07282,KG,raw,0,0
Salt,ITM07283,KG,raw,5,0
Rice,ITM07284,KG,raw,5,0
Wheat,ITM07285,KG,raw,5,0
Wheat,ITM07286,KG,raw,5,0
Rice,ITM07287,KG,raw,5,0
Oil,ITM07288,KG,raw,0,0
Wheat,ITM07289,KG,raw,0,0
Rice,ITM07290,KG,raw,0,0
Rice,ITM07291,KG,raw,5,0
Rice,ITM07292,KG,raw,5,0
Flour,ITM07293,KG,raw,5,0
Rice,ITM07294,KG,raw,5,0
Rice,ITM07295,KG,raw,0,0
Rice,ITM07296,KG,raw,5,0
Rice,ITM07297,KG,raw,5,0
Flour,ITM07298,KG,raw,0,0
Sugar,ITM07299,KG,raw,0,0
Sugar,ITM07300,KG,raw,0,0
Flour,ITM07301,KG,raw,0,0
Rice,ITM07302,KG,raw,0,0
Flour,ITM07303,KG,raw,0,0
Flour,ITM07304,KG,raw,5,0
Salt,ITM07305,KG,raw,5,0
Salt,ITM07306,KG,raw,5,0
Wheat,ITM07307,KG,raw,0,0
Rice,ITM07308,KG,raw,0,0
Salt,ITM07309,KG,raw,0,0
Salt,ITM07310,KG,raw,5,0
Rice,ITM07311,KG,raw,0,0
Flour,ITM07312,KG,raw,5,0
Sugar,ITM07313,KG,raw,5,0
Flour,ITM07314,KG,raw,5,0
Salt,ITM07315,KG,raw,0,0
Flour,ITM07316,KG,raw,5,0
Oil,ITM07317,KG,raw,5,0
Oil,ITM07318,KG,raw,5,0
Wheat,ITM07319,KG,raw,5,0
Oil,ITM07320,KG,raw,0,0
Flour,ITM07321,KG,raw,5,0
Wheat,ITM07322,KG,raw,0,0
Oil,ITM07323,KG,raw,5,0
Oil,ITM07324,KG,raw,0,0
Sugar,ITM07325,KG,raw,5,0
Oil,ITM07326,KG,raw,0,0
Sugar,ITM07327,KG,raw,0,0
Rice,ITM07328,KG,raw,5,0
Rice,ITM07329,KG,raw,0,0
Sugar,ITM07330,KG,raw,5,0
Rice,ITM07331,KG,raw,5,0
Salt,ITM07332,KG,raw,0,0
Oil,ITM07333,KG,raw,0,0
Sugar,ITM07334,KG,raw,5,0
Salt,ITM07335,KG,raw,0,0
Flour,ITM07336,KG,raw,0,0
Salt,ITM07337,KG,raw,0,0
Wheat,ITM07338,KG,raw,5,0
Oil,ITM07339,KG,raw,0,0
Flour,ITM07340,KG,raw,5,0
Oil,ITM07341,KG,raw,5,0
Wheat,ITM07342,KG,raw,0,0
Wheat,ITM07343,KG,raw,0,0
Rice,ITM07344,KG,raw,5,0
Flour,ITM07345,KG,raw,5,0
Sugar,ITM07346,KG,raw,0,0
Flour,ITM07347,KG,raw,5,0
Oil,ITM07348,KG,raw,5,0
Wheat,ITM07349,KG,raw,0,0
Oil,ITM07350,KG,raw,5,0
Wheat,ITM07351,KG,raw,5,0
Rice,ITM07352,KG,raw,0,0
Oil,ITM07353,KG,raw,5,0
Flour,ITM07354,KG,raw,5,0
Rice,ITM07355,KG,raw,5,0
Rice,ITM07356,KG,raw,5,0
Salt,ITM07357,KG,raw,0,0
Rice,ITM07358,KG,raw,0,0
Sugar,ITM07359,KG,raw,0,0
Salt,ITM07360,KG,raw,5,0
Wheat,ITM07361,KG,raw,0,0
Flour,ITM07362,KG,raw,0,0
Salt,ITM07363,KG,raw,0,0
Oil,ITM07364,KG,raw,5,0
Oil,ITM07365,KG,raw,5,0
Salt,ITM07366,KG,raw,5,0
Flour,ITM07367,KG,raw,5,0
Flour,ITM07368,KG,raw,5,0
Salt,ITM07369,KG,raw,0,0
Rice,ITM07370,KG,raw,0,0
Salt,ITM07371,KG,raw,5,0
Sugar,ITM07372,KG,raw,0,0
Sugar,ITM07373,KG,raw,0,0
Wheat,ITM07374,KG,raw,5,0
Rice,ITM07375,KG,raw,0,0
Salt,ITM07376,KG,raw,5,0
Oil,ITM07377,KG,raw,5,0
Oil,ITM07378,KG,raw,0,0
Wheat,ITM07379,KG,raw,5,0
Rice,ITM07380,KG,raw,0,0
Wheat,ITM07381,KG,raw,0,0
Flour,ITM07382,KG,raw,5,0
Oil,ITM07383,KG,raw,0,0
Salt,ITM07384,KG,raw,5,0
Oil,ITM07385,KG,raw,5,0
Rice,ITM07386,KG,raw,5,0
Rice,ITM07387,KG,raw,5,0
Flour,ITM07388,KG,raw,0,0
Salt,ITM07389,KG,raw,5,0
Wheat,ITM07390,KG,raw,0,0
Sugar,ITM07391,KG,raw,5,0
Flour,ITM07392,KG,raw,0,0
Sugar,ITM07393,KG,raw,0,0
Oil,ITM07394,KG,raw,0,0
Salt,ITM07395,KG,raw,5,0
Oil,ITM07396,KG,raw,0,0
Sugar,ITM07397,KG,raw,5,0
Flour,ITM07398,KG,raw,5,0
Salt,ITM07399,KG,raw,0,0
Flour,ITM07400,KG,raw,0,0
Salt,ITM07401,KG,raw,5,0
Oil,ITM07402,KG,raw,0,0
Flour,ITM07403,KG,raw,5,0
Sugar,ITM07404,KG,raw,5,0
Flour,ITM07405,KG,raw,0,0
Salt,ITM07406,KG,raw,0,0
Sugar,ITM07407,KG,raw,0,0
Oil,ITM07408,KG,raw,5,0
Sugar,ITM07409,KG,raw,5,0
Flour,ITM07410,KG,raw,5,0
Salt,ITM07411,KG,raw,0,0
Sugar,ITM07412,KG,raw,5,0
Wheat,ITM07413,KG,raw,5,0
Sugar,ITM07414,KG,raw,5,0
Wheat,ITM07415,KG,raw,0,0
Rice,ITM07416,KG,raw,5,0
Wheat,ITM07417,KG,raw,5,0
Salt,ITM07418,KG,raw,0,0
Oil,ITM07419,KG,raw,5,0
Sugar,ITM07420,KG,raw,5,0
Salt,ITM07421,KG,raw,5,0
Oil,ITM07422,KG,raw,5,0
Salt,ITM07423,KG,raw,5,0
Sugar,ITM07424,KG,raw,5,0
Flour,ITM07425,KG,raw,5,0
Flour,ITM07426,KG,raw,0,0
Sugar,ITM07427,KG,raw,0,0
Oil,ITM07428,KG,raw,5,0
Oil,ITM07429,KG,raw,0,0
Wheat,ITM07430,KG,raw,0,0
Rice,ITM07431,KG,raw,0,0
Rice,ITM07432,KG,raw,0,0
Oil,ITM07433,KG,raw,0,0
Oil,ITM07434,KG,raw,5,0
Rice,ITM07435,KG,raw,5,0
Sugar,ITM07436,KG,raw,5,0
Rice,ITM07437,KG,raw,5,0
Rice,ITM07438,KG,raw,5,0
Rice,ITM07439,KG,raw,0,0
Sugar,ITM07440,KG,raw,0,0
Salt,ITM07441,KG,raw,0,0
Salt,ITM07442,KG,raw,0,0
Salt,ITM07443,KG,raw,5,0
Rice,ITM07444,KG,raw,0,0
Flour,ITM07445,KG,raw,5,0
Flour,ITM07446,KG,raw,0,0
Oil,ITM07447,KG,raw,0,0
Flour,ITM07448,KG,raw,5,0
Sugar,ITM07449,KG,raw,0,0
Oil,ITM07450,KG,raw,0,0
Flour,ITM07451,KG,raw,5,0
Rice,ITM07452,KG,raw,0,0
Wheat,ITM07453,KG,raw,0,0
Flour,ITM07454,KG,raw,0,0
Sugar,ITM07455,KG,raw,5,0
Oil,ITM07456,KG,raw,0,0
Oil,ITM07457,KG,raw,5,0
Wheat,ITM07458,KG,raw,0,0
Oil,ITM07459,KG,raw,5,0
Salt,ITM07460,KG,raw,5,0
Sugar,ITM07461,KG,raw,5,0
Sugar,ITM07462,KG,raw,5,0
Oil,ITM07463,KG,raw,0,0
Flour,ITM07464,KG,raw,5,0
Wheat,ITM07465,KG,raw,5,0
Flour,ITM07466,KG,raw,5,0
Salt,ITM07467,KG,raw,0,0
Sugar,ITM07468,KG,raw,5,0
Flour,ITM07469,KG,raw,5,0
Wheat,ITM07470,KG,raw,0,0
Wheat,ITM07471,KG,raw,0,0
Salt,ITM07472,KG,raw,5,0
Salt,ITM07473,KG,raw,0,0
Sugar,ITM07474,KG,raw,0,0
Oil,ITM07475,KG,raw,5,0
Rice,ITM07476,KG,raw,0,0
Flour,ITM07477,KG,raw,5,0
Flour,ITM07478,KG,raw,0,0
Salt,ITM07479,KG,raw,0,0
Sugar,ITM07480,KG,raw,0,0
Wheat,ITM07481,KG,raw,5,0
Flour,ITM07482,KG,raw,5,0
Salt,ITM07483,KG,raw,0,0
Wheat,ITM07484,KG,raw,0,0
Oil,ITM07485,KG,raw,5,0
Wheat,ITM07486,KG,raw,0,0
Salt,ITM07487,KG,raw,5,0
Wheat,ITM07488,KG,raw,5,0
Rice,ITM07489,KG,raw,5,0
Flour,ITM07490,KG,raw,0,0
Oil,ITM07491,KG,raw,5,0
Oil,ITM07492,KG,raw,5,0
Oil,ITM07493,KG,raw,5,0
Sugar,ITM07494,KG,raw,5,0
Rice,ITM07495,KG,raw,5,0
Wheat,ITM07496,KG,raw,0,0
Sugar,ITM07497,KG,raw,0,0
Salt,ITM07498,KG,raw,5,0
Sugar,ITM07499,KG,raw,5,0
Salt,ITM07500,KG,raw,5,0
Salt,ITM07501,KG,raw,5,0
Oil,ITM07502,KG,raw,0,0
Flour,ITM07503,KG,raw,5,0
Sugar,ITM07504,KG,raw,0,0
Wheat,ITM07505,KG,raw,5,0
Wheat,ITM07506,KG,raw,5,0
Flour,ITM07507,KG,raw,5,0
Sugar,ITM07508,KG,raw,5,0
Salt,ITM07509,KG,raw,0,0
Flour,ITM07510,KG,raw,5,0
Wheat,ITM07511,KG,raw,0,0
Salt,ITM07512,KG,raw,0,0
Rice,ITM07513,KG,raw,0,0
Oil,ITM07514,KG,raw,0,0
Oil,ITM07515,KG,raw,5,0
Oil,ITM07516,KG,raw,0,0
Oil,ITM07517,KG,raw,0,0
Flour,ITM07518,KG,raw,0,0
Oil,ITM07519,KG,raw,0,0
Flour,ITM07520,KG,raw,5,0
Salt,ITM07521,KG,raw,0,0
Salt,ITM07522,KG,raw,5,0
Rice,ITM07523,KG,raw,0,0
Wheat,ITM07524,KG,raw,5,0
Oil,ITM07525,KG,raw,0,0
Flour,ITM07526,KG,raw,0,0
Rice,ITM07527,KG,raw,0,0
Rice,ITM07528,KG,raw,5,0
Wheat,ITM07529,KG,raw,5,0
Oil,ITM07530,KG,raw,5,0
Rice,ITM07531,KG,raw,5,0
Wheat,ITM07532,KG,raw,0,0
Rice,ITM07533,KG,raw,5,0
Oil,ITM07534,KG,raw,5,0
Wheat,ITM07535,KG,raw,0,0
Flour,ITM07536,KG,raw,0,0
Oil,ITM07537,KG,raw,0,0
Sugar,ITM07538,KG,raw,5,0
Salt,ITM07539,KG,raw,0,0
Rice,ITM07540,KG,raw,5,0
Flour,ITM07541,KG,raw,5,0
Wheat,ITM07542,KG,raw,0,0
Rice,ITM07543,KG,raw,5,0
Salt,ITM07544,KG,raw,0,0
Flour,ITM07545,KG,raw,0,0
Sugar,ITM07546,KG,raw,5,0
Sugar,ITM07547,KG,raw,5,0
Rice,ITM07548,KG,raw,5,0
Salt,ITM07549,KG,raw,5,0
Salt,ITM07550,KG,raw,5,0
Wheat,ITM07551,KG,raw,5,0
Flour,ITM07552,KG,raw,0,0
Flour,ITM07553,KG,raw,5,0
Wheat,ITM07554,KG,raw,0,0
Sugar,ITM07555,KG,raw,0,0
Rice,ITM07556,KG,raw,0,0
Flour,ITM07557,KG,raw,0,0
Wheat,ITM07558,KG,raw,0,0
Oil,ITM07559,KG,raw,0,0
Oil,ITM07560,KG,raw,5,0
Wheat,ITM07561,KG,raw,5,0
Sugar,ITM07562,KG,raw,0,0
Wheat,ITM07563,KG,raw,0,0
Sugar,ITM07564,KG,raw,5,0
Salt,ITM07565,KG,raw,5,0
Salt,ITM07566,KG,raw,0,0
Oil,ITM07567,KG,raw,5,0
Wheat,ITM07568,KG,raw,0,0
Rice,ITM07569,KG,raw,5,0
Flour,ITM07570,KG,raw,0,0
Flour,ITM07571,KG,raw,0,0
Rice,ITM07572,KG,raw,5,0
Oil,ITM07573,KG,raw,5,0
Wheat,ITM07574,KG,raw,5,0
Flour,ITM07575,KG,raw,0,0
Flour,ITM07576,KG,raw,5,0
Rice,ITM07577,KG,raw,0,0
Rice,ITM07578,KG,raw,5,0
Oil,ITM07579,KG,raw,0,0
Flour,ITM07580,KG,raw,0,0
Rice,ITM07581,KG,raw,5,0
Sugar,ITM07582,KG,raw,0,0
Flour,ITM07583,KG,raw,5,0
Rice,ITM07584,KG,raw,0,0
Wheat,ITM07585,KG,raw,0,0
Sugar,ITM07586,KG,raw,5,0
Salt,ITM07587,KG,raw,0,0
Salt,ITM07588,KG,raw,5,0
Flour,ITM07589,KG,raw,5,0
Wheat,ITM07590,KG,raw,5,0
Rice,ITM07591,KG,raw,5,0
Rice,ITM07592,KG,raw,5,0
Sugar,ITM07593,KG,raw,0,0
Oil,ITM07594,KG,raw,0,0
Salt,ITM07595,KG,raw,0,0
Wheat,ITM07596,KG,raw,5,0
Oil,ITM07597,KG,raw,0,0
Salt,ITM07598,KG,raw,5,0
Rice,ITM07599,KG,raw,0,0
Salt,ITM07600,KG,raw,5,0
Salt,ITM07601,KG,raw,5,0
Wheat,ITM07602,KG,raw,0,0
Wheat,ITM07603,KG,raw,0,0
Sugar,ITM07604,KG,raw,5,0
Sugar,ITM07605,KG,raw,5,0
Oil,ITM07606,KG,raw,0,0
Flour,ITM07607,KG,raw,0,0
Rice,ITM07608,KG,raw,5,0
Rice,ITM07609,KG,raw,0,0
Salt,ITM07610,KG,raw,5,0
Rice,ITM07611,KG,raw,0,0
Sugar,ITM07612,KG,raw,5,0
Flour,ITM07613,KG,raw,0,0
Wheat,ITM07614,KG,raw,5,0
Oil,ITM07615,KG,raw,0,0
Salt,ITM07616,KG,raw,0,0
Salt,ITM07617,KG,raw,0,0
Sugar,ITM07618,KG,raw,5,0
Oil,ITM07619,KG,raw,0,0
Oil,ITM07620,KG,raw,5,0
Salt,ITM07621,KG,raw,0,0
Flour,ITM07622,KG,raw,0,0
Oil,ITM07623,KG,raw,0,0
Salt,ITM07624,KG,raw,0,0
Wheat,ITM07625,KG,raw,0,0
Rice,ITM07626,KG,raw,5,0
Salt,ITM07627,KG,raw,5,0
Sugar,ITM07628,KG,raw,0,0
Salt,ITM07629,KG,raw,5,0
Sugar,ITM07630,KG,raw,0,0
Salt,ITM07631,KG,raw,0,0
Oil,ITM07632,KG,raw,0,0
Sugar,ITM07633,KG,raw,5,0
Salt,ITM07634,KG,raw,0,0
Flour,ITM07635,KG,raw,5,0
Wheat,ITM07636,KG,raw,5,0
Sugar,ITM07637,KG,raw,5,0
Salt,ITM07638,KG,raw,0,0
Oil,ITM07639,KG,raw,0,0
Sugar,ITM07640,KG,raw,0,0
Sugar,ITM07641,KG,raw,5,0
Wheat,ITM07642,KG,raw,5,0
Sugar,ITM07643,KG,raw,5,0
Sugar,ITM07644,KG,raw,5,0
Rice,ITM07645,KG,raw,0,0
Oil,ITM07646,KG,raw,0,0
Oil,ITM07647,KG,raw,0,0
Salt,ITM07648,KG,raw,0,0
Rice,ITM07649,KG,raw,5,0
Sugar,ITM07650,KG,raw,0,0
Rice,ITM07651,KG,raw,0,0
Flour,ITM07652,KG,raw,0,0
Rice,ITM07653,KG,raw,0,0
Oil,ITM07654,KG,raw,0,0
Rice,ITM07655,KG,raw,0,0
Flour,ITM07656,KG,raw,5,0
Flour,ITM07657,KG,raw,0,0
Salt,ITM07658,KG,raw,0,0
Rice,ITM07659,KG,raw,5,0
Oil,ITM07660,KG,raw,5,0
Salt,ITM07661,KG,raw,5,0
Sugar,ITM07662,KG,raw,0,0
Salt,ITM07663,KG,raw,5,0
Rice,ITM07664,KG,raw,0,0
Wheat,ITM07665,KG,raw,5,0
Oil,ITM07666,KG,raw,0,0
Rice,ITM07667,KG,raw,0,0
Flour,ITM07668,KG,raw,0,0
Salt,ITM07669,KG,raw,5,0
Oil,ITM07670,KG,raw,0,0
Wheat,ITM07671,KG,raw,0,0
Oil,ITM07672,KG,raw,0,0
Sugar,ITM07673,KG,raw,5,0
Wheat,ITM07674,KG,raw,5,0
Wheat,ITM07675,KG,raw,0,0
Oil,ITM07676,KG,raw,0,0
Sugar,ITM07677,KG,raw,5,0
Sugar,ITM07678,KG,raw,0,0
Oil,ITM07679,KG,raw,5,0
Salt,ITM07680,KG,raw,0,0
Sugar,ITM07681,KG,raw,0,0
Wheat,ITM07682,KG,raw,5,0
Flour,ITM07683,KG,raw,5,0
Wheat,ITM07684,KG,raw,0,0
Rice,ITM07685,KG,raw,0,0
Oil,ITM07686,KG,raw,5,0
Salt,ITM07687,KG,raw,5,0
Oil,ITM07688,KG,raw,5,0
Rice,ITM07689,KG,raw,0,0
Flour,ITM07690,KG,raw,0,0
Flour,ITM07691,KG,raw,0,0
Salt,ITM07692,KG,raw,5,0
Rice,ITM07693,KG,raw,0,0
Wheat,ITM07694,KG,raw,5,0
Flour,ITM07695,KG,raw,5,0
Salt,ITM07696,KG,raw,5,0
Sugar,ITM07697,KG,raw,5,0
Flour,ITM07698,KG,raw,5,0
Flour,ITM07699,KG,raw,5,0
Wheat,ITM07700,KG,raw,5,0
Wheat,ITM07701,KG,raw,5,0
Rice,ITM07702,KG,raw,0,0
Wheat,ITM07703,KG,raw,0,0
Wheat,ITM07704,KG,raw,5,0
Rice,ITM07705,KG,raw,5,0
Flour,ITM07706,KG,raw,5,0
Sugar,ITM07707,KG,raw,0,0
Sugar,ITM07708,KG,raw,5,0
Oil,ITM07709,KG,raw,5,0
Rice,ITM07710,KG,raw,5,0
Sugar,ITM07711,KG,raw,0,0
Oil,ITM07712,KG,raw,0,0
Salt,ITM07713,KG,raw,0,0
Oil,ITM07714,KG,raw,0,0
Oil,ITM07715,KG,raw,0,0
Oil,ITM07716,KG,raw,5,0
Wheat,ITM07717,KG,raw,5,0
Rice,ITM07718,KG,raw,0,0
Rice,ITM07719,KG,raw,0,0
Flour,ITM07720,KG,raw,5,0
Salt,ITM07721,KG,raw,5,0
Flour,ITM07722,KG,raw,5,0
Salt,ITM07723,KG,raw,0,0
Sugar,ITM07724,KG,raw,0,0
Wheat,ITM07725,KG,raw,0,0
Rice,ITM07726,KG,raw,5,0
Sugar,ITM07727,KG,raw,0,0
Oil,ITM07728,KG,raw,5,0
Rice,ITM07729,KG,raw,0,0
Sugar,ITM07730,KG,raw,0,0
Sugar,ITM07731,KG,raw,5,0
Sugar,ITM07732,KG,raw,0,0
Flour,ITM07733,KG,raw,0,0
Wheat,ITM07734,KG,raw,0,0
Rice,ITM07735,KG,raw,0,0
Flour,ITM07736,KG,raw,5,0
Wheat,ITM07737,KG,raw,0,0
Flour,ITM07738,KG,raw,5,0
Wheat,ITM07739,KG,raw,5,0
Wheat,ITM07740,KG,raw,5,0
Sugar,ITM07741,KG,raw,5,0
Wheat,ITM07742,KG,raw,0,0
Oil,ITM07743,KG,raw,5,0
Sugar,ITM07744,KG,raw,5,0
Oil,ITM07745,KG,raw,0,0
Oil,ITM07746,KG,raw,5,0
Salt,ITM07747,KG,raw,0,0
Salt,ITM07748,KG,raw,5,0
Salt,ITM07749,KG,raw,5,0
Sugar,ITM07750,KG,raw,5,0
Flour,ITM07751,KG,raw,0,0
Salt,ITM07752,KG,raw,5,0
Sugar,ITM07753,KG,raw,5,0
Oil,ITM07754,KG,raw,5,0
Flour,ITM07755,KG,raw,5,0
Sugar,ITM07756,KG,raw,0,0
Sugar,ITM07757,KG,raw,0,0
Oil,ITM07758,KG,raw,0,0
Salt,ITM07759,KG,raw,5,0
Salt,ITM07760,KG,raw,0,0
Sugar,ITM07761,KG,raw,5,0
Salt,ITM07762,KG,raw,0,0
Oil,ITM07763,KG,raw,0,0
Rice,ITM07764,KG,raw,5,0
Salt,ITM07765,KG,raw,0,0
Sugar,ITM07766,KG,raw,5,0
Sugar,ITM07767,KG,raw,0,0
Sugar,ITM07768,KG,raw,0,0
Flour,ITM07769,KG,raw,0,0
Salt,ITM07770,KG,raw,5,0
Oil,ITM07771,KG,raw,5,0
Salt,ITM07772,KG,raw,0,0
Wheat,ITM07773,KG,raw,5,0
Oil,ITM07774,KG,raw,5,0
Flour,ITM07775,KG,raw,5,0
Salt,ITM07776,KG,raw,5,0
Sugar,ITM07777,KG,raw,5,0
Oil,ITM07778,KG,raw,5,0
Flour,ITM07779,KG,raw,0,0
Salt,ITM07780,KG,raw,0,0
Wheat,ITM07781,KG,raw,0,0
Rice,ITM07782,KG,raw,5,0
Rice,ITM07783,KG,raw,0,0
Sugar,ITM07784,KG,raw,0,0
Rice,ITM07785,KG,raw,5,0
Sugar,ITM07786,KG,raw,0,0
Flour,ITM07787,KG,raw,5,0
Rice,ITM07788,KG,raw,0,0
Wheat,ITM07789,KG,raw,0,0
Wheat,ITM07790,KG,raw,0,0
Wheat,ITM07791,KG,raw,5,0
Sugar,ITM07792,KG,raw,5,0
Salt,ITM07793,KG,raw,0,0
Flour,ITM07794,KG,raw,5,0
Oil,ITM07795,KG,raw,0,0
Oil,ITM07796,KG,raw,5,0
Oil,ITM07797,KG,raw,0,0
Sugar,ITM07798,KG,raw,5,0
Rice,ITM07799,KG,raw,5,0
Oil,ITM07800,KG,raw,5,0
Sugar,ITM07801,KG,raw,5,0
Sugar,ITM07802,KG,raw,5,0
Wheat,ITM07803,KG,raw,0,0
Flour,ITM07804,KG,raw,0,0
Flour,ITM07805,KG,raw,0,0
Sugar,ITM07806,KG,raw,0,0
Sugar,ITM07807,KG,raw,0,0
Oil,ITM07808,KG,raw,5,0
Flour,ITM07809,KG,raw,0,0
Flour,ITM07810,KG,raw,0,0
Flour,ITM07811,KG,raw,0,0
Wheat,ITM07812,KG,raw,5,0
Sugar,ITM07813,KG,raw,5,0
Salt,ITM07814,KG,raw,0,0
Wheat,ITM07815,KG,raw,5,0
Rice,ITM07816,KG,raw,5,0
Flour,ITM07817,KG,raw,5,0
Wheat,ITM07818,KG,raw,0,0
Rice,ITM07819,KG,raw,5,0
Wheat,ITM07820,KG,raw,0,0
Sugar,ITM07821,KG,raw,0,0
Wheat,ITM07822,KG,raw,5,0
Rice,ITM07823,KG,raw,0,0
Salt,ITM07824,KG,raw,0,0
Salt,ITM07825,KG,raw,0,0
Flour,ITM07826,KG,raw,5,0
Flour,ITM07827,KG,raw,0,0
Salt,ITM07828,KG,raw,0,0
Rice,ITM07829,KG,raw,5,0
Salt,ITM07830,KG,raw,5,0
Flour,ITM07831,KG,raw,0,0
Oil,ITM07832,KG,raw,0,0
Rice,ITM07833,KG,raw,5,0
Oil,ITM07834,KG,raw,0,0
Salt,ITM07835,KG,raw,0,0
Wheat,ITM07836,KG,raw,0,0
Flour,ITM07837,KG,raw,5,0
Flour,ITM07838,KG,raw,5,0
Flour,ITM07839,KG,raw,5,0
Rice,ITM07840,KG,raw,0,0
Sugar,ITM07841,KG,raw,5,0
Salt,ITM07842,KG,raw,5,0
Oil,ITM07843,KG,raw,5,0
Wheat,ITM07844,KG,raw,0,0
Sugar,ITM07845,KG,raw,0,0
Oil,ITM07846,KG,raw,5,0
Flour,ITM07847,KG,raw,0,0
Flour,ITM07848,KG,raw,5,0
Sugar,ITM07849,KG,raw,0,0
Flour,ITM07850,KG,raw,0,0
Salt,ITM07851,KG,raw,0,0
Oil,ITM07852,KG,raw,5,0
Sugar,ITM07853,KG,raw,5,0
Wheat,ITM07854,KG,raw,0,0
Oil,ITM07855,KG,raw,5,0
Rice,ITM07856,KG,raw,0,0
Oil,ITM07857,KG,raw,0,0
Sugar,ITM07858,KG,raw,0,0
Oil,ITM07859,KG,raw,5,0
Flour,ITM07860,KG,raw,5,0
Salt,ITM07861,KG,raw,0,0
Flour,ITM07862,KG,raw,5,0
Oil,ITM07863,KG,raw,5,0
Rice,ITM07864,KG,raw,5,0
Salt,ITM07865,KG,raw,0,0
Flour,ITM07866,KG,raw,5,0
Flour,ITM07867,KG,raw,5,0
Sugar,ITM07868,KG,raw,5,0
Salt,ITM07869,KG,raw,0,0
Salt,ITM07870,KG,raw,0,0
Rice,ITM07871,KG,raw,0,0
Rice,ITM07872,KG,raw,0,0
Salt,ITM07873,KG,raw,5,0
Flour,ITM07874,KG,raw,0,0
Flour,ITM07875,KG,raw,5,0
Sugar,ITM07876,KG,raw,0,0
Sugar,ITM07877,KG,raw,5,0
Flour,ITM07878,KG,raw,0,0
Sugar,ITM07879,KG,raw,0,0
Rice,ITM07880,KG,raw,5,0
Wheat,ITM07881,KG,raw,5,0
Oil,ITM07882,KG,raw,0,0
Oil,ITM07883,KG,raw,0,0
Sugar,ITM07884,KG,raw,0,0
Wheat,ITM07885,KG,raw,5,0
Salt,ITM07886,KG,raw,0,0
Oil,ITM07887,KG,raw,0,0
Wheat,ITM07888,KG,raw,5,0
Rice,ITM07889,KG,raw,0,0
Flour,ITM07890,KG,raw,5,0
Sugar,ITM07891,KG,raw,0,0
Salt,ITM07892,KG,raw,0,0
Wheat,ITM07893,KG,raw,0,0
Wheat,ITM07894,KG,raw,5,0
Oil,ITM07895,KG,raw,5,0
Flour,ITM07896,KG,raw,0,0
Oil,ITM07897,KG,raw,5,0
Sugar,ITM07898,KG,raw,5,0
Oil,ITM07899,KG,raw,0,0
Salt,ITM07900,KG,raw,5,0
Wheat,ITM07901,KG,raw,0,0
Flour,ITM07902,KG,raw,5,0
Salt,ITM07903,KG,raw,0,0
Oil,ITM07904,KG,raw,0,0
Rice,ITM07905,KG,raw,0,0
Flour,ITM07906,KG,raw,5,0
Oil,ITM07907,KG,raw,5,0
Sugar,ITM07908,KG,raw,5,0
Flour,ITM07909,KG,raw,5,0
Rice,ITM07910,KG,raw,5,0
Wheat,ITM07911,KG,raw,0,0
Oil,ITM07912,KG,raw,5,0
Flour,ITM07913,KG,raw,5,0
Salt,ITM07914,KG,raw,5,0
Flour,ITM07915,KG,raw,5,0
Wheat,ITM07916,KG,raw,0,0
Rice,ITM07917,KG,raw,0,0
Flour,ITM07918,KG,raw,0,0
Sugar,ITM07919,KG,raw,0,0
Salt,ITM07920,KG,raw,0,0
Rice,ITM07921,KG,raw,0,0
Sugar,ITM07922,KG,raw,0,0
Salt,ITM07923,KG,raw,0,0
Oil,ITM07924,KG,raw,0,0
Sugar,ITM07925,KG,raw,0,0
Salt,ITM07926,KG,raw,0,0
Sugar,ITM07927,KG,raw,5,0
Flour,ITM07928,KG,raw,0,0
Wheat,ITM07929,KG,raw,0,0
Salt,ITM07930,KG,raw,5,0
Flour,ITM07931,KG,raw,5,0
Salt,ITM07932,KG,raw,5,0
Oil,ITM07933,KG,raw,0,0
Oil,ITM07934,KG,raw,5,0
Wheat,ITM07935,KG,raw,5,0
Oil,ITM07936,KG,raw,5,0
Rice,ITM07937,KG,raw,5,0
Oil,ITM07938,KG,raw,0,0
Rice,ITM07939,KG,raw,0,0
Wheat,ITM07940,KG,raw,0,0
Rice,ITM07941,KG,raw,0,0
Wheat,ITM07942,KG,raw,5,0
Rice,ITM07943,KG,raw,0,0
Wheat,ITM07944,KG,raw,0,0
Rice,ITM07945,KG,raw,0,0
Oil,ITM07946,KG,raw,5,0
Rice,ITM07947,KG,raw,5,0
Rice,ITM07948,KG,raw,5,0
Oil,ITM07949,KG,raw,0,0
Rice,ITM07950,KG,raw,5,0
Flour,ITM07951,KG,raw,0,0
Sugar,ITM07952,KG,raw,5,0
Oil,ITM07953,KG,raw,5,0
Salt,ITM07954,KG,raw,5,0
Flour,ITM07955,KG,raw,0,0
Oil,ITM07956,KG,raw,0,0
Sugar,ITM07957,KG,raw,5,0
Flour,ITM07958,KG,raw,0,0
Oil,ITM07959,KG,raw,0,0
Wheat,ITM07960,KG,raw,0,0
Flour,ITM07961,KG,raw,5,0
Flour,ITM07962,KG,raw,0,0
Rice,ITM07963,KG,raw,0,0
Rice,ITM07964,KG,raw,5,0
Salt,ITM07965,KG,raw,0,0
Sugar,ITM07966,KG,raw,0,0
Sugar,ITM07967,KG,raw,0,0
Oil,ITM07968,KG,raw,5,0
Salt,ITM07969,KG,raw,0,0
Flour,ITM07970,KG,raw,0,0
Sugar,ITM07971,KG,raw,0,0
Oil,ITM07972,KG,raw,0,0
Oil,ITM07973,KG,raw,5,0
Rice,ITM07974,KG,raw,5,0
Salt,ITM07975,KG,raw,0,0
Flour,ITM07976,KG,raw,0,0
Salt,ITM07977,KG,raw,0,0
Salt,ITM07978,KG,raw,0,0
Wheat,ITM07979,KG,raw,5,0
Flour,ITM07980,KG,raw,5,0
Oil,ITM07981,KG,raw,0,0
Sugar,ITM07982,KG,raw,5,0
Sugar,ITM07983,KG,raw,0,0
Oil,ITM07984,KG,raw,0,0
Rice,ITM07985,KG,raw,5,0
Flour,ITM07986,KG,raw,0,0
Salt,ITM07987,KG,raw,0,0
Wheat,ITM07988,KG,raw,5,0
Oil,ITM07989,KG,raw,0,0
Sugar,ITM07990,KG,raw,0,0
Sugar,ITM07991,KG,raw,5,0
Salt,ITM07992,KG,raw,5,0
Salt,ITM07993,KG,raw,0,0
Flour,ITM07994,KG,raw,0,0
Rice,ITM07995,KG,raw,0,0
Flour,ITM07996,KG,raw,0,0
Wheat,ITM07997,KG,raw,0,0
Rice,ITM07998,KG,raw,0,0
Salt,ITM07999,KG,raw,0,0
Wheat,ITM08000,KG,raw,0,0
Oil,ITM08001,KG,raw,0,0
Salt,ITM08002,KG,raw,0,0
Salt,ITM08003,KG,raw,5,0
Oil,ITM08004,KG,raw,0,0
Wheat,ITM08005,KG,raw,5,0
Oil,ITM08006,KG,raw,0,0
Rice,ITM08007,KG,raw,5,0
Oil,ITM08008,KG,raw,0,0
Flour,ITM08009,KG,raw,0,0
Rice,ITM08010,KG,raw,0,0
Flour,ITM08011,KG,raw,5,0
Sugar,ITM08012,KG,raw,5,0
Rice,ITM08013,KG,raw,0,0
Sugar,ITM08014,KG,raw,0,0
Wheat,ITM08015,KG,raw,5,0
Wheat,ITM08016,KG,raw,5,0
Salt,ITM08017,KG,raw,5,0
Salt,ITM08018,KG,raw,0,0
Flour,ITM08019,KG,raw,5,0
Salt,ITM08020,KG,raw,5,0
Oil,ITM08021,KG,raw,0,0
Rice,ITM08022,KG,raw,0,0
Rice,ITM08023,KG,raw,5,0
Sugar,ITM08024,KG,raw,0,0
Flour,ITM08025,KG,raw,5,0
Salt,ITM08026,KG,raw,5,0
Rice,ITM08027,KG,raw,0,0
Wheat,ITM08028,KG,raw,5,0
Rice,ITM08029,KG,raw,5,0
Flour,ITM08030,KG,raw,0,0
Wheat,ITM08031,KG,raw,0,0
Oil,ITM08032,KG,raw,0,0
Salt,ITM08033,KG,raw,0,0
Salt,ITM08034,KG,raw,5,0
Sugar,ITM08035,KG,raw,0,0
Wheat,ITM08036,KG,raw,5,0
Flour,ITM08037,KG,raw,0,0
Salt,ITM08038,KG,raw,0,0
Rice,ITM08039,KG,raw,5,0
Rice,ITM08040,KG,raw,0,0
Rice,ITM08041,KG,raw,0,0
Rice,ITM08042,KG,raw,0,0
Salt,ITM08043,KG,raw,0,0
Flour,ITM08044,KG,raw,5,0
Oil,ITM08045,KG,raw,0,0
Sugar,ITM08046,KG,raw,5,0
Wheat,ITM08047,KG,raw,0,0
Wheat,ITM08048,KG,raw,0,0
Wheat,ITM08049,KG,raw,0,0
Flour,ITM08050,KG,raw,0,0
Sugar,ITM08051,KG,raw,5,0
Wheat,ITM08052,KG,raw,0,0
Wheat,ITM08053,KG,raw,5,0
Wheat,ITM08054,KG,raw,5,0
Wheat,ITM08055,KG,raw,0,0
Oil,ITM08056,KG,raw,0,0
Oil,ITM08057,KG,raw,0,0
Salt,ITM08058,KG,raw,0,0
Sugar,ITM08059,KG,raw,0,0
Rice,ITM08060,KG,raw,5,0
Flour,ITM08061,KG,raw,5,0
Rice,ITM08062,KG,raw,0,0
Salt,ITM08063,KG,raw,0,0
Sugar,ITM08064,KG,raw,5,0
Flour,ITM08065,KG,raw,0,0
Salt,ITM08066,KG,raw,0,0
Salt,ITM08067,KG,raw,0,0
Salt,ITM08068,KG,raw,5,0
Flour,ITM08069,KG,raw,0,0
Flour,ITM08070,KG,raw,0,0
Salt,ITM08071,KG,raw,0,0
Salt,ITM08072,KG,raw,0,0
Oil,ITM08073,KG,raw,5,0
Salt,ITM08074,KG,raw,5,0
Wheat,ITM08075,KG,raw,0,0
Salt,ITM08076,KG,raw,0,0
Rice,ITM08077,KG,raw,0,0
Oil,ITM08078,KG,raw,5,0
Wheat,ITM08079,KG,raw,5,0
Wheat,ITM08080,KG,raw,0,0
Salt,ITM08081,KG,raw,0,0
Rice,ITM08082,KG,raw,0,0
Salt,ITM08083,KG,raw,5,0
Oil,ITM08084,KG,raw,0,0
Flour,ITM08085,KG,raw,0,0
Sugar,ITM08086,KG,raw,0,0
Flour,ITM08087,KG,raw,5,0
Salt,ITM08088,KG,raw,0,0
Sugar,ITM08089,KG,raw,5,0
Salt,ITM08090,KG,raw,0,0
Salt,ITM08091,KG,raw,5,0
Sugar,ITM08092,KG,raw,5,0
Oil,ITM08093,KG,raw,0,0
Salt,ITM08094,KG,raw,5,0
Sugar,ITM08095,KG,raw,5,0
Oil,ITM08096,KG,raw,0,0
Wheat,ITM08097,KG,raw,5,0
Flour,ITM08098,KG,raw,5,0
Flour,ITM08099,KG,raw,5,0
Oil,ITM08100,KG,raw,0,0
Oil,ITM08101,KG,raw,5,0
Salt,ITM08102,KG,raw,5,0
Salt,ITM08103,KG,raw,0,0
Rice,ITM08104,KG,raw,0,0
Flour,ITM08105,KG,raw,5,0
Sugar,ITM08106,KG,raw,0,0
Rice,ITM08107,KG,raw,5,0
Salt,ITM08108,KG,raw,0,0
Salt,ITM08109,KG,raw,0,0
Wheat,ITM08110,KG,raw,5,0
Wheat,ITM08111,KG,raw,0,0
Sugar,ITM08112,KG,raw,0,0
Wheat,ITM08113,KG,raw,5,0
Flour,ITM08114,KG,raw,5,0
Wheat,ITM08115,KG,raw,0,0
Oil,ITM08116,KG,raw,5,0
Flour,ITM08117,KG,raw,5,0
Salt,ITM08118,KG,raw,5,0
Wheat,ITM08119,KG,raw,5,0
Sugar,ITM08120,KG,raw,0,0
Flour,ITM08121,KG,raw,5,0
Oil,ITM08122,KG,raw,5,0
Sugar,ITM08123,KG,raw,5,0
Rice,ITM08124,KG,raw,0,0
Flour,ITM08125,KG,raw,5,0
Sugar,ITM08126,KG,raw,0,0
Salt,ITM08127,KG,raw,5,0
Wheat,ITM08128,KG,raw,0,0
Oil,ITM08129,KG,raw,5,0
Salt,ITM08130,KG,raw,5,0
Salt,ITM08131,KG,raw,5,0
Flour,ITM08132,KG,raw,5,0
Wheat,ITM08133,KG,raw,5,0
Wheat,ITM08134,KG,raw,0,0
Rice,ITM08135,KG,raw,5,0
Sugar,ITM08136,KG,raw,5,0
Sugar,ITM08137,KG,raw,0,0
Wheat,ITM08138,KG,raw,0,0
Wheat,ITM08139,KG,raw,0,0
Flour,ITM08140,KG,raw,0,0
Rice,ITM08141,KG,raw,5,0
Sugar,ITM08142,KG,raw,5,0
Rice,ITM08143,KG,raw,5,0
Oil,ITM08144,KG,raw,0,0
Flour,ITM08145,KG,raw,5,0
Salt,ITM08146,KG,raw,5,0
Wheat,ITM08147,KG,raw,0,0
Wheat,ITM08148,KG,raw,5,0
Salt,ITM08149,KG,raw,5,0
Sugar,ITM08150,KG,raw,0,0
Flour,ITM08151,KG,raw,5,0
Flour,ITM08152,KG,raw,0,0
Rice,ITM08153,KG,raw,5,0
Wheat,ITM08154,KG,raw,5,0
Oil,ITM08155,KG,raw,0,0
Wheat,ITM08156,KG,raw,5,0
Wheat,ITM08157,KG,raw,5,0
Wheat,ITM08158,KG,raw,5,0
Sugar,ITM08159,KG,raw,0,0
Sugar,ITM08160,KG,raw,0,0
Sugar,ITM08161,KG,raw,5,0
Oil,ITM08162,KG,raw,0,0
Wheat,ITM08163,KG,raw,0,0
Salt,ITM08164,KG,raw,5,0
Flour,ITM08165,KG,raw,0,0
Sugar,ITM08166,KG,raw,0,0
Oil,ITM08167,KG,raw,0,0
Sugar,ITM08168,KG,raw,0,0
Oil,ITM08169,KG,raw,5,0
Wheat,ITM08170,KG,raw,5,0
Wheat,ITM08171,KG,raw,5,0
Sugar,ITM08172,KG,raw,0,0
Salt,ITM08173,KG,raw,0,0
Sugar,ITM08174,KG,raw,5,0
Wheat,ITM08175,KG,raw,5,0
Oil,ITM08176,KG,raw,5,0
Flour,ITM08177,KG,raw,5,0
Rice,ITM08178,KG,raw,0,0
Salt,ITM08179,KG,raw,5,0
Flour,ITM08180,KG,raw,5,0
Salt,ITM08181,KG,raw,5,0
Wheat,ITM08182,KG,raw,5,0
Wheat,ITM08183,KG,raw,5,0
Flour,ITM08184,KG,raw,0,0
Flour,ITM08185,KG,raw,5,0
Wheat,ITM08186,KG,raw,0,0
Sugar,ITM08187,KG,raw,5,0
Rice,ITM08188,KG,raw,5,0
Rice,ITM08189,KG,raw,5,0
Sugar,ITM08190,KG,raw,5,0
Salt,ITM08191,KG,raw,5,0
Salt,ITM08192,KG,raw,0,0
Flour,ITM08193,KG,raw,5,0
Oil,ITM08194,KG,raw,5,0
Rice,ITM08195,KG,raw,5,0
Rice,ITM08196,KG,raw,5,0
Oil,ITM08197,KG,raw,5,0
Salt,ITM08198,KG,raw,5,0
Sugar,ITM08199,KG,raw,0,0
Wheat,ITM08200,KG,raw,0,0
Salt,ITM08201,KG,raw,0,0
Sugar,ITM08202,KG,raw,5,0
Wheat,ITM08203,KG,raw,0,0
Oil,ITM08204,KG,raw,0,0
Salt,ITM08205,KG,raw,0,0
Oil,ITM08206,KG,raw,5,0
Sugar,ITM08207,KG,raw,5,0
Sugar,ITM08208,KG,raw,0,0
Flour,ITM08209,KG,raw,0,0
Rice,ITM08210,KG,raw,5,0
Oil,ITM08211,KG,raw,5,0
Rice,ITM08212,KG,raw,0,0
Salt,ITM08213,KG,raw,0,0
Flour,ITM08214,KG,raw,5,0
Wheat,ITM08215,KG,raw,0,0
Sugar,ITM08216,KG,raw,0,0
Sugar,ITM08217,KG,raw,0,0
Salt,ITM08218,KG,raw,0,0
Salt,ITM08219,KG,raw,0,0
Flour,ITM08220,KG,raw,0,0
Sugar,ITM08221,KG,raw,0,0
Rice,ITM08222,KG,raw,0,0
Wheat,ITM08223,KG,raw,0,0
Wheat,ITM08224,KG,raw,5,0
Oil,ITM08225,KG,raw,0,0
Flour,ITM08226,KG,raw,5,0
Salt,ITM08227,KG,raw,0,0
Wheat,ITM08228,KG,raw,0,0
Oil,ITM08229,KG,raw,0,0
Salt,ITM08230,KG,raw,5,0
Oil,ITM08231,KG,raw,5,0
Flour,ITM08232,KG,raw,5,0
Oil,ITM08233,KG,raw,0,0
Wheat,ITM08234,KG,raw,0,0
Oil,ITM08235,KG,raw,5,0
Sugar,ITM08236,KG,raw,0,0
Sugar,ITM08237,KG,raw,0,0
Wheat,ITM08238,KG,raw,5,0
Salt,ITM08239,KG,raw,5,0
Salt,ITM08240,KG,raw,5,0
Sugar,ITM08241,KG,raw,5,0
Sugar,ITM08242,KG,raw,0,0
Flour,ITM08243,KG,raw,0,0
Oil,ITM08244,KG,raw,0,0
Wheat,ITM08245,KG,raw,5,0
Rice,ITM08246,KG,raw,0,0
Oil,ITM08247,KG,raw,5,0
Oil,ITM08248,KG,raw,5,0
Flour,ITM08249,KG,raw,5,0
Flour,ITM08250,KG,raw,0,0
Rice,ITM08251,KG,raw,0,0
Flour,ITM08252,KG,raw,5,0
Rice,ITM08253,KG,raw,0,0
Sugar,ITM08254,KG,raw,0,0
Sugar,ITM08255,KG,raw,0,0
Rice,ITM08256,KG,raw,0,0
Wheat,ITM08257,KG,raw,0,0
Rice,ITM08258,KG,raw,5,0
Oil,ITM08259,KG,raw,5,0
Oil,ITM08260,KG,raw,0,0
Oil,ITM08261,KG,raw,0,0
Salt,ITM08262,KG,raw,0,0
Oil,ITM08263,KG,raw,0,0
Rice,ITM08264,KG,raw,0,0
Sugar,ITM08265,KG,raw,0,0
Wheat,ITM08266,KG,raw,5,0
Salt,ITM08267,KG,raw,5,0
Rice,ITM08268,KG,raw,5,0
Salt,ITM08269,KG,raw,0,0
Wheat,ITM08270,KG,raw,0,0
Sugar,ITM08271,KG,raw,0,0
Salt,ITM08272,KG,raw,5,0
Salt,ITM08273,KG,raw,0,0
Sugar,ITM08274,KG,raw,0,0
Sugar,ITM08275,KG,raw,0,0
Flour,ITM08276,KG,raw,0,0
Sugar,ITM08277,KG,raw,0,0
Sugar,ITM08278,KG,raw,5,0
Sugar,ITM08279,KG,raw,0,0
Salt,ITM08280,KG,raw,5,0
Rice,ITM08281,KG,raw,0,0
Flour,ITM08282,KG,raw,0,0
Oil,ITM08283,KG,raw,0,0
Flour,ITM08284,KG,raw,0,0
Flour,ITM08285,KG,raw,0,0
Sugar,ITM08286,KG,raw,0,0
Flour,ITM08287,KG,raw,0,0
Salt,ITM08288,KG,raw,5,0
Salt,ITM08289,KG,raw,0,0
Oil,ITM08290,KG,raw,0,0
Wheat,ITM08291,KG,raw,0,0
Wheat,ITM08292,KG,raw,0,0
Salt,ITM08293,KG,raw,5,0
Salt,ITM08294,KG,raw,5,0
Wheat,ITM08295,KG,raw,0,0
Salt,ITM08296,KG,raw,0,0
Salt,ITM08297,KG,raw,5,0
Salt,ITM08298,KG,raw,5,0
Flour,ITM08299,KG,raw,5,0
Salt,ITM08300,KG,raw,5,0
Oil,ITM08301,KG,raw,0,0
Flour,ITM08302,KG,raw,5,0
Wheat,ITM08303,KG,raw,0,0
Flour,ITM08304,KG,raw,5,0
Salt,ITM08305,KG,raw,5,0
Oil,ITM08306,KG,raw,0,0
Oil,ITM08307,KG,raw,0,0
Salt,ITM08308,KG,raw,0,0
Sugar,ITM08309,KG,raw,0,0
Flour,ITM08310,KG,raw,5,0
Wheat,ITM08311,KG,raw,5,0
Rice,ITM08312,KG,raw,5,0
Oil,ITM08313,KG,raw,5,0
Sugar,ITM08314,KG,raw,5,0
Wheat,ITM08315,KG,raw,5,0
Sugar,ITM08316,KG,raw,5,0
Flour,ITM08317,KG,raw,0,0
Oil,ITM08318,KG,raw,0,0
Flour,ITM08319,KG,raw,5,0
Flour,ITM08320,KG,raw,0,0
Flour,ITM08321,KG,raw,5,0
Rice,ITM08322,KG,raw,0,0
Oil,ITM08323,KG,raw,0,0
Flour,ITM08324,KG,raw,5,0
Flour,ITM08325,KG,raw,0,0
Oil,ITM08326,KG,raw,5,0
Sugar,ITM08327,KG,raw,0,0
Flour,ITM08328,KG,raw,0,0
Rice,ITM08329,KG,raw,5,0
Salt,ITM08330,KG,raw,0,0
Oil,ITM08331,KG,raw,0,0
Oil,ITM08332,KG,raw,0,0
Wheat,ITM08333,KG,raw,0,0
Salt,ITM08334,KG,raw,0,0
Salt,ITM08335,KG,raw,0,0
Oil,ITM08336,KG,raw,0,0
Salt,ITM08337,KG,raw,5,0
Flour,ITM08338,KG,raw,0,0
Wheat,ITM08339,KG,raw,0,0
Flour,ITM08340,KG,raw,0,0
Flour,ITM08341,KG,raw,0,0
Oil,ITM08342,KG,raw,5,0
Rice,ITM08343,KG,raw,5,0
Flour,ITM08344,KG,raw,0,0
Wheat,ITM08345,KG,raw,0,0
Wheat,ITM08346,KG,raw,0,0
Wheat,ITM08347,KG,raw,5,0
Oil,ITM08348,KG,raw,0,0
Salt,ITM08349,KG,raw,0,0
Wheat,ITM08350,KG,raw,5,0
Oil,ITM08351,KG,raw,5,0
Sugar,ITM08352,KG,raw,5,0
Salt,ITM08353,KG,raw,5,0
Wheat,ITM08354,KG,raw,0,0
Oil,ITM08355,KG,raw,5,0
Wheat,ITM08356,KG,raw,5,0
Flour,ITM08357,KG,raw,0,0
Oil,ITM08358,KG,raw,5,0
Wheat,ITM08359,KG,raw,0,0
Flour,ITM08360,KG,raw,0,0
Flour,ITM08361,KG,raw,0,0
Sugar,ITM08362,KG,raw,0,0
Oil,ITM08363,KG,raw,0,0
Oil,ITM08364,KG,raw,0,0
Rice,ITM08365,KG,raw,5,0
Sugar,ITM08366,KG,raw,0,0
Flour,ITM08367,KG,raw,0,0
Sugar,ITM08368,KG,raw,0,0
Rice,ITM08369,KG,raw,0,0
Sugar,ITM08370,KG,raw,0,0
Oil,ITM08371,KG,raw,0,0
Flour,ITM08372,KG,raw,5,0
Wheat,ITM08373,KG,raw,5,0
Rice,ITM08374,KG,raw,0,0
Oil,ITM08375,KG,raw,5,0
Wheat,ITM08376,KG,raw,0,0
Rice,ITM08377,KG,raw,0,0
Rice,ITM08378,KG,raw,0,0
Rice,ITM08379,KG,raw,0,0
Rice,ITM08380,KG,raw,0,0
Sugar,ITM08381,KG,raw,0,0
Flour,ITM08382,KG,raw,5,0
Wheat,ITM08383,KG,raw,0,0
Wheat,ITM08384,KG,raw,5,0
Wheat,ITM08385,KG,raw,5,0
Salt,ITM08386,KG,raw,5,0
Oil,ITM08387,KG,raw,5,0
Flour,ITM08388,KG,raw,5,0
Wheat,ITM08389,KG,raw,5,0
Wheat,ITM08390,KG,raw,0,0
Rice,ITM08391,KG,raw,5,0
Wheat,ITM08392,KG,raw,5,0
Flour,ITM08393,KG,raw,0,0
Sugar,ITM08394,KG,raw,0,0
Rice,ITM08395,KG,raw,5,0
Oil,ITM08396,KG,raw,5,0
Flour,ITM08397,KG,raw,0,0
Wheat,ITM08398,KG,raw,0,0
Rice,ITM08399,KG,raw,5,0
Sugar,ITM08400,KG,raw,5,0
Salt,ITM08401,KG,raw,5,0
Salt,ITM08402,KG,raw,0,0
Salt,ITM08403,KG,raw,5,0
Flour,ITM08404,KG,raw,5,0
Wheat,ITM08405,KG,raw,0,0
Oil,ITM08406,KG,raw,0,0
Sugar,ITM08407,KG,raw,0,0
Salt,ITM08408,KG,raw,0,0
Sugar,ITM08409,KG,raw,0,0
Rice,ITM08410,KG,raw,0,0
Rice,ITM08411,KG,raw,5,0
Oil,ITM08412,KG,raw,0,0
Sugar,ITM08413,KG,raw,0,0
Flour,ITM08414,KG,raw,0,0
Salt,ITM08415,KG,raw,0,0
Flour,ITM08416,KG,raw,0,0
Oil,ITM08417,KG,raw,5,0
Oil,ITM08418,KG,raw,0,0
Salt,ITM08419,KG,raw,5,0
Salt,ITM08420,KG,raw,5,0
Rice,ITM08421,KG,raw,0,0
Sugar,ITM08422,KG,raw,0,0
Sugar,ITM08423,KG,raw,0,0
Sugar,ITM08424,KG,raw,0,0
Salt,ITM08425,KG,raw,0,0
Oil,ITM08426,KG,raw,5,0
Oil,ITM08427,KG,raw,5,0
Sugar,ITM08428,KG,raw,0,0
Sugar,ITM08429,KG,raw,0,0
Salt,ITM08430,KG,raw,5,0
Oil,ITM08431,KG,raw,5,0
Salt,ITM08432,KG,raw,0,0
Flour,ITM08433,KG,raw,0,0
Oil,ITM08434,KG,raw,5,0
Rice,ITM08435,KG,raw,5,0
Sugar,ITM08436,KG,raw,0,0
Wheat,ITM08437,KG,raw,0,0
Salt,ITM08438,KG,raw,0,0
Rice,ITM08439,KG,raw,5,0
Sugar,ITM08440,KG,raw,0,0
Wheat,ITM08441,KG,raw,5,0
Rice,ITM08442,KG,raw,5,0
Wheat,ITM08443,KG,raw,5,0
Oil,ITM08444,KG,raw,5,0
Rice,ITM08445,KG,raw,0,0
Flour,ITM08446,KG,raw,0,0
Sugar,ITM08447,KG,raw,0,0
Flour,ITM08448,KG,raw,5,0
Rice,ITM08449,KG,raw,5,0
Sugar,ITM08450,KG,raw,0,0
Wheat,ITM08451,KG,raw,5,0
Wheat,ITM08452,KG,raw,5,0
Rice,ITM08453,KG,raw,0,0
Sugar,ITM08454,KG,raw,5,0
Wheat,ITM08455,KG,raw,5,0
Sugar,ITM08456,KG,raw,5,0
Rice,ITM08457,KG,raw,0,0
Salt,ITM08458,KG,raw,0,0
Rice,ITM08459,KG,raw,0,0
Flour,ITM08460,KG,raw,0,0
Oil,ITM08461,KG,raw,5,0
Rice,ITM08462,KG,raw,5,0
Flour,ITM08463,KG,raw,5,0
Oil,ITM08464,KG,raw,0,0
Salt,ITM08465,KG,raw,5,0
Rice,ITM08466,KG,raw,5,0
Sugar,ITM08467,KG,raw,5,0
Sugar,ITM08468,KG,raw,0,0
Rice,ITM08469,KG,raw,5,0
Rice,ITM08470,KG,raw,0,0
Sugar,ITM08471,KG,raw,5,0
Salt,ITM08472,KG,raw,5,0
Flour,ITM08473,KG,raw,0,0
Sugar,ITM08474,KG,raw,5,0
Flour,ITM08475,KG,raw,5,0
Sugar,ITM08476,KG,raw,0,0
Rice,ITM08477,KG,raw,0,0
Oil,ITM08478,KG,raw,0,0
Oil,ITM08479,KG,raw,0,0
Oil,ITM08480,KG,raw,0,0
Flour,ITM08481,KG,raw,0,0
Salt,ITM08482,KG,raw,0,0
Salt,ITM08483,KG,raw,5,0
Salt,ITM08484,KG,raw,5,0
Sugar,ITM08485,KG,raw,0,0
Oil,ITM08486,KG,raw,5,0
Rice,ITM08487,KG,raw,0,0
Flour,ITM08488,KG,raw,0,0
Oil,ITM08489,KG,raw,5,0
Sugar,ITM08490,KG,raw,0,0
Rice,ITM08491,KG,raw,5,0
Rice,ITM08492,KG,raw,5,0
Sugar,ITM08493,KG,raw,5,0
Sugar,ITM08494,KG,raw,0,0
Sugar,ITM08495,KG,raw,0,0
Flour,ITM08496,KG,raw,0,0
Oil,ITM08497,KG,raw,0,0
Rice,ITM08498,KG,raw,0,0
Oil,ITM08499,KG,raw,0,0
Sugar,ITM08500,KG,raw,0,0
Flour,ITM08501,KG,raw,0,0
Flour,ITM08502,KG,raw,0,0
Rice,ITM08503,KG,raw,5,0
Flour,ITM08504,KG,raw,0,0
Sugar,ITM08505,KG,raw,5,0
Wheat,ITM08506,KG,raw,0,0
Flour,ITM08507,KG,raw,0,0
Oil,ITM08508,KG,raw,5,0
Sugar,ITM08509,KG,raw,5,0
Wheat,ITM08510,KG,raw,0,0
Sugar,ITM08511,KG,raw,0,0
Salt,ITM08512,KG,raw,5,0
Salt,ITM08513,KG,raw,5,0
Flour,ITM08514,KG,raw,5,0
Oil,ITM08515,KG,raw,5,0
Oil,ITM08516,KG,raw,5,0
Rice,ITM08517,KG,raw,0,0
Salt,ITM08518,KG,raw,0,0
Flour,ITM08519,KG,raw,0,0
Wheat,ITM08520,KG,raw,5,0
Oil,ITM08521,KG,raw,0,0
Flour,ITM08522,KG,raw,5,0
Oil,ITM08523,KG,raw,5,0
Salt,ITM08524,KG,raw,0,0
Sugar,ITM08525,KG,raw,5,0
Sugar,ITM08526,KG,raw,5,0
Salt,ITM08527,KG,raw,0,0
Rice,ITM08528,KG,raw,0,0
Rice,ITM08529,KG,raw,5,0
Wheat,ITM08530,KG,raw,0,0
Flour,ITM08531,KG,raw,5,0
Sugar,ITM08532,KG,raw,5,0
Sugar,ITM08533,KG,raw,5,0
Sugar,ITM08534,KG,raw,0,0
Salt,ITM08535,KG,raw,0,0
Rice,ITM08536,KG,raw,0,0
Rice,ITM08537,KG,raw,5,0
Salt,ITM08538,KG,raw,0,0
Sugar,ITM08539,KG,raw,0,0
Rice,ITM08540,KG,raw,5,0
Rice,ITM08541,KG,raw,5,0
Rice,ITM08542,KG,raw,5,0
Wheat,ITM08543,KG,raw,0,0
Wheat,ITM08544,KG,raw,0,0
Oil,ITM08545,KG,raw,0,0
Rice,ITM08546,KG,raw,0,0
Sugar,ITM08547,KG,raw,0,0
Oil,ITM08548,KG,raw,5,0
Oil,ITM08549,KG,raw,5,0
Flour,ITM08550,KG,raw,0,0
Wheat,ITM08551,KG,raw,5,0
Oil,ITM08552,KG,raw,5,0
Wheat,ITM08553,KG,raw,0,0
Salt,ITM08554,KG,raw,0,0
Sugar,ITM08555,KG,raw,5,0
Salt,ITM08556,KG,raw,5,0
Oil,ITM08557,KG,raw,5,0
Sugar,ITM08558,KG,raw,5,0
Flour,ITM08559,KG,raw,5,0
Flour,ITM08560,KG,raw,0,0
Oil,ITM08561,KG,raw,5,0
Salt,ITM08562,KG,raw,5,0
Salt,ITM08563,KG,raw,5,0
Wheat,ITM08564,KG,raw,0,0
Flour,ITM08565,KG,raw,5,0
Oil,ITM08566,KG,raw,0,0
Sugar,ITM08567,KG,raw,0,0
Sugar,ITM08568,KG,raw,5,0
Rice,ITM08569,KG,raw,5,0
Flour,ITM08570,KG,raw,5,0
Sugar,ITM08571,KG,raw,5,0
Wheat,ITM08572,KG,raw,0,0
Oil,ITM08573,KG,raw,5,0
Wheat,ITM08574,KG,raw,5,0
Oil,ITM08575,KG,raw,0,0
Wheat,ITM08576,KG,raw,0,0
Oil,ITM08577,KG,raw,5,0
Oil,ITM08578,KG,raw,0,0
Flour,ITM08579,KG,raw,0,0
Flour,ITM08580,KG,raw,5,0
Rice,ITM08581,KG,raw,0,0
Rice,ITM08582,KG,raw,0,0
Oil,ITM08583,KG,raw,5,0
Flour,ITM08584,KG,raw,0,0
Flour,ITM08585,KG,raw,5,0
Wheat,ITM08586,KG,raw,5,0
Sugar,ITM08587,KG,raw,5,0
Sugar,ITM08588,KG,raw,0,0
Sugar,ITM08589,KG,raw,5,0
Sugar,ITM08590,KG,raw,5,0
Flour,ITM08591,KG,raw,5,0
Sugar,ITM08592,KG,raw,0,0
Rice,ITM08593,KG,raw,5,0
Flour,ITM08594,KG,raw,5,0
Wheat,ITM08595,KG,raw,5,0
Flour,ITM08596,KG,raw,5,0
Oil,ITM08597,KG,raw,0,0
Salt,ITM08598,KG,raw,0,0
Oil,ITM08599,KG,raw,0,0
Sugar,ITM08600,KG,raw,5,0
Wheat,ITM08601,KG,raw,5,0
Flour,ITM08602,KG,raw,5,0
Flour,ITM08603,KG,raw,5,0
Salt,ITM08604,KG,raw,5,0
Rice,ITM08605,KG,raw,5,0
Oil,ITM08606,KG,raw,0,0
Wheat,ITM08607,KG,raw,0,0
Wheat,ITM08608,KG,raw,0,0
Wheat,ITM08609,KG,raw,0,0
Rice,ITM08610,KG,raw,5,0
Wheat,ITM08611,KG,raw,5,0
Rice,ITM08612,KG,raw,0,0
Rice,ITM08613,KG,raw,0,0
Flour,ITM08614,KG,raw,0,0
Wheat,ITM08615,KG,raw,0,0
Flour,ITM08616,KG,raw,0,0
Salt,ITM08617,KG,raw,5,0
Wheat,ITM08618,KG,raw,5,0
Salt,ITM08619,KG,raw,0,0
Flour,ITM08620,KG,raw,0,0
Oil,ITM08621,KG,raw,0,0
Sugar,ITM08622,KG,raw,5,0
Salt,ITM08623,KG,raw,0,0
Oil,ITM08624,KG,raw,0,0
Salt,ITM08625,KG,raw,0,0
Sugar,ITM08626,KG,raw,0,0
Sugar,ITM08627,KG,raw,0,0
Oil,ITM08628,KG,raw,0,0
Oil,ITM08629,KG,raw,5,0
Flour,ITM08630,KG,raw,5,0
Wheat,ITM08631,KG,raw,0,0
Wheat,ITM08632,KG,raw,0,0
Wheat,ITM08633,KG,raw,0,0
Sugar,ITM08634,KG,raw,5,0
Salt,ITM08635,KG,raw,5,0
Salt,ITM08636,KG,raw,0,0
Wheat,ITM08637,KG,raw,0,0
Flour,ITM08638,KG,raw,0,0
Rice,ITM08639,KG,raw,5,0
Sugar,ITM08640,KG,raw,0,0
Rice,ITM08641,KG,raw,0,0
Rice,ITM08642,KG,raw,0,0
Sugar,ITM08643,KG,raw,0,0
Sugar,ITM08644,KG,raw,5,0
Sugar,ITM08645,KG,raw,0,0
Wheat,ITM08646,KG,raw,5,0
Oil,ITM08647,KG,raw,5,0
Flour,ITM08648,KG,raw,0,0
Oil,ITM08649,KG,raw,0,0
Flour,ITM08650,KG,raw,5,0
Flour,ITM08651,KG,raw,0,0
Rice,ITM08652,KG,raw,0,0
Salt,ITM08653,KG,raw,0,0
Oil,ITM08654,KG,raw,5,0
Rice,ITM08655,KG,raw,5,0
Flour,ITM08656,KG,raw,5,0
Sugar,ITM08657,KG,raw,0,0
Salt,ITM08658,KG,raw,5,0
Oil,ITM08659,KG,raw,5,0
Sugar,ITM08660,KG,raw,0,0
Wheat,ITM08661,KG,raw,0,0
Oil,ITM08662,KG,raw,0,0
Wheat,ITM08663,KG,raw,0,0
Rice,ITM08664,KG,raw,0,0
Wheat,ITM08665,KG,raw,5,0
Flour,ITM08666,KG,raw,0,0
Wheat,ITM08667,KG,raw,5,0
Salt,ITM08668,KG,raw,5,0
Wheat,ITM08669,KG,raw,5,0
Salt,ITM08670,KG,raw,0,0
Flour,ITM08671,KG,raw,0,0
Sugar,ITM08672,KG,raw,5,0
Flour,ITM08673,KG,raw,5,0
Oil,ITM08674,KG,raw,5,0
Salt,ITM08675,KG,raw,0,0
Rice,ITM08676,KG,raw,5,0
Flour,ITM08677,KG,raw,0,0
Oil,ITM08678,KG,raw,5,0
Wheat,ITM08679,KG,raw,5,0
Wheat,ITM08680,KG,raw,0,0
Salt,ITM08681,KG,raw,5,0
Salt,ITM08682,KG,raw,0,0
Oil,ITM08683,KG,raw,5,0
Rice,ITM08684,KG,raw,5,0
Wheat,ITM08685,KG,raw,0,0
Wheat,ITM08686,KG,raw,5,0
Sugar,ITM08687,KG,raw,5,0
Sugar,ITM08688,KG,raw,0,0
Sugar,ITM08689,KG,raw,5,0
Salt,ITM08690,KG,raw,5,0
Salt,ITM08691,KG,raw,0,0
Wheat,ITM08692,KG,raw,0,0
Flour,ITM08693,KG,raw,5,0
Oil,ITM08694,KG,raw,5,0
Wheat,ITM08695,KG,raw,5,0
Flour,ITM08696,KG,raw,0,0
Wheat,ITM08697,KG,raw,0,0
Sugar,ITM08698,KG,raw,5,0
Salt,ITM08699,KG,raw,5,0
Rice,ITM08700,KG,raw,0,0
Flour,ITM08701,KG,raw,0,0
Sugar,ITM08702,KG,raw,0,0
Salt,ITM08703,KG,raw,0,0
Wheat,ITM08704,KG,raw,0,0
Salt,ITM08705,KG,raw,5,0
Salt,ITM08706,KG,raw,0,0
Wheat,ITM08707,KG,raw,5,0
Sugar,ITM08708,KG,raw,0,0
Oil,ITM08709,KG,raw,0,0
Salt,ITM08710,KG,raw,0,0
Sugar,ITM08711,KG,raw,0,0
Rice,ITM08712,KG,raw,5,0
Wheat,ITM08713,KG,raw,0,0
Oil,ITM08714,KG,raw,0,0
Sugar,ITM08715,KG,raw,0,0
Sugar,ITM08716,KG,raw,0,0
Salt,ITM08717,KG,raw,0,0
Wheat,ITM08718,KG,raw,0,0
Flour,ITM08719,KG,raw,5,0
Wheat,ITM08720,KG,raw,0,0
Rice,ITM08721,KG,raw,5,0
Salt,ITM08722,KG,raw,5,0
Oil,ITM08723,KG,raw,5,0
Salt,ITM08724,KG,raw,0,0
Sugar,ITM08725,KG,raw,0,0
Salt,ITM08726,KG,raw,5,0
Flour,ITM08727,KG,raw,5,0
Rice,ITM08728,KG,raw,0,0
Flour,ITM08729,KG,raw,0,0
Wheat,ITM08730,KG,raw,0,0
Flour,ITM08731,KG,raw,0,0
Flour,ITM08732,KG,raw,0,0
Oil,ITM08733,KG,raw,0,0
Rice,ITM08734,KG,raw,5,0
Salt,ITM08735,KG,raw,5,0
Salt,ITM08736,KG,raw,0,0
Rice,ITM08737,KG,raw,5,0
Oil,ITM08738,KG,raw,0,0
Salt,ITM08739,KG,raw,0,0
Wheat,ITM08740,KG,raw,0,0
Sugar,ITM08741,KG,raw,0,0
Wheat,ITM08742,KG,raw,5,0
Rice,ITM08743,KG,raw,5,0
Wheat,ITM08744,KG,raw,0,0
Sugar,ITM08745,KG,raw,5,0
Wheat,ITM08746,KG,raw,0,0
Oil,ITM08747,KG,raw,0,0
Oil,ITM08748,KG,raw,5,0
Salt,ITM08749,KG,raw,5,0
Oil,ITM08750,KG,raw,5,0
Flour,ITM08751,KG,raw,0,0
Wheat,ITM08752,KG,raw,0,0
Oil,ITM08753,KG,raw,5,0
Sugar,ITM08754,KG,raw,0,0
Sugar,ITM08755,KG,raw,0,0
Salt,ITM08756,KG,raw,5,0
Flour,ITM08757,KG,raw,5,0
Wheat,ITM08758,KG,raw,0,0
Rice,ITM08759,KG,raw,5,0
Oil,ITM08760,KG,raw,5,0
Flour,ITM08761,KG,raw,5,0
Rice,ITM08762,KG,raw,5,0
Wheat,ITM08763,KG,raw,5,0
Flour,ITM08764,KG,raw,0,0
Sugar,ITM08765,KG,raw,0,0
Wheat,ITM08766,KG,raw,0,0
Salt,ITM08767,KG,raw,5,0
Salt,ITM08768,KG,raw,5,0
Rice,ITM08769,KG,raw,0,0
Rice,ITM08770,KG,raw,0,0
Sugar,ITM08771,KG,raw,0,0
Salt,ITM08772,KG,raw,0,0
Oil,ITM08773,KG,raw,5,0
Wheat,ITM08774,KG,raw,5,0
Flour,ITM08775,KG,raw,0,0
Salt,ITM08776,KG,raw,0,0
Wheat,ITM08777,KG,raw,0,0
Wheat,ITM08778,KG,raw,0,0
Wheat,ITM08779,KG,raw,0,0
Oil,ITM08780,KG,raw,0,0
Oil,ITM08781,KG,raw,5,0
Rice,ITM08782,KG,raw,0,0
Oil,ITM08783,KG,raw,5,0
Wheat,ITM08784,KG,raw,0,0
Flour,ITM08785,KG,raw,0,0
Sugar,ITM08786,KG,raw,0,0
Wheat,ITM08787,KG,raw,5,0
Salt,ITM08788,KG,raw,5,0
Salt,ITM08789,KG,raw,5,0
Flour,ITM08790,KG,raw,0,0
Salt,ITM08791,KG,raw,5,0
Wheat,ITM08792,KG,raw,0,0
Flour,ITM08793,KG,raw,5,0
Wheat,ITM08794,KG,raw,0,0
Rice,ITM08795,KG,raw,0,0
Salt,ITM08796,KG,raw,0,0
Sugar,ITM08797,KG,raw,0,0
Rice,ITM08798,KG,raw,5,0
Flour,ITM08799,KG,raw,0,0
Oil,ITM08800,KG,raw,0,0
Oil,ITM08801,KG,raw,5,0
Rice,ITM08802,KG,raw,0,0
Rice,ITM08803,KG,raw,0,0
Flour,ITM08804,KG,raw,0,0
Sugar,ITM08805,KG,raw,0,0
Salt,ITM08806,KG,raw,5,0
Flour,ITM08807,KG,raw,5,0
Flour,ITM08808,KG,raw,5,0
Wheat,ITM08809,KG,raw,0,0
Oil,ITM08810,KG,raw,0,0
Oil,ITM08811,KG,raw,0,0
Rice,ITM08812,KG,raw,5,0
Salt,ITM08813,KG,raw,0,0
Wheat,ITM08814,KG,raw,5,0
Wheat,ITM08815,KG,raw,5,0
Wheat,ITM08816,KG,raw,5,0
Rice,ITM08817,KG,raw,5,0
Oil,ITM08818,KG,raw,5,0
Rice,ITM08819,KG,raw,5,0
Flour,ITM08820,KG,raw,5,0
Salt,ITM08821,KG,raw,5,0
Rice,ITM08822,KG,raw,5,0
Wheat,ITM08823,KG,raw,0,0
Salt,ITM08824,KG,raw,5,0
Sugar,ITM08825,KG,raw,5,0
Rice,ITM08826,KG,raw,0,0
Wheat,ITM08827,KG,raw,5,0
Wheat,ITM08828,KG,raw,5,0
Flour,ITM08829,KG,raw,5,0
Wheat,ITM08830,KG,raw,5,0
Oil,ITM08831,KG,raw,5,0
Wheat,ITM08832,KG,raw,5,0
Sugar,ITM08833,KG,raw,5,0
Salt,ITM08834,KG,raw,5,0
Wheat,ITM08835,KG,raw,0,0
Sugar,ITM08836,KG,raw,5,0
Wheat,ITM08837,KG,raw,5,0
Salt,ITM08838,KG,raw,5,0
Rice,ITM08839,KG,raw,0,0
Sugar,ITM08840,KG,raw,5,0
Rice,ITM08841,KG,raw,0,0
Wheat,ITM08842,KG,raw,0,0
Wheat,ITM08843,KG,raw,0,0
Rice,ITM08844,KG,raw,5,0
Rice,ITM08845,KG,raw,5,0
Wheat,ITM08846,KG,raw,0,0
Oil,ITM08847,KG,raw,5,0
Salt,ITM08848,KG,raw,5,0
Flour,ITM08849,KG,raw,5,0
Oil,ITM08850,KG,raw,5,0
Salt,ITM08851,KG,raw,5,0
Oil,ITM08852,KG,raw,0,0
Flour,ITM08853,KG,raw,0,0
Oil,ITM08854,KG,raw,5,0
Flour,ITM08855,KG,raw,0,0
Flour,ITM08856,KG,raw,0,0
Sugar,ITM08857,KG,raw,5,0
Sugar,ITM08858,KG,raw,5,0
Wheat,ITM08859,KG,raw,0,0
Oil,ITM08860,KG,raw,5,0
Flour,ITM08861,KG,raw,0,0
Sugar,ITM08862,KG,raw,0,0
Salt,ITM08863,KG,raw,0,0
Salt,ITM08864,KG,raw,0,0
Salt,ITM08865,KG,raw,0,0
Sugar,ITM08866,KG,raw,5,0
Salt,ITM08867,KG,raw,5,0
Sugar,ITM08868,KG,raw,0,0
Salt,ITM08869,KG,raw,0,0
Salt,ITM08870,KG,raw,0,0
Rice,ITM08871,KG,raw,5,0
Flour,ITM08872,KG,raw,5,0
Oil,ITM08873,KG,raw,0,0
Oil,ITM08874,KG,raw,0,0
Salt,ITM08875,KG,raw,0,0
Sugar,ITM08876,KG,raw,5,0
Oil,ITM08877,KG,raw,0,0
Flour,ITM08878,KG,raw,0,0
Flour,ITM08879,KG,raw,0,0
Salt,ITM08880,KG,raw,0,0
Sugar,ITM08881,KG,raw,5,0
Sugar,ITM08882,KG,raw,0,0
Flour,ITM08883,KG,raw,0,0
Rice,ITM08884,KG,raw,0,0
Flour,ITM08885,KG,raw,5,0
Sugar,ITM08886,KG,raw,5,0
Salt,ITM08887,KG,raw,5,0
Wheat,ITM08888,KG,raw,5,0
Flour,ITM08889,KG,raw,5,0
Flour,ITM08890,KG,raw,5,0
Sugar,ITM08891,KG,raw,0,0
Salt,ITM08892,KG,raw,0,0
Salt,ITM08893,KG,raw,5,0
Oil,ITM08894,KG,raw,5,0
Flour,ITM08895,KG,raw,0,0
Wheat,ITM08896,KG,raw,0,0
Wheat,ITM08897,KG,raw,5,0
Sugar,ITM08898,KG,raw,0,0
Sugar,ITM08899,KG,raw,0,0
Oil,ITM08900,KG,raw,5,0
Wheat,ITM08901,KG,raw,5,0
Rice,ITM08902,KG,raw,0,0
Wheat,ITM08903,KG,raw,0,0
Oil,ITM08904,KG,raw,0,0
Sugar,ITM08905,KG,raw,5,0
Sugar,ITM08906,KG,raw,5,0
Oil,ITM08907,KG,raw,0,0
Wheat,ITM08908,KG,raw,5,0
Oil,ITM08909,KG,raw,0,0
Salt,ITM08910,KG,raw,0,0
Oil,ITM08911,KG,raw,5,0
Sugar,ITM08912,KG,raw,5,0
Flour,ITM08913,KG,raw,5,0
Wheat,ITM08914,KG,raw,5,0
Flour,ITM08915,KG,raw,0,0
Sugar,ITM08916,KG,raw,5,0
Flour,ITM08917,KG,raw,5,0
Wheat,ITM08918,KG,raw,5,0
Flour,ITM08919,KG,raw,5,0
Wheat,ITM08920,KG,raw,5,0
Wheat,ITM08921,KG,raw,5,0
Flour,ITM08922,KG,raw,5,0
Flour,ITM08923,KG,raw,0,0
Oil,ITM08924,KG,raw,5,0
Flour,ITM08925,KG,raw,5,0
Oil,ITM08926,KG,raw,0,0
Flour,ITM08927,KG,raw,0,0
Oil,ITM08928,KG,raw,0,0
Wheat,ITM08929,KG,raw,0,0
Rice,ITM08930,KG,raw,0,0
Sugar,ITM08931,KG,raw,0,0
Sugar,ITM08932,KG,raw,5,0
Salt,ITM08933,KG,raw,5,0
Flour,ITM08934,KG,raw,0,0
Rice,ITM08935,KG,raw,5,0
Sugar,ITM08936,KG,raw,5,0
Oil,ITM08937,KG,raw,0,0
Sugar,ITM08938,KG,raw,0,0
Rice,ITM08939,KG,raw,5,0
Salt,ITM08940,KG,raw,0,0
Wheat,ITM08941,KG,raw,0,0
Rice,ITM08942,KG,raw,5,0
Rice,ITM08943,KG,raw,5,0
Sugar,ITM08944,KG,raw,5,0
Flour,ITM08945,KG,raw,0,0
Rice,ITM08946,KG,raw,5,0
Wheat,ITM08947,KG,raw,5,0
Salt,ITM08948,KG,raw,5,0
Oil,ITM08949,KG,raw,0,0
Rice,ITM08950,KG,raw,5,0
Sugar,ITM08951,KG,raw,0,0
Wheat,ITM08952,KG,raw,0,0
Salt,ITM08953,KG,raw,5,0
Oil,ITM08954,KG,raw,5,0
Salt,ITM08955,KG,raw,0,0
Oil,ITM08956,KG,raw,5,0
Oil,ITM08957,KG,raw,0,0
Rice,ITM08958,KG,raw,0,0
Oil,ITM08959,KG,raw,0,0
Oil,ITM08960,KG,raw,5,0
Flour,ITM08961,KG,raw,5,0
Salt,ITM08962,KG,raw,5,0
Wheat,ITM08963,KG,raw,5,0
Sugar,ITM08964,KG,raw,0,0
Wheat,ITM08965,KG,raw,0,0
Sugar,ITM08966,KG,raw,5,0
Oil,ITM08967,KG,raw,0,0
Wheat,ITM08968,KG,raw,5,0
Wheat,ITM08969,KG,raw,0,0
Flour,ITM08970,KG,raw,0,0
Oil,ITM08971,KG,raw,0,0
Sugar,ITM08972,KG,raw,5,0
Oil,ITM08973,KG,raw,5,0
Rice,ITM08974,KG,raw,0,0
Sugar,ITM08975,KG,raw,5,0
Flour,ITM08976,KG,raw,0,0
Oil,ITM08977,KG,raw,5,0
Wheat,ITM08978,KG,raw,5,0
Wheat,ITM08979,KG,raw,5,0
Rice,ITM08980,KG,raw,5,0
Salt,ITM08981,KG,raw,0,0
Salt,ITM08982,KG,raw,0,0
Salt,ITM08983,KG,raw,0,0
Rice,ITM08984,KG,raw,5,0
Oil,ITM08985,KG,raw,0,0
Wheat,ITM08986,KG,raw,0,0
Rice,ITM08987,KG,raw,5,0
Flour,ITM08988,KG,raw,5,0
Oil,ITM08989,KG,raw,5,0
Wheat,ITM08990,KG,raw,0,0
Flour,ITM08991,KG,raw,0,0
Flour,ITM08992,KG,raw,0,0
Salt,ITM08993,KG,raw,5,0
Rice,ITM08994,KG,raw,0,0
Flour,ITM08995,KG,raw,0,0
Sugar,ITM08996,KG,raw,0,0
Sugar,ITM08997,KG,raw,0,0
Oil,ITM08998,KG,raw,5,0
Oil,ITM08999,KG,raw,0,0
Sugar,ITM09000,KG,raw,5,0
Rice,ITM09001,KG,raw,0,0
Flour,ITM09002,KG,raw,0,0
Flour,ITM09003,KG,raw,0,0
Oil,ITM09004,KG,raw,0,0
Wheat,ITM09005,KG,raw,0,0
Sugar,ITM09006,KG,raw,0,0
Flour,ITM09007,KG,raw,5,0
Sugar,ITM09008,KG,raw,5,0
Sugar,ITM09009,KG,raw,0,0
Flour,ITM09010,KG,raw,5,0
Wheat,ITM09011,KG,raw,0,0
Salt,ITM09012,KG,raw,5,0
Flour,ITM09013,KG,raw,5,0
Oil,ITM09014,KG,raw,5,0
Sugar,ITM09015,KG,raw,5,0
Salt,ITM09016,KG,raw,0,0
Wheat,ITM09017,KG,raw,5,0
Rice,ITM09018,KG,raw,5,0
Wheat,ITM09019,KG,raw,0,0
Oil,ITM09020,KG,raw,0,0
Flour,ITM09021,KG,raw,0,0
Sugar,ITM09022,KG,raw,5,0
Salt,ITM09023,KG,raw,0,0
Salt,ITM09024,KG,raw,0,0
Wheat,ITM09025,KG,raw,5,0
Sugar,ITM09026,KG,raw,5,0
Rice,ITM09027,KG,raw,0,0
Oil,ITM09028,KG,raw,5,0
Salt,ITM09029,KG,raw,0,0
Salt,ITM09030,KG,raw,0,0
Flour,ITM09031,KG,raw,5,0
Salt,ITM09032,KG,raw,5,0
Flour,ITM09033,KG,raw,0,0
Salt,ITM09034,KG,raw,5,0
Rice,ITM09035,KG,raw,0,0
Flour,ITM09036,KG,raw,5,0
Rice,ITM09037,KG,raw,5,0
Salt,ITM09038,KG,raw,5,0
Flour,ITM09039,KG,raw,5,0
Rice,ITM09040,KG,raw,5,0
Salt,ITM09041,KG,raw,0,0
Flour,ITM09042,KG,raw,5,0
Oil,ITM09043,KG,raw,5,0
Sugar,ITM09044,KG,raw,0,0
Rice,ITM09045,KG,raw,5,0
Salt,ITM09046,KG,raw,0,0
Flour,ITM09047,KG,raw,0,0
Wheat,ITM09048,KG,raw,0,0
Salt,ITM09049,KG,raw,5,0
Wheat,ITM09050,KG,raw,5,0
Rice,ITM09051,KG,raw,0,0
Sugar,ITM09052,KG,raw,5,0
Flour,ITM09053,KG,raw,0,0
Sugar,ITM09054,KG,raw,5,0
Rice,ITM09055,KG,raw,0,0
Sugar,ITM09056,KG,raw,5,0
Flour,ITM09057,KG,raw,0,0
Sugar,ITM09058,KG,raw,5,0
Rice,ITM09059,KG,raw,5,0
Salt,ITM09060,KG,raw,5,0
Rice,ITM09061,KG,raw,5,0
Wheat,ITM09062,KG,raw,5,0
Sugar,ITM09063,KG,raw,5,0
Oil,ITM09064,KG,raw,0,0
Salt,ITM09065,KG,raw,5,0
Wheat,ITM09066,KG,raw,5,0
Rice,ITM09067,KG,raw,0,0
Sugar,ITM09068,KG,raw,5,0
Oil,ITM09069,KG,raw,0,0
Salt,ITM09070,KG,raw,5,0
Wheat,ITM09071,KG,raw,5,0
Sugar,ITM09072,KG,raw,0,0
Oil,ITM09073,KG,raw,0,0
Sugar,ITM09074,KG,raw,0,0
Wheat,ITM09075,KG,raw,0,0
Flour,ITM09076,KG,raw,5,0
Rice,ITM09077,KG,raw,0,0
Rice,ITM09078,KG,raw,0,0
Salt,ITM09079,KG,raw,5,0
Rice,ITM09080,KG,raw,0,0
Sugar,ITM09081,KG,raw,5,0
Salt,ITM09082,KG,raw,0,0
Salt,ITM09083,KG,raw,5,0
Oil,ITM09084,KG,raw,0,0
Oil,ITM09085,KG,raw,5,0
Flour,ITM09086,KG,raw,5,0
Rice,ITM09087,KG,raw,0,0
Wheat,ITM09088,KG,raw,0,0
Oil,ITM09089,KG,raw,0,0
Sugar,ITM09090,KG,raw,0,0
Oil,ITM09091,KG,raw,0,0
Flour,ITM09092,KG,raw,5,0
Salt,ITM09093,KG,raw,5,0
Salt,ITM09094,KG,raw,0,0
Wheat,ITM09095,KG,raw,0,0
Sugar,ITM09096,KG,raw,5,0
Salt,ITM09097,KG,raw,0,0
Flour,ITM09098,KG,raw,0,0
Flour,ITM09099,KG,raw,5,0
Flour,ITM09100,KG,raw,5,0
Wheat,ITM09101,KG,raw,0,0
Rice,ITM09102,KG,raw,5,0
Salt,ITM09103,KG,raw,0,0
Oil,ITM09104,KG,raw,5,0
Wheat,ITM09105,KG,raw,0,0
Wheat,ITM09106,KG,raw,5,0
Flour,ITM09107,KG,raw,0,0
Rice,ITM09108,KG,raw,0,0
Flour,ITM09109,KG,raw,5,0
Oil,ITM09110,KG,raw,0,0
Rice,ITM09111,KG,raw,5,0
Oil,ITM09112,KG,raw,0,0
Sugar,ITM09113,KG,raw,0,0
Rice,ITM09114,KG,raw,0,0
Flour,ITM09115,KG,raw,0,0
Flour,ITM09116,KG,raw,0,0
Wheat,ITM09117,KG,raw,0,0
Oil,ITM09118,KG,raw,0,0
Oil,ITM09119,KG,raw,5,0
Wheat,ITM09120,KG,raw,0,0
Wheat,ITM09121,KG,raw,0,0
Flour,ITM09122,KG,raw,0,0
Sugar,ITM09123,KG,raw,5,0
Sugar,ITM09124,KG,raw,5,0
Sugar,ITM09125,KG,raw,5,0
Flour,ITM09126,KG,raw,5,0
Wheat,ITM09127,KG,raw,5,0
Wheat,ITM09128,KG,raw,5,0
Rice,ITM09129,KG,raw,0,0
Oil,ITM09130,KG,raw,5,0
Rice,ITM09131,KG,raw,0,0
Rice,ITM09132,KG,raw,5,0
Flour,ITM09133,KG,raw,5,0
Sugar,ITM09134,KG,raw,0,0
Sugar,ITM09135,KG,raw,0,0
Salt,ITM09136,KG,raw,0,0
Rice,ITM09137,KG,raw,5,0
Rice,ITM09138,KG,raw,0,0
Sugar,ITM09139,KG,raw,0,0
Oil,ITM09140,KG,raw,5,0
Oil,ITM09141,KG,raw,5,0
Flour,ITM09142,KG,raw,5,0
Flour,ITM09143,KG,raw,5,0
Salt,ITM09144,KG,raw,0,0
Oil,ITM09145,KG,raw,0,0
Rice,ITM09146,KG,raw,0,0
Rice,ITM09147,KG,raw,0,0
Salt,ITM09148,KG,raw,5,0
Rice,ITM09149,KG,raw,0,0
Salt,ITM09150,KG,raw,0,0
Flour,ITM09151,KG,raw,5,0
Flour,ITM09152,KG,raw,5,0
Rice,ITM09153,KG,raw,0,0
Salt,ITM09154,KG,raw,0,0
Flour,ITM09155,KG,raw,5,0
Flour,ITM09156,KG,raw,5,0
Rice,ITM09157,KG,raw,0,0
Rice,ITM09158,KG,raw,5,0
Salt,ITM09159,KG,raw,0,0
Flour,ITM09160,KG,raw,0,0
Oil,ITM09161,KG,raw,5,0
Oil,ITM09162,KG,raw,5,0
Sugar,ITM09163,KG,raw,0,0
Salt,ITM09164,KG,raw,5,0
Salt,ITM09165,KG,raw,0,0
Oil,ITM09166,KG,raw,0,0
Wheat,ITM09167,KG,raw,0,0
Sugar,ITM09168,KG,raw,0,0
Sugar,ITM09169,KG,raw,5,0
Oil,ITM09170,KG,raw,5,0
Oil,ITM09171,KG,raw,0,0
Rice,ITM09172,KG,raw,5,0
Salt,ITM09173,KG,raw,0,0
Salt,ITM09174,KG,raw,0,0
Sugar,ITM09175,KG,raw,5,0
Wheat,ITM09176,KG,raw,0,0
Oil,ITM09177,KG,raw,5,0
Rice,ITM09178,KG,raw,5,0
Oil,ITM09179,KG,raw,5,0
Oil,ITM09180,KG,raw,0,0
Rice,ITM09181,KG,raw,0,0
Sugar,ITM09182,KG,raw,5,0
Salt,ITM09183,KG,raw,5,0
Flour,ITM09184,KG,raw,5,0
Rice,ITM09185,KG,raw,0,0
Oil,ITM09186,KG,raw,5,0
Rice,ITM09187,KG,raw,0,0
Wheat,ITM09188,KG,raw,0,0
Flour,ITM09189,KG,raw,5,0
Flour,ITM09190,KG,raw,0,0
Salt,ITM09191,KG,raw,0,0
Flour,ITM09192,KG,raw,0,0
Wheat,ITM09193,KG,raw,5,0
Sugar,ITM09194,KG,raw,0,0
Wheat,ITM09195,KG,raw,0,0
Flour,ITM09196,KG,raw,5,0
Sugar,ITM09197,KG,raw,5,0
Flour,ITM09198,KG,raw,0,0
Salt,ITM09199,KG,raw,0,0
Sugar,ITM09200,KG,raw,5,0
Salt,ITM09201,KG,raw,0,0
Salt,ITM09202,KG,raw,0,0
Oil,ITM09203,KG,raw,5,0
Oil,ITM09204,KG,raw,5,0
Wheat,ITM09205,KG,raw,5,0
Wheat,ITM09206,KG,raw,5,0
Wheat,ITM09207,KG,raw,0,0
Salt,ITM09208,KG,raw,5,0
Sugar,ITM09209,KG,raw,0,0
Rice,ITM09210,KG,raw,5,0
Oil,ITM09211,KG,raw,0,0
Rice,ITM09212,KG,raw,0,0
Salt,ITM09213,KG,raw,0,0
Sugar,ITM09214,KG,raw,5,0
Oil,ITM09215,KG,raw,0,0
Oil,ITM09216,KG,raw,5,0
Flour,ITM09217,KG,raw,5,0
Sugar,ITM09218,KG,raw,0,0
Salt,ITM09219,KG,raw,0,0
Wheat,ITM09220,KG,raw,5,0
Rice,ITM09221,KG,raw,0,0
Salt,ITM09222,KG,raw,5,0
Flour,ITM09223,KG,raw,0,0
Sugar,ITM09224,KG,raw,0,0
Wheat,ITM09225,KG,raw,0,0
Flour,ITM09226,KG,raw,5,0
Salt,ITM09227,KG,raw,0,0
Flour,ITM09228,KG,raw,5,0
Salt,ITM09229,KG,raw,5,0
Sugar,ITM09230,KG,raw,0,0
Sugar,ITM09231,KG,raw,5,0
Flour,ITM09232,KG,raw,0,0
Sugar,ITM09233,KG,raw,5,0
Rice,ITM09234,KG,raw,0,0
Oil,ITM09235,KG,raw,5,0
Salt,ITM09236,KG,raw,0,0
Oil,ITM09237,KG,raw,5,0
Wheat,ITM09238,KG,raw,5,0
Oil,ITM09239,KG,raw,5,0
Rice,ITM09240,KG,raw,0,0
Sugar,ITM09241,KG,raw,0,0
Oil,ITM09242,KG,raw,5,0
Flour,ITM09243,KG,raw,5,0
Oil,ITM09244,KG,raw,0,0
Salt,ITM09245,KG,raw,0,0
Rice,ITM09246,KG,raw,5,0
Wheat,ITM09247,KG,raw,5,0
Flour,ITM09248,KG,raw,5,0
Wheat,ITM09249,KG,raw,0,0
Salt,ITM09250,KG,raw,5,0
Wheat,ITM09251,KG,raw,0,0
Salt,ITM09252,KG,raw,5,0
Oil,ITM09253,KG,raw,0,0
Flour,ITM09254,KG,raw,0,0
Rice,ITM09255,KG,raw,5,0
Sugar,ITM09256,KG,raw,0,0
Wheat,ITM09257,KG,raw,5,0
Sugar,ITM09258,KG,raw,5,0
Wheat,ITM09259,KG,raw,0,0
Wheat,ITM09260,KG,raw,0,0
Rice,ITM09261,KG,raw,5,0
Oil,ITM09262,KG,raw,5,0
Sugar,ITM09263,KG,raw,0,0
Flour,ITM09264,KG,raw,5,0
Wheat,ITM09265,KG,raw,0,0
Wheat,ITM09266,KG,raw,5,0
Flour,ITM09267,KG,raw,5,0
Salt,ITM09268,KG,raw,0,0
Salt,ITM09269,KG,raw,5,0
Oil,ITM09270,KG,raw,5,0
Salt,ITM09271,KG,raw,0,0
Flour,ITM09272,KG,raw,5,0
Salt,ITM09273,KG,raw,0,0
Rice,ITM09274,KG,raw,5,0
Wheat,ITM09275,KG,raw,5,0
Wheat,ITM09276,KG,raw,5,0
Flour,ITM09277,KG,raw,0,0
Oil,ITM09278,KG,raw,0,0
Wheat,ITM09279,KG,raw,5,0
Sugar,ITM09280,KG,raw,5,0
Oil,ITM09281,KG,raw,5,0
Wheat,ITM09282,KG,raw,5,0
Rice,ITM09283,KG,raw,5,0
Wheat,ITM09284,KG,raw,0,0
Wheat,ITM09285,KG,raw,0,0
Salt,ITM09286,KG,raw,0,0
Sugar,ITM09287,KG,raw,5,0
Sugar,ITM09288,KG,raw,5,0
Oil,ITM09289,KG,raw,0,0
Salt,ITM09290,KG,raw,5,0
Sugar,ITM09291,KG,raw,0,0
Flour,ITM09292,KG,raw,5,0
Oil,ITM09293,KG,raw,5,0
Salt,ITM09294,KG,raw,0,0
Flour,ITM09295,KG,raw,0,0
Rice,ITM09296,KG,raw,5,0
Salt,ITM09297,KG,raw,5,0
Oil,ITM09298,KG,raw,0,0
Flour,ITM09299,KG,raw,0,0
Sugar,ITM09300,KG,raw,0,0
Salt,ITM09301,KG,raw,5,0
Flour,ITM09302,KG,raw,0,0
Oil,ITM09303,KG,raw,5,0
Flour,ITM09304,KG,raw,0,0
Sugar,ITM09305,KG,raw,0,0
Salt,ITM09306,KG,raw,5,0
Salt,ITM09307,KG,raw,0,0
Oil,ITM09308,KG,raw,0,0
Rice,ITM09309,KG,raw,0,0
Salt,ITM09310,KG,raw,0,0
Sugar,ITM09311,KG,raw,0,0
Wheat,ITM09312,KG,raw,5,0
Flour,ITM09313,KG,raw,0,0
Rice,ITM09314,KG,raw,5,0
Flour,ITM09315,KG,raw,0,0
Wheat,ITM09316,KG,raw,5,0
Rice,ITM09317,KG,raw,5,0
Salt,ITM09318,KG,raw,5,0
Rice,ITM09319,KG,raw,5,0
Wheat,ITM09320,KG,raw,5,0
Oil,ITM09321,KG,raw,5,0
Wheat,ITM09322,KG,raw,5,0
Salt,ITM09323,KG,raw,0,0
Oil,ITM09324,KG,raw,0,0
Oil,ITM09325,KG,raw,0,0
Rice,ITM09326,KG,raw,0,0
Sugar,ITM09327,KG,raw,5,0
Oil,ITM09328,KG,raw,5,0
Oil,ITM09329,KG,raw,5,0
Wheat,ITM09330,KG,raw,5,0
Flour,ITM09331,KG,raw,0,0
Flour,ITM09332,KG,raw,0,0
Rice,ITM09333,KG,raw,0,0
Rice,ITM09334,KG,raw,5,0
Flour,ITM09335,KG,raw,5,0
Oil,ITM09336,KG,raw,0,0
Sugar,ITM09337,KG,raw,5,0
Rice,ITM09338,KG,raw,5,0
Rice,ITM09339,KG,raw,5,0
Oil,ITM09340,KG,raw,0,0
Oil,ITM09341,KG,raw,5,0
Sugar,ITM09342,KG,raw,0,0
Sugar,ITM09343,KG,raw,0,0
Oil,ITM09344,KG,raw,5,0
Rice,ITM09345,KG,raw,0,0
Sugar,ITM09346,KG,raw,0,0
Oil,ITM09347,KG,raw,5,0
Oil,ITM09348,KG,raw,5,0
Sugar,ITM09349,KG,raw,5,0
Oil,ITM09350,KG,raw,5,0
Oil,ITM09351,KG,raw,5,0
Flour,ITM09352,KG,raw,0,0
Oil,ITM09353,KG,raw,5,0
Oil,ITM09354,KG,raw,5,0
Flour,ITM09355,KG,raw,0,0
Sugar,ITM09356,KG,raw,5,0
Wheat,ITM09357,KG,raw,0,0
Oil,ITM09358,KG,raw,0,0
Salt,ITM09359,KG,raw,5,0
Rice,ITM09360,KG,raw,5,0
Salt,ITM09361,KG,raw,0,0
Oil,ITM09362,KG,raw,5,0
Rice,ITM09363,KG,raw,5,0
Wheat,ITM09364,KG,raw,5,0
Wheat,ITM09365,KG,raw,0,0
Oil,ITM09366,KG,raw,5,0
Wheat,ITM09367,KG,raw,0,0
Oil,ITM09368,KG,raw,5,0
Rice,ITM09369,KG,raw,5,0
Salt,ITM09370,KG,raw,0,0
Flour,ITM09371,KG,raw,5,0
Wheat,ITM09372,KG,raw,5,0
Rice,ITM09373,KG,raw,0,0
Wheat,ITM09374,KG,raw,0,0
Rice,ITM09375,KG,raw,5,0
Oil,ITM09376,KG,raw,0,0
Sugar,ITM09377,KG,raw,0,0
Flour,ITM09378,KG,raw,0,0
Wheat,ITM09379,KG,raw,5,0
Rice,ITM09380,KG,raw,0,0
Sugar,ITM09381,KG,raw,0,0
Salt,ITM09382,KG,raw,5,0
Sugar,ITM09383,KG,raw,5,0
Rice,ITM09384,KG,raw,5,0
Flour,ITM09385,KG,raw,0,0
Salt,ITM09386,KG,raw,0,0
Wheat,ITM09387,KG,raw,5,0
Wheat,ITM09388,KG,raw,5,0
Flour,ITM09389,KG,raw,5,0
Rice,ITM09390,KG,raw,0,0
Sugar,ITM09391,KG,raw,0,0
Salt,ITM09392,KG,raw,0,0
Wheat,ITM09393,KG,raw,5,0
Oil,ITM09394,KG,raw,5,0
Salt,ITM09395,KG,raw,5,0
Flour,ITM09396,KG,raw,5,0
Sugar,ITM09397,KG,raw,5,0
Sugar,ITM09398,KG,raw,5,0
Salt,ITM09399,KG,raw,5,0
Salt,ITM09400,KG,raw,0,0
Wheat,ITM09401,KG,raw,0,0
Salt,ITM09402,KG,raw,0,0
Flour,ITM09403,KG,raw,0,0
Salt,ITM09404,KG,raw,5,0
Oil,ITM09405,KG,raw,0,0
Oil,ITM09406,KG,raw,0,0
Rice,ITM09407,KG,raw,0,0
Sugar,ITM09408,KG,raw,0,0
Wheat,ITM09409,KG,raw,5,0
Oil,ITM09410,KG,raw,0,0
Wheat,ITM09411,KG,raw,0,0
Oil,ITM09412,KG,raw,0,0
Flour,ITM09413,KG,raw,0,0
Sugar,ITM09414,KG,raw,5,0
Rice,ITM09415,KG,raw,0,0
Salt,ITM09416,KG,raw,0,0
Sugar,ITM09417,KG,raw,5,0
Oil,ITM09418,KG,raw,0,0
Salt,ITM09419,KG,raw,5,0
Oil,ITM09420,KG,raw,5,0
Wheat,ITM09421,KG,raw,0,0
Sugar,ITM09422,KG,raw,5,0
Wheat,ITM09423,KG,raw,5,0
Oil,ITM09424,KG,raw,5,0
Wheat,ITM09425,KG,raw,0,0
Salt,ITM09426,KG,raw,0,0
Wheat,ITM09427,KG,raw,0,0
Salt,ITM09428,KG,raw,0,0
Salt,ITM09429,KG,raw,5,0
Wheat,ITM09430,KG,raw,5,0
Oil,ITM09431,KG,raw,0,0
Rice,ITM09432,KG,raw,5,0
Rice,ITM09433,KG,raw,0,0
Flour,ITM09434,KG,raw,0,0
Flour,ITM09435,KG,raw,5,0
Sugar,ITM09436,KG,raw,0,0
Oil,ITM09437,KG,raw,5,0
Oil,ITM09438,KG,raw,0,0
Sugar,ITM09439,KG,raw,5,0
Sugar,ITM09440,KG,raw,0,0
Rice,ITM09441,KG,raw,5,0
Rice,ITM09442,KG,raw,0,0
Oil,ITM09443,KG,raw,0,0
Oil,ITM09444,KG,raw,5,0
Wheat,ITM09445,KG,raw,0,0
Flour,ITM09446,KG,raw,5,0
Salt,ITM09447,KG,raw,5,0
Oil,ITM09448,KG,raw,0,0
Salt,ITM09449,KG,raw,5,0
Sugar,ITM09450,KG,raw,5,0
Wheat,ITM09451,KG,raw,0,0
Wheat,ITM09452,KG,raw,5,0
Flour,ITM09453,KG,raw,5,0
Oil,ITM09454,KG,raw,0,0
Salt,ITM09455,KG,raw,0,0
Flour,ITM09456,KG,raw,5,0
Salt,ITM09457,KG,raw,0,0
Wheat,ITM09458,KG,raw,0,0
Flour,ITM09459,KG,raw,5,0
Wheat,ITM09460,KG,raw,5,0
Wheat,ITM09461,KG,raw,5,0
Flour,ITM09462,KG,raw,5,0
Salt,ITM09463,KG,raw,0,0
Wheat,ITM09464,KG,raw,5,0
Sugar,ITM09465,KG,raw,5,0
Rice,ITM09466,KG,raw,0,0
Sugar,ITM09467,KG,raw,5,0
Sugar,ITM09468,KG,raw,5,0
Rice,ITM09469,KG,raw,5,0
Rice,ITM09470,KG,raw,5,0
Sugar,ITM09471,KG,raw,0,0
Salt,ITM09472,KG,raw,5,0
Sugar,ITM09473,KG,raw,0,0
Salt,ITM09474,KG,raw,0,0
Oil,ITM09475,KG,raw,5,0
Salt,ITM09476,KG,raw,0,0
Oil,ITM09477,KG,raw,0,0
Sugar,ITM09478,KG,raw,0,0
Sugar,ITM09479,KG,raw,0,0
Flour,ITM09480,KG,raw,5,0
Salt,ITM09481,KG,raw,0,0
Rice,ITM09482,KG,raw,5,0
Flour,ITM09483,KG,raw,5,0
Wheat,ITM09484,KG,raw,0,0
Rice,ITM09485,KG,raw,5,0
Wheat,ITM09486,KG,raw,5,0
Wheat,ITM09487,KG,raw,5,0
Salt,ITM09488,KG,raw,5,0
Oil,ITM09489,KG,raw,5,0
Wheat,ITM09490,KG,raw,0,0
Rice,ITM09491,KG,raw,5,0
Wheat,ITM09492,KG,raw,0,0
Rice,ITM09493,KG,raw,5,0
Oil,ITM09494,KG,raw,5,0
Flour,ITM09495,KG,raw,5,0
Flour,ITM09496,KG,raw,0,0
Sugar,ITM09497,KG,raw,0,0
Rice,ITM09498,KG,raw,0,0
Flour,ITM09499,KG,raw,5,0
Sugar,ITM09500,KG,raw,0,0
Rice,ITM09501,KG,raw,0,0
Salt,ITM09502,KG,raw,0,0
Salt,ITM09503,KG,raw,5,0
Salt,ITM09504,KG,raw,5,0
Oil,ITM09505,KG,raw,5,0
Salt,ITM09506,KG,raw,0,0
Oil,ITM09507,KG,raw,0,0
Flour,ITM09508,KG,raw,0,0
Salt,ITM09509,KG,raw,0,0
Wheat,ITM09510,KG,raw,0,0
Salt,ITM09511,KG,raw,0,0
Salt,ITM09512,KG,raw,5,0
Rice,ITM09513,KG,raw,5,0
Oil,ITM09514,KG,raw,5,0
Wheat,ITM09515,KG,raw,5,0
Oil,ITM09516,KG,raw,0,0
Rice,ITM09517,KG,raw,5,0
Oil,ITM09518,KG,raw,0,0
Rice,ITM09519,KG,raw,0,0
Sugar,ITM09520,KG,raw,5,0
Flour,ITM09521,KG,raw,5,0
Wheat,ITM09522,KG,raw,5,0
Rice,ITM09523,KG,raw,5,0
Flour,ITM09524,KG,raw,0,0
Wheat,ITM09525,KG,raw,5,0
Oil,ITM09526,KG,raw,0,0
Oil,ITM09527,KG,raw,5,0
Salt,ITM09528,KG,raw,0,0
Rice,ITM09529,KG,raw,0,0
Oil,ITM09530,KG,raw,5,0
Rice,ITM09531,KG,raw,0,0
Salt,ITM09532,KG,raw,5,0
Sugar,ITM09533,KG,raw,0,0
Oil,ITM09534,KG,raw,5,0
Sugar,ITM09535,KG,raw,5,0
Oil,ITM09536,KG,raw,5,0
Oil,ITM09537,KG,raw,0,0
Wheat,ITM09538,KG,raw,0,0
Wheat,ITM09539,KG,raw,5,0
Sugar,ITM09540,KG,raw,5,0
Sugar,ITM09541,KG,raw,0,0
Rice,ITM09542,KG,raw,0,0
Sugar,ITM09543,KG,raw,0,0
Oil,ITM09544,KG,raw,5,0
Sugar,ITM09545,KG,raw,0,0
Flour,ITM09546,KG,raw,5,0
Wheat,ITM09547,KG,raw,5,0
Salt,ITM09548,KG,raw,5,0
Rice,ITM09549,KG,raw,5,0
Oil,ITM09550,KG,raw,5,0
Wheat,ITM09551,KG,raw,0,0
Oil,ITM09552,KG,raw,0,0
Oil,ITM09553,KG,raw,5,0
Sugar,ITM09554,KG,raw,5,0
Sugar,ITM09555,KG,raw,0,0
Oil,ITM09556,KG,raw,5,0
Flour,ITM09557,KG,raw,5,0
Wheat,ITM09558,KG,raw,0,0
Rice,ITM09559,KG,raw,5,0
Salt,ITM09560,KG,raw,5,0
Wheat,ITM09561,KG,raw,0,0
Flour,ITM09562,KG,raw,5,0
Sugar,ITM09563,KG,raw,5,0
Wheat,ITM09564,KG,raw,0,0
Salt,ITM09565,KG,raw,0,0
Wheat,ITM09566,KG,raw,0,0
Salt,ITM09567,KG,raw,5,0
Rice,ITM09568,KG,raw,5,0
Rice,ITM09569,KG,raw,5,0
Wheat,ITM09570,KG,raw,5,0
Oil,ITM09571,KG,raw,0,0
Wheat,ITM09572,KG,raw,5,0
Flour,ITM09573,KG,raw,0,0
Flour,ITM09574,KG,raw,0,0
Oil,ITM09575,KG,raw,0,0
Oil,ITM09576,KG,raw,0,0
Wheat,ITM09577,KG,raw,0,0
Oil,ITM09578,KG,raw,0,0
Flour,ITM09579,KG,raw,0,0
Oil,ITM09580,KG,raw,0,0
Salt,ITM09581,KG,raw,0,0
Salt,ITM09582,KG,raw,0,0
Flour,ITM09583,KG,raw,0,0
Salt,ITM09584,KG,raw,5,0
Rice,ITM09585,KG,raw,5,0
Sugar,ITM09586,KG,raw,5,0
Wheat,ITM09587,KG,raw,0,0
Wheat,ITM09588,KG,raw,0,0
Sugar,ITM09589,KG,raw,0,0
Oil,ITM09590,KG,raw,0,0
Salt,ITM09591,KG,raw,5,0
Oil,ITM09592,KG,raw,0,0
Rice,ITM09593,KG,raw,0,0
Salt,ITM09594,KG,raw,5,0
Flour,ITM09595,KG,raw,5,0
Rice,ITM09596,KG,raw,0,0
Salt,ITM09597,KG,raw,5,0
Sugar,ITM09598,KG,raw,5,0
Wheat,ITM09599,KG,raw,5,0
Oil,ITM09600,KG,raw,0,0
Wheat,ITM09601,KG,raw,0,0
Rice,ITM09602,KG,raw,0,0
Rice,ITM09603,KG,raw,0,0
Salt,ITM09604,KG,raw,5,0
Salt,ITM09605,KG,raw,5,0
Flour,ITM09606,KG,raw,0,0
Sugar,ITM09607,KG,raw,0,0
Salt,ITM09608,KG,raw,5,0
Oil,ITM09609,KG,raw,0,0
Wheat,ITM09610,KG,raw,0,0
Oil,ITM09611,KG,raw,0,0
Oil,ITM09612,KG,raw,5,0
Rice,ITM09613,KG,raw,0,0
Wheat,ITM09614,KG,raw,5,0
Salt,ITM09615,KG,raw,0,0
Sugar,ITM09616,KG,raw,5,0
Flour,ITM09617,KG,raw,0,0
Flour,ITM09618,KG,raw,5,0
Rice,ITM09619,KG,raw,5,0
Rice,ITM09620,KG,raw,0,0
Sugar,ITM09621,KG,raw,0,0
Sugar,ITM09622,KG,raw,5,0
Sugar,ITM09623,KG,raw,5,0
Oil,ITM09624,KG,raw,5,0
Rice,ITM09625,KG,raw,5,0
Salt,ITM09626,KG,raw,0,0
Flour,ITM09627,KG,raw,5,0
Oil,ITM09628,KG,raw,0,0
Flour,ITM09629,KG,raw,0,0
Sugar,ITM09630,KG,raw,5,0
Flour,ITM09631,KG,raw,0,0
Wheat,ITM09632,KG,raw,5,0
Wheat,ITM09633,KG,raw,5,0
Rice,ITM09634,KG,raw,5,0
Rice,ITM09635,KG,raw,5,0
Sugar,ITM09636,KG,raw,5,0
Flour,ITM09637,KG,raw,0,0
Flour,ITM09638,KG,raw,5,0
Wheat,ITM09639,KG,raw,0,0
Flour,ITM09640,KG,raw,0,0
Salt,ITM09641,KG,raw,5,0
Salt,ITM09642,KG,raw,5,0
Salt,ITM09643,KG,raw,5,0
Wheat,ITM09644,KG,raw,0,0
Oil,ITM09645,KG,raw,0,0
Wheat,ITM09646,KG,raw,5,0
Sugar,ITM09647,KG,raw,5,0
Salt,ITM09648,KG,raw,0,0
Rice,ITM09649,KG,raw,0,0
Sugar,ITM09650,KG,raw,0,0
Flour,ITM09651,KG,raw,0,0
Flour,ITM09652,KG,raw,0,0
Sugar,ITM09653,KG,raw,0,0
Wheat,ITM09654,KG,raw,0,0
Rice,ITM09655,KG,raw,5,0
Oil,ITM09656,KG,raw,5,0
Rice,ITM09657,KG,raw,5,0
Salt,ITM09658,KG,raw,0,0
Flour,ITM09659,KG,raw,5,0
Wheat,ITM09660,KG,raw,0,0
Oil,ITM09661,KG,raw,5,0
Salt,ITM09662,KG,raw,5,0
Flour,ITM09663,KG,raw,5,0
Oil,ITM09664,KG,raw,0,0
Salt,ITM09665,KG,raw,5,0
Wheat,ITM09666,KG,raw,0,0
Wheat,ITM09667,KG,raw,0,0
Sugar,ITM09668,KG,raw,5,0
Oil,ITM09669,KG,raw,0,0
Wheat,ITM09670,KG,raw,0,0
Flour,ITM09671,KG,raw,5,0
Oil,ITM09672,KG,raw,0,0
Rice,ITM09673,KG,raw,5,0
Rice,ITM09674,KG,raw,5,0
Flour,ITM09675,KG,raw,0,0
Wheat,ITM09676,KG,raw,0,0
Salt,ITM09677,KG,raw,5,0
Oil,ITM09678,KG,raw,0,0
Rice,ITM09679,KG,raw,5,0
Rice,ITM09680,KG,raw,0,0
Sugar,ITM09681,KG,raw,5,0
Rice,ITM09682,KG,raw,0,0
Rice,ITM09683,KG,raw,5,0
Wheat,ITM09684,KG,raw,5,0
Sugar,ITM09685,KG,raw,0,0
Sugar,ITM09686,KG,raw,0,0
Salt,ITM09687,KG,raw,0,0
Oil,ITM09688,KG,raw,5,0
Salt,ITM09689,KG,raw,5,0
Rice,ITM09690,KG,raw,5,0
Salt,ITM09691,KG,raw,5,0
Oil,ITM09692,KG,raw,0,0
Sugar,ITM09693,KG,raw,5,0
Wheat,ITM09694,KG,raw,0,0
Rice,ITM09695,KG,raw,5,0
Oil,ITM09696,KG,raw,0,0
Rice,ITM09697,KG,raw,5,0
Wheat,ITM09698,KG,raw,5,0
Salt,ITM09699,KG,raw,5,0
Oil,ITM09700,KG,raw,0,0
Flour,ITM09701,KG,raw,5,0
Wheat,ITM09702,KG,raw,0,0
Rice,ITM09703,KG,raw,5,0
Salt,ITM09704,KG,raw,5,0
Oil,ITM09705,KG,raw,0,0
Flour,ITM09706,KG,raw,0,0
Oil,ITM09707,KG,raw,0,0
Sugar,ITM09708,KG,raw,5,0
Salt,ITM09709,KG,raw,0,0
Oil,ITM09710,KG,raw,5,0
Sugar,ITM09711,KG,raw,0,0
Wheat,ITM09712,KG,raw,5,0
Oil,ITM09713,KG,raw,5,0
Salt,ITM09714,KG,raw,0,0
Salt,ITM09715,KG,raw,5,0
Rice,ITM09716,KG,raw,0,0
Flour,ITM09717,KG,raw,5,0
Oil,ITM09718,KG,raw,0,0
Wheat,ITM09719,KG,raw,0,0
Wheat,ITM09720,KG,raw,0,0
Sugar,ITM09721,KG,raw,0,0
Flour,ITM09722,KG,raw,5,0
Oil,ITM09723,KG,raw,5,0
Oil,ITM09724,KG,raw,0,0
Rice,ITM09725,KG,raw,5,0
Wheat,ITM09726,KG,raw,5,0
Wheat,ITM09727,KG,raw,0,0
Rice,ITM09728,KG,raw,0,0
Wheat,ITM09729,KG,raw,0,0
Rice,ITM09730,KG,raw,5,0
Sugar,ITM09731,KG,raw,5,0
Flour,ITM09732,KG,raw,5,0
Wheat,ITM09733,KG,raw,5,0
Oil,ITM09734,KG,raw,5,0
Salt,ITM09735,KG,raw,5,0
Rice,ITM09736,KG,raw,0,0
Flour,ITM09737,KG,raw,0,0
Oil,ITM09738,KG,raw,5,0
Oil,ITM09739,KG,raw,0,0
Oil,ITM09740,KG,raw,5,0
Oil,ITM09741,KG,raw,0,0
Salt,ITM09742,KG,raw,0,0
Rice,ITM09743,KG,raw,5,0
Salt,ITM09744,KG,raw,0,0
Salt,ITM09745,KG,raw,5,0
Rice,ITM09746,KG,raw,0,0
Rice,ITM09747,KG,raw,0,0
Rice,ITM09748,KG,raw,0,0
Oil,ITM09749,KG,raw,0,0
Wheat,ITM09750,KG,raw,0,0
Wheat,ITM09751,KG,raw,5,0
Flour,ITM09752,KG,raw,5,0
Oil,ITM09753,KG,raw,5,0
Flour,ITM09754,KG,raw,5,0
Sugar,ITM09755,KG,raw,0,0
Oil,ITM09756,KG,raw,0,0
Salt,ITM09757,KG,raw,5,0
Rice,ITM09758,KG,raw,5,0
Oil,ITM09759,KG,raw,5,0
Salt,ITM09760,KG,raw,0,0
Sugar,ITM09761,KG,raw,0,0
Flour,ITM09762,KG,raw,0,0
Oil,ITM09763,KG,raw,0,0
Salt,ITM09764,KG,raw,0,0
Salt,ITM09765,KG,raw,0,0
Oil,ITM09766,KG,raw,5,0
Salt,ITM09767,KG,raw,5,0
Sugar,ITM09768,KG,raw,5,0
Sugar,ITM09769,KG,raw,0,0
Rice,ITM09770,KG,raw,5,0
Rice,ITM09771,KG,raw,0,0
Sugar,ITM09772,KG,raw,0,0
Rice,ITM09773,KG,raw,5,0
Oil,ITM09774,KG,raw,5,0
Rice,ITM09775,KG,raw,5,0
Wheat,ITM09776,KG,raw,5,0
Oil,ITM09777,KG,raw,5,0
Oil,ITM09778,KG,raw,5,0
Wheat,ITM09779,KG,raw,0,0
Oil,ITM09780,KG,raw,5,0
Flour,ITM09781,KG,raw,5,0
Salt,ITM09782,KG,raw,5,0
Oil,ITM09783,KG,raw,5,0
Oil,ITM09784,KG,raw,5,0
Flour,ITM09785,KG,raw,5,0
Salt,ITM09786,KG,raw,0,0
Flour,ITM09787,KG,raw,0,0
Oil,ITM09788,KG,raw,0,0
Salt,ITM09789,KG,raw,0,0
Rice,ITM09790,KG,raw,0,0
Rice,ITM09791,KG,raw,0,0
Salt,ITM09792,KG,raw,0,0
Rice,ITM09793,KG,raw,5,0
Wheat,ITM09794,KG,raw,5,0
Sugar,ITM09795,KG,raw,5,0
Rice,ITM09796,KG,raw,5,0
Salt,ITM09797,KG,raw,5,0
Wheat,ITM09798,KG,raw,5,0
Rice,ITM09799,KG,raw,5,0
Wheat,ITM09800,KG,raw,0,0
Salt,ITM09801,KG,raw,0,0
Salt,ITM09802,KG,raw,0,0
Rice,ITM09803,KG,raw,0,0
Salt,ITM09804,KG,raw,5,0
Rice,ITM09805,KG,raw,0,0
Oil,ITM09806,KG,raw,0,0
Salt,ITM09807,KG,raw,0,0
Oil,ITM09808,KG,raw,0,0
Oil,ITM09809,KG,raw,0,0
Sugar,ITM09810,KG,raw,0,0
Oil,ITM09811,KG,raw,5,0
Flour,ITM09812,KG,raw,5,0
Wheat,ITM09813,KG,raw,0,0
Rice,ITM09814,KG,raw,5,0
Flour,ITM09815,KG,raw,0,0
Oil,ITM09816,KG,raw,0,0
Sugar,ITM09817,KG,raw,0,0
Sugar,ITM09818,KG,raw,5,0
Flour,ITM09819,KG,raw,5,0
Salt,ITM09820,KG,raw,5,0
Sugar,ITM09821,KG,raw,0,0
Rice,ITM09822,KG,raw,5,0
Rice,ITM09823,KG,raw,5,0
Rice,ITM09824,KG,raw,5,0
Wheat,ITM09825,KG,raw,5,0
Sugar,ITM09826,KG,raw,5,0
Oil,ITM09827,KG,raw,0,0
Wheat,ITM09828,KG,raw,0,0
Wheat,ITM09829,KG,raw,5,0
Wheat,ITM09830,KG,raw,0,0
Sugar,ITM09831,KG,raw,5,0
Flour,ITM09832,KG,raw,0,0
Rice,ITM09833,KG,raw,5,0
Flour,ITM09834,KG,raw,0,0
Wheat,ITM09835,KG,raw,0,0
Flour,ITM09836,KG,raw,0,0
Rice,ITM09837,KG,raw,5,0
Sugar,ITM09838,KG,raw,0,0
Rice,ITM09839,KG,raw,0,0
Wheat,ITM09840,KG,raw,5,0
Wheat,ITM09841,KG,raw,5,0
Sugar,ITM09842,KG,raw,0,0
Salt,ITM09843,KG,raw,0,0
Wheat,ITM09844,KG,raw,5,0
Rice,ITM09845,KG,raw,0,0
Salt,ITM09846,KG,raw,5,0
Oil,ITM09847,KG,raw,5,0
Wheat,ITM09848,KG,raw,5,0
Sugar,ITM09849,KG,raw,5,0
Salt,ITM09850,KG,raw,0,0
Flour,ITM09851,KG,raw,0,0
Rice,ITM09852,KG,raw,0,0
Oil,ITM09853,KG,raw,0,0
Flour,ITM09854,KG,raw,5,0
Wheat,ITM09855,KG,raw,0,0
Wheat,ITM09856,KG,raw,5,0
Salt,ITM09857,KG,raw,5,0
Wheat,ITM09858,KG,raw,0,0
Wheat,ITM09859,KG,raw,5,0
Wheat,ITM09860,KG,raw,5,0
Wheat,ITM09861,KG,raw,0,0
Oil,ITM09862,KG,raw,0,0
Sugar,ITM09863,KG,raw,5,0
Salt,ITM09864,KG,raw,0,0
Salt,ITM09865,KG,raw,0,0
Flour,ITM09866,KG,raw,0,0
Rice,ITM09867,KG,raw,0,0
Flour,ITM09868,KG,raw,5,0
Rice,ITM09869,KG,raw,5,0
Salt,ITM09870,KG,raw,0,0
Flour,ITM09871,KG,raw,0,0
Wheat,ITM09872,KG,raw,5,0
Sugar,ITM09873,KG,raw,5,0
Flour,ITM09874,KG,raw,5,0
Flour,ITM09875,KG,raw,0,0
Salt,ITM09876,KG,raw,5,0
Rice,ITM09877,KG,raw,5,0
Wheat,ITM09878,KG,raw,5,0
Sugar,ITM09879,KG,raw,0,0
Salt,ITM09880,KG,raw,0,0
Flour,ITM09881,KG,raw,0,0
Wheat,ITM09882,KG,raw,0,0
Flour,ITM09883,KG,raw,0,0
Salt,ITM09884,KG,raw,0,0
Rice,ITM09885,KG,raw,0,0
Sugar,ITM09886,KG,raw,5,0
Flour,ITM09887,KG,raw,5,0
Wheat,ITM09888,KG,raw,0,0
Salt,ITM09889,KG,raw,5,0
Flour,ITM09890,KG,raw,0,0
Oil,ITM09891,KG,raw,5,0
Oil,ITM09892,KG,raw,0,0
Wheat,ITM09893,KG,raw,5,0
Sugar,ITM09894,KG,raw,5,0
Wheat,ITM09895,KG,raw,5,0
Wheat,ITM09896,KG,raw,0,0
Flour,ITM09897,KG,raw,5,0
Rice,ITM09898,KG,raw,5,0
Wheat,ITM09899,KG,raw,5,0
Flour,ITM09900,KG,raw,5,0
Flour,ITM09901,KG,raw,5,0
Rice,ITM09902,KG,raw,0,0
Oil,ITM09903,KG,raw,5,0
Sugar,ITM09904,KG,raw,5,0
Oil,ITM09905,KG,raw,0,0
Wheat,ITM09906,KG,raw,0,0
Salt,ITM09907,KG,raw,0,0
Salt,ITM09908,KG,raw,0,0
Wheat,ITM09909,KG,raw,0,0
Wheat,ITM09910,KG,raw,5,0
Oil,ITM09911,KG,raw,5,0
Rice,ITM09912,KG,raw,0,0
Rice,ITM09913,KG,raw,5,0
Flour,ITM09914,KG,raw,0,0
Wheat,ITM09915,KG,raw,0,0
Oil,ITM09916,KG,raw,0,0
Flour,ITM09917,KG,raw,0,0
Sugar,ITM09918,KG,raw,5,0
Sugar,ITM09919,KG,raw,0,0
Sugar,ITM09920,KG,raw,0,0
Rice,ITM09921,KG,raw,5,0
Flour,ITM09922,KG,raw,0,0
Wheat,ITM09923,KG,raw,5,0
Rice,ITM09924,KG,raw,0,0
Oil,ITM09925,KG,raw,5,0
Oil,ITM09926,KG,raw,0,0
Oil,ITM09927,KG,raw,5,0
Rice,ITM09928,KG,raw,5,0
Wheat,ITM09929,KG,raw,5,0
Salt,ITM09930,KG,raw,0,0
Salt,ITM09931,KG,raw,0,0
Sugar,ITM09932,KG,raw,0,0
Wheat,ITM09933,KG,raw,5,0
Salt,ITM09934,KG,raw,0,0
Rice,ITM09935,KG,raw,0,0
Salt,ITM09936,KG,raw,0,0
Rice,ITM09937,KG,raw,5,0
Salt,ITM09938,KG,raw,0,0
Wheat,ITM09939,KG,raw,5,0
Wheat,ITM09940,KG,raw,5,0
Rice,ITM09941,KG,raw,0,0
Rice,ITM09942,KG,raw,0,0
Salt,ITM09943,KG,raw,5,0
Oil,ITM09944,KG,raw,5,0
Salt,ITM09945,KG,raw,0,0
Sugar,ITM09946,KG,raw,5,0
Salt,ITM09947,KG,raw,5,0
Oil,ITM09948,KG,raw,0,0
Sugar,ITM09949,KG,raw,5,0
Flour,ITM09950,KG,raw,0,0
Salt,ITM09951,KG,raw,5,0
Flour,ITM09952,KG,raw,0,0
Oil,ITM09953,KG,raw,5,0
Rice,ITM09954,KG,raw,0,0
Rice,ITM09955,KG,raw,5,0
Salt,ITM09956,KG,raw,5,0
Salt,ITM09957,KG,raw,5,0
Oil,ITM09958,KG,raw,5,0
Flour,ITM09959,KG,raw,5,0
Wheat,ITM09960,KG,raw,5,0
Flour,ITM09961,KG,raw,0,0
Flour,ITM09962,KG,raw,0,0
Flour,ITM09963,KG,raw,5,0
Oil,ITM09964,KG,raw,0,0
Sugar,ITM09965,KG,raw,5,0
Flour,ITM09966,KG,raw,5,0
Sugar,ITM09967,KG,raw,0,0
Salt,ITM09968,KG,raw,5,0
Oil,ITM09969,KG,raw,0,0
Flour,ITM09970,KG,raw,0,0
Rice,ITM09971,KG,raw,5,0
Rice,ITM09972,KG,raw,0,0
Salt,ITM09973,KG,raw,5,0
Wheat,ITM09974,KG,raw,5,0
Salt,ITM09975,KG,raw,5,0
Rice,ITM09976,KG,raw,5,0
Sugar,ITM09977,KG,raw,5,0
Salt,ITM09978,KG,raw,5,0
Wheat,ITM09979,KG,raw,5,0
Salt,ITM09980,KG,raw,5,0
Oil,ITM09981,KG,raw,0,0
Oil,ITM09982,KG,raw,0,0
Sugar,ITM09983,KG,raw,0,0
Salt,ITM09984,KG,raw,5,0
Oil,ITM09985,KG,raw,5,0
Salt,ITM09986,KG,raw,0,0
Flour,ITM09987,KG,raw,5,0
Flour,ITM09988,KG,raw,0,0
Sugar,ITM09989,KG,raw,0,0
Flour,ITM09990,KG,raw,0,0
Sugar,ITM09991,KG,raw,0,0
Rice,ITM09992,KG,raw,5,0
Sugar,ITM09993,KG,raw,5,0
Oil,ITM09994,KG,raw,0,0
Sugar,ITM09995,KG,raw,0,0
Wheat,ITM09996,KG,raw,5,0
Salt,ITM09997,KG,raw,5,0
Wheat,ITM09998,KG,raw,0,0
Oil,ITM09999,KG,raw,5,0
Flour,ITM10000,KG,raw,5,0
